episode,global_step,episode_reward,episode_length,epsilon,mean_loss,crashed
0,50030,21.72626221245845,30,0.40589375000000005,nan,0
1,50039,6.791053220695132,9,0.4057868750000001,nan,1
2,50057,13.257128699998367,18,0.405573125,nan,1
3,50070,10.806613640930774,13,0.40541875000000005,nan,1
4,50080,8.546420823772712,10,0.4053,nan,1
5,50110,22.894974741697517,30,0.40494375000000005,nan,1
6,50122,10.164748677587324,12,0.40480125,nan,1
7,50152,20.571645133062454,30,0.40444500000000005,1.281447376523699,0
8,50166,10.407254111741414,14,0.40427875,1.468461036682129,1
9,50196,21.287124868690345,30,0.4039225000000001,1.10451390594244,0
10,50226,22.27026338835884,30,0.40356625,1.4158034665243966,0
11,50256,22.484516915739718,30,0.40321000000000007,1.5280983746051788,0
12,50280,18.846625253922767,24,0.4029250000000001,1.158138021826744,1
13,50310,22.73070462334244,30,0.40256875000000003,1.4902044194085258,0
14,50312,0.9660165442504834,2,0.40254500000000004,1.7442433834075928,1
15,50342,23.30689211905344,30,0.40218875,1.308259299823216,0
16,50347,3.7923212284615007,5,0.402129375,1.4167397022247314,1
17,50377,21.722804261677343,30,0.40177312500000006,1.2781469374895096,0
18,50407,22.479291214111246,30,0.401416875,1.2350064516067505,0
19,50432,17.79711557468947,25,0.40112000000000003,1.3600010446139745,1
20,50459,19.67652344795847,27,0.40079937500000007,1.4889018336931865,1
21,50479,18.555374681150244,20,0.40056187499999996,1.1605519771575927,1
22,50509,22.526203500428657,30,0.400205625,0.9330983310937881,0
23,50517,6.3602206164278074,8,0.40011062499999994,1.532116413116455,1
24,50522,3.323863636363636,5,0.4000512500000001,1.1703215837478638,1
25,50545,21.9513344513375,23,0.399778125,1.413068691889445,1
26,50556,8.9974407664667,11,0.39964750000000004,1.4074616432189941,1
27,50586,22.869051860326703,30,0.39929125,1.2710159591266088,0
28,50591,3.764141156259206,5,0.399231875,1.0002480745315552,1
29,50621,24.68482139157201,30,0.39887562500000007,1.2918884679675102,0
30,50651,23.268834636703208,30,0.398519375,1.2369481325149536,0
31,50663,10.752219863831295,12,0.3983768750000001,1.37371822198232,1
32,50693,24.373445530963952,30,0.398020625,1.0715521574020386,0
33,50723,21.928607188444786,30,0.39766437499999996,1.465214627129691,0
34,50730,5.959013234599721,7,0.39758125,1.3252804279327393,1
35,50760,24.413938794136378,30,0.39722500000000005,1.2479351162910461,0
36,50777,12.064439972515434,17,0.39702312500000003,1.5716428458690643,1
37,50787,8.951087928388034,10,0.396904375,1.3024523258209229,1
38,50817,22.949079547569877,30,0.39654812500000003,1.489231526851654,0
39,50847,24.22359318813744,30,0.3961918750000001,1.3490962811878748,1
40,50860,8.934992084927176,13,0.39603750000000004,1.264272317290306,1
41,50890,24.21557586555218,30,0.39568125,1.0331208748476846,0
42,50897,5.1663166255925805,7,0.395598125,1.475063681602478,1
43,50922,21.986633316734572,25,0.39530125000000005,1.6959346135457356,1
44,50942,16.837021171346947,20,0.39506375000000005,1.5025165796279907,1
45,50949,4.96946271947945,7,0.3949806250000001,1.820497751235962,1
46,50979,22.40011960183898,30,0.394624375,1.5561804345675878,0
47,50990,9.587464272359917,11,0.39449375,1.6477615435918171,1
48,51010,17.644679979107647,20,0.3942562500000001,1.3856143951416016,1
49,51027,13.614944486568302,17,0.39405437500000007,1.4349315464496613,1
50,51049,20.739835979386413,22,0.3937931250000001,1.4160428245862324,1
51,51058,6.268340918914764,9,0.39368625,1.5118547677993774,1
52,51088,23.71064217155866,30,0.39333000000000007,1.2578460797667503,0
53,51094,4.672290943960022,6,0.39325875,0.9705195426940918,1
54,51104,8.918344622131233,10,0.39314000000000004,1.0052315791447957,1
55,51116,10.786211803153073,12,0.3929975,1.7810216347376506,1
56,51130,12.754218312548113,14,0.39283124999999997,1.7528831164042156,1
57,51147,14.794979621454068,17,0.39262937500000006,1.6605950891971588,1
58,51177,23.49897410487379,30,0.392273125,1.149785578250885,0
59,51207,23.026686948860572,30,0.39191687500000005,1.5670129231044225,0
60,51226,16.994554055052866,19,0.39169125000000005,1.6219783544540405,1
61,51239,8.728580094114413,13,0.391536875,1.253011663754781,1
62,51263,19.169628066681188,24,0.391251875,1.4079229533672333,1
63,51274,9.426553271760605,11,0.3911212500000001,1.5154542128245037,1
64,51304,24.981467898304516,30,0.39076500000000003,1.2894207835197449,0
65,51306,0.8496688366553268,2,0.39074125000000004,nan,1
66,51336,21.926252806958345,30,0.390385,1.3166420459747314,0
67,51342,4.757953414991336,6,0.39031375,0.6261147260665894,1
68,51372,24.221496339442133,30,0.38995750000000007,1.425517499446869,0
69,51383,8.046980311534135,11,0.389826875,1.0702083706855774,1
70,51402,14.986332275572181,19,0.38960125,1.701920711994171,1
71,51432,22.628950632709063,30,0.38924499999999995,0.9639590233564377,0
72,51445,10.249987667855486,13,0.389090625,1.3637782335281372,1
73,51450,3.560246286141126,5,0.38903125000000005,0.9447180032730103,1
74,51464,10.796292854075025,14,0.388865,1.4439356327056885,1
75,51478,10.955256991394275,14,0.38869875,1.4580802122751872,1
76,51485,5.557244124520066,7,0.388615625,1.1450152099132538,1
77,51488,1.7671529078868469,3,0.38858000000000004,1.316237211227417,1
78,51504,12.003995240422194,16,0.38839,1.80313378572464,1
79,51509,3.0829916301590727,5,0.38833062500000004,1.3673747777938843,1
80,51533,22.353780624621375,24,0.38804562500000006,1.461702009042104,1
81,51541,6.559450017505153,8,0.3879506250000001,1.6420441269874573,1
82,51571,25.496899382015528,30,0.38759437500000005,1.1577099221093314,1
83,51582,9.944762671145167,11,0.38746375,0.7852215965588888,1
84,51587,3.9590471683324666,5,0.387404375,1.6482422351837158,1
85,51612,20.56647508544996,25,0.38710750000000005,1.548931896686554,1
86,51616,2.566053658965085,4,0.38706000000000007,1.58049476146698,1
87,51626,8.959012218924851,10,0.38694125,1.9760103821754456,1
88,51629,1.9602091714909529,3,0.38690562500000003,1.346443772315979,1
89,51648,17.158434230474924,19,0.38668,1.6416915774345398,1
90,51677,25.815709735139034,29,0.38633562500000007,1.4495555332728796,1
91,51681,2.7591154181621453,4,0.3862881250000001,1.7220468521118164,1
92,51686,3.9571975996624404,5,0.3862287500000001,1.4474425315856934,1
93,51705,17.55905180802724,19,0.3860031250000001,1.2736046493053437,1
94,51709,3.0775205039071256,4,0.385955625,1.765238642692566,1
95,51723,12.752100355416738,14,0.385789375,1.6158798933029175,1
96,51731,5.797087317197642,8,0.38569437500000003,0.9896925389766693,1
97,51761,22.83236734501574,30,0.3853381250000001,1.6019472032785416,0
98,51764,1.5974290027069835,3,0.3853025,1.260901689529419,1
99,51775,8.442539220501542,11,0.38517187500000005,1.4365689754486084,1
100,51793,15.761562919874379,18,0.38495812500000004,1.0297778367996215,1
101,51801,6.589598264888058,8,0.384863125,1.1664789915084839,1
102,51831,22.752764444895277,30,0.384506875,1.6442051785332816,0
103,51861,21.45360571476265,30,0.3841506250000001,1.5128280371427536,0
104,51868,5.355113661734267,7,0.3840675,1.684150218963623,1
105,51878,7.605723437506425,10,0.38394875000000006,1.3542008996009827,1
106,51885,5.199298758083539,7,0.383865625,1.901071548461914,1
107,51891,3.8470888157810412,6,0.383794375,1.8419325351715088,1
108,51898,5.202272684656541,7,0.38371125000000006,1.793547809123993,1
109,51928,21.918090545071053,30,0.383355,1.291797686368227,0
110,51941,10.460767396129603,13,0.3832006250000001,1.6140627066294353,1
111,51957,13.511960212099366,16,0.38301062499999994,1.2981133162975311,1
112,51978,19.34488696581429,21,0.38276125000000005,1.358057165145874,1
113,51988,6.809288710279526,10,0.3826425,1.9453166325887044,1
114,51999,9.392325262992886,11,0.38251187499999995,1.823726773262024,1
115,52002,1.7671529078868469,3,0.3824762500000001,1.2300477027893066,1
116,52032,26.20267544114637,30,0.38212,1.6752622574567795,0
117,52040,6.953729568361608,8,0.38202500000000006,1.362790584564209,1
118,52054,12.071060717991694,14,0.38185875,1.6362245082855225,1
119,52084,22.112769525882385,30,0.38150249999999997,1.5238502621650696,0
120,52114,28.076497586639405,30,0.38114625,1.3671077064105444,0
121,52122,6.756069196779635,8,0.38105125000000006,1.7533259391784668,1
122,52152,23.38153052465617,30,0.380695,1.3451641127467155,0
123,52182,21.320683008728366,30,0.38033874999999995,1.3949262670108251,0
124,52205,20.792867607637287,23,0.38006562499999996,1.8403969407081604,1
125,52235,27.201795039559077,30,0.3797093750000001,1.6911656515938895,0
126,52243,6.791336575372129,8,0.37961437499999995,1.7473477125167847,1
127,52273,27.083940716898766,30,0.3792581250000001,1.7812724858522415,0
128,52284,9.556258210737168,11,0.37912750000000006,1.6857943534851074,1
129,52298,12.161707352334192,14,0.37896125,1.3635067145029705,1
130,52308,7.650933447986656,10,0.37884249999999997,1.2763063708941143,1
131,52316,6.2043460355455435,8,0.3787475,1.3638741374015808,1
132,52335,13.184055301653357,19,0.378521875,1.6005538702011108,1
133,52350,10.801430034000822,15,0.37834375,1.0792014300823212,1
134,52360,8.352070680010266,10,0.37822500000000003,1.0646212697029114,1
135,52390,22.6777405662382,30,0.3778687500000001,1.4225398557526725,0
136,52420,25.92765354481442,30,0.37751250000000003,2.072878420352936,0
137,52442,14.75245280196562,22,0.37725125000000004,1.9273701429367065,1
138,52460,16.359491623497593,18,0.3770375,1.2317587614059449,1
139,52462,1.1985551664893401,2,0.37701375000000004,nan,1
140,52472,7.053706492719036,10,0.376895,1.815097689628601,1
141,52479,5.2480871500592565,7,0.37681187500000013,2.3823766708374023,1
142,52496,15.950283867547858,17,0.37661,1.6269900321960449,1
143,52508,10.754601297664381,12,0.37646750000000007,1.8658479849497478,1
144,52511,1.9602091714909529,3,0.37643187499999997,nan,1
145,52514,1.7671529078868469,3,0.37639625,1.3171210289001465,1
146,52544,22.744828148103913,30,0.37603999999999993,1.3485567569732666,0
147,52550,4.794138006529757,6,0.3759687500000001,1.0385935306549072,1
148,52566,14.747927922166387,16,0.37577875000000005,2.2368687093257904,1
149,52587,19.752502852215557,21,0.37552937500000005,1.7892383337020874,1
150,52617,27.680782716184762,30,0.375173125,1.6844060570001602,0
151,52647,25.56538463188266,30,0.37481687499999994,1.463953971862793,0
152,52659,9.090720695767795,12,0.374674375,1.6282294193903606,1
153,52668,6.55902673409998,9,0.37456750000000005,1.588558832804362,1
154,52675,5.003276614033397,7,0.374484375,1.9228483438491821,1
155,52705,22.28191834999393,30,0.37412812500000003,1.450973518192768,0
156,52732,20.2801434350768,27,0.37380750000000007,1.7011859587260656,1
157,52745,9.71964892861036,13,0.37365312500000003,1.688605507214864,1
158,52756,9.556741314478746,11,0.3735225000000001,1.4085889259974163,1
159,52764,6.597106987924745,8,0.3734275,1.5329073071479797,1
160,52794,21.963638513850636,30,0.3730712500000001,1.8599500145230974,0
161,52806,10.154180003022251,12,0.37292875000000003,1.7104600071907043,1
162,52812,3.999001107762196,6,0.37285750000000006,1.0376100540161133,1
163,52816,2.5990593639587067,4,0.37281,1.79970383644104,1
164,52846,20.89297209270386,30,0.37245375000000003,1.5178269147872925,0
165,52861,11.609646702237919,15,0.372275625,1.5140122175216675,1
166,52891,25.525650092373553,30,0.37191937499999994,1.4802238600594657,0
167,52903,10.319904607269981,12,0.371776875,1.7987406253814697,1
168,52928,22.15659659325117,25,0.37148000000000003,1.5752602985927038,1
169,52958,27.92034251731071,30,0.3711237500000001,1.5079070670264108,0
170,52988,21.56063752465834,30,0.3707675,1.7234222441911697,0
171,52996,6.995347835334869,8,0.37067250000000007,1.1525115668773651,1
172,53016,17.759481008143478,20,0.37043500000000007,1.4407201051712035,1
173,53020,2.5682892715232106,4,0.3703875000000001,1.6740171909332275,1
174,53036,13.597204569504965,16,0.37019749999999996,1.9645618796348572,1
175,53063,19.03370954357783,27,0.369876875,2.0654557943344116,1
176,53078,10.94137653744433,15,0.36969874999999996,2.0262462198734283,1
177,53087,7.950044339512415,9,0.369591875,1.6251821517944336,1
178,53093,3.994602691890366,6,0.36952062499999994,1.9172815680503845,1
179,53113,16.16127326476904,20,0.36928312500000005,1.747885799407959,1
180,53140,21.3464627067601,27,0.36896249999999997,1.7490358012063163,1
181,53156,14.754218244098046,16,0.36877250000000006,1.8356298208236694,1
182,53167,9.205166183672086,11,0.368641875,1.4832602143287659,1
183,53197,21.604036746659656,30,0.36828562500000006,1.8474767208099365,0
184,53216,15.76384264042066,19,0.36806000000000005,1.7916398525238038,1
185,53220,2.4481925525405246,4,0.3680125000000001,0.8511231541633606,1
186,53234,12.953197224212248,14,0.36784625000000004,1.9704904953638713,1
187,53246,9.761951711530761,12,0.36770375,1.1968510548273723,1
188,53252,4.367158264034294,6,0.36763250000000003,2.297063648700714,1
189,53282,26.161033941983035,30,0.3672762500000001,1.7817863821983337,0
190,53292,7.756030853170538,10,0.3671575,2.1181329091389975,1
191,53312,18.97832684181643,20,0.36692,1.6025381326675414,1
192,53326,12.951610098320044,14,0.36675375,1.3205700715382893,1
193,53336,7.323592783193787,10,0.36663500000000004,1.3951629400253296,1
194,53339,1.5982070401394535,3,0.36659937500000006,nan,1
195,53352,10.599402134125672,13,0.366445,1.4826436936855316,1
196,53361,7.9534726361196135,9,0.36633812500000007,2.3649052381515503,1
197,53365,3.273554176696855,4,0.366290625,1.8842871189117432,1
198,53374,7.551142120819977,9,0.36618375000000003,1.9181303977966309,1
199,53404,25.289384321674405,30,0.3658275000000001,1.529528871178627,0
200,53417,11.358466908806351,13,0.36567312500000004,1.545332908630371,1
201,53447,26.83424386085929,30,0.3653168750000001,1.707761023725782,0
202,53477,29.7469306165861,30,0.36496062500000004,1.5453657284379005,0
203,53480,1.7953289908768333,3,0.36492500000000005,2.261075973510742,1
204,53510,21.60694403253931,30,0.36456875,1.8108621154512679,0
205,53524,11.474288143306989,14,0.36440249999999996,1.0774851590394974,1
206,53539,13.051456308054851,15,0.36422437500000004,1.9339540402094524,1
207,53559,17.036874481887505,20,0.36398687500000004,1.2557123064994813,1
208,53589,27.95091254988653,30,0.363630625,1.7071923092007637,0
209,53594,2.9636735340394504,5,0.36357125,1.4718799591064453,1
210,53606,10.003457325172503,12,0.3634287500000001,1.6300379435221355,1
211,53620,11.992758206009206,14,0.36326250000000004,1.3389483392238617,1
212,53650,21.516857271465312,30,0.36290625,1.6113489695957728,0
213,53658,6.957171472012259,8,0.36281125000000003,2.163920044898987,1
214,53670,10.790167348967353,12,0.36266875,1.5028688112894695,1
215,53700,22.44043252288045,30,0.36231250000000004,1.8484719693660736,1
216,53719,17.553798338764473,19,0.36208687500000003,1.7689914405345917,1
217,53721,1.2765543816746459,2,0.36206312500000004,1.3943171501159668,1
218,53730,7.359528753981515,9,0.36195625,1.603932499885559,1
219,53760,21.68260196958077,30,0.36160000000000003,1.3702844083309174,0
220,53765,3.9572014196905787,5,0.36154062500000006,1.8221492767333984,1
221,53776,7.610209631461939,11,0.36141,1.2113839586575825,1
222,53788,10.795326182531465,12,0.3612675000000001,1.4772547284762065,1
223,53799,8.407153147789256,11,0.361136875,1.7870678901672363,1
224,53829,27.9254725710665,30,0.36078062499999997,1.5584901869297028,0
225,53838,7.75210161005828,9,0.36067375,2.387470841407776,1
226,53861,20.562694836927022,23,0.36040062500000003,1.753171573082606,1
227,53891,28.5941475135977,30,0.3600443750000001,1.9184229714529855,0
228,53921,21.595074935070535,30,0.359688125,1.6335157006978989,1
229,53943,19.45047247667596,22,0.35942687500000003,1.9791345357894898,1
230,53946,1.9602091714909529,3,0.35939125000000005,1.235307216644287,1
231,53957,8.970536330335031,11,0.3592606250000001,1.8702990611394246,1
232,53968,9.589109120277357,11,0.35913000000000006,1.7448101838429768,1
233,53990,17.1595107158453,22,0.35886875000000007,1.5719945311546326,1
234,53999,6.405010393097935,9,0.3587618750000001,1.1445542871952057,1
235,54029,26.249449777395217,30,0.35840562500000006,1.8656724989414215,0
236,54035,4.161234279082892,6,0.358334375,1.1369874477386475,1
237,54065,25.996920144175792,30,0.35797812500000004,1.3468332439661026,0
238,54074,8.119693574541277,9,0.3578712500000001,1.541401207447052,1
239,54104,26.374478975849886,30,0.357515,1.6032196134328842,0
240,54115,9.55922442069988,11,0.357384375,1.6130890250205994,1
241,54134,15.839607170443653,19,0.35715874999999997,1.532794177532196,1
242,54139,3.9572014196905787,5,0.357099375,1.6378835439682007,1
243,54169,26.400975998829427,30,0.35674312500000005,1.7488975897431374,1
244,54199,23.661061870859218,30,0.356386875,1.2746894700186593,0
245,54229,27.8744234506689,30,0.35603062500000004,1.5007119104266167,0
246,54236,5.596975157986355,7,0.3559475,2.110408663749695,1
247,54246,8.957162630788783,10,0.35582875,1.4243866205215454,1
248,54264,15.551892240538919,18,0.355615,1.558960247039795,1
249,54271,5.756083536302313,7,0.35553187500000005,1.0246033668518066,1
250,54301,20.65339098967278,30,0.355175625,1.8419806361198425,0
251,54307,4.9555893528467045,6,0.355104375,1.3759691715240479,1
252,54312,3.555800892602484,5,0.35504500000000005,1.9508224129676819,1
253,54327,12.488645587903658,15,0.354866875,2.027236898740133,1
254,54337,8.955304501789385,10,0.3547481250000001,1.9232665697733562,1
255,54366,22.226835870659173,29,0.35440375,1.3311877761568343,1
256,54393,23.085564771670008,27,0.35408312500000005,1.243211371558053,1
257,54419,17.91042647324557,26,0.353774375,1.9297733902931213,1
258,54433,11.752042898948138,14,0.35360812500000005,1.7289581596851349,1
259,54463,23.539117344725703,30,0.353251875,1.6378610985619682,0
260,54466,1.9851664053911855,3,0.35321625,1.91225266456604,1
261,54476,7.657298457988423,10,0.35309749999999995,1.5731627543767293,1
262,54506,27.560929701091457,30,0.3527412500000001,1.9340849944523402,0
263,54513,5.955575835265498,7,0.35265812500000004,1.547696828842163,1
264,54543,28.995828808712893,30,0.352301875,1.3659074476787023,0
265,54547,2.989438229736234,4,0.352254375,1.6434684991836548,1
266,54550,1.9602091714909529,3,0.35221875,2.0483109951019287,1
267,54561,8.998851449109535,11,0.352088125,1.5117708444595337,1
268,54569,6.9513807685696705,8,0.351993125,2.083341360092163,1
269,54580,9.783176675774467,11,0.35186249999999997,1.5116411646207173,1
270,54599,16.680017437173593,19,0.35163687499999996,1.148818925023079,1
271,54624,18.061905228630035,25,0.3513400000000001,1.2980055127825056,1
272,54632,5.227600650075395,8,0.35124500000000003,1.2328593730926514,1
273,54642,7.877356987604342,10,0.3511262500000001,1.7316064834594727,1
274,54671,21.007513207326408,29,0.350781875,1.8302750757762365,1
275,54684,11.00840576433987,13,0.3506275000000001,2.1877470910549164,1
276,54714,25.443476960986004,30,0.35027125000000003,1.7229220526559013,0
277,54721,5.556462917330285,7,0.35018812499999996,1.6027454137802124,1
278,54733,9.395301682995523,12,0.350045625,1.8767906427383423,1
279,54741,5.797134805185886,8,0.34995062500000007,1.1006923913955688,1
280,54749,6.209159574218015,8,0.349855625,1.563980221748352,1
281,54768,15.529440743879421,19,0.34963,1.412917423248291,1
282,54775,5.955048838559909,7,0.34954687500000003,0.8708865642547607,1
283,54787,10.552280857037067,12,0.349404375,1.7347267071406047,1
284,54797,9.114983916894559,10,0.34928562500000004,1.5928862889607747,1
285,54816,17.315471914071264,19,0.34906000000000004,1.3961204051971436,1
286,54846,26.29274650235219,30,0.34870375,1.8274144956043787,0
287,54858,10.450799867048268,12,0.34856125000000004,1.9256989161173503,1
288,54873,11.405171708362053,15,0.348383125,1.9446731507778168,1
289,54894,19.95027647416891,21,0.34813375,1.9207324743270875,1
290,54924,29.140138928555604,30,0.3477775000000001,1.4484976530075073,0
291,54935,9.361188557079297,11,0.347646875,1.310111165046692,1
292,54950,13.152725522161855,15,0.34746875,1.9764234721660614,1
293,54980,22.59881015750458,30,0.34711250000000005,2.2945976480841637,0
294,54984,2.9592167598122607,4,0.34706499999999996,1.5928572416305542,1
295,54995,9.95531170977088,11,0.346934375,2.4966208934783936,1
296,55003,6.957171472012259,8,0.34683937500000006,2.1394506692886353,1
297,55025,15.942157616949725,22,0.34657812499999996,1.761561135450999,1
298,55029,2.9592167598122607,4,0.346530625,1.8295199871063232,1
299,55059,28.19437921946503,30,0.34617437500000003,1.5405131322996957,0
300,55089,23.66871322700287,30,0.3458181250000001,1.7317356765270233,0
301,55119,25.405736579463998,30,0.34546187500000003,1.4069056936672755,0
302,55132,11.551391606246046,13,0.3453075,2.0832627415657043,1
303,55145,11.211231668993426,13,0.34515312500000006,1.9340643485387166,1
304,55157,10.955312320709684,12,0.345010625,1.8912007013956706,1
305,55177,18.74573272213859,20,0.3447731250000001,2.001843285560608,1
306,55198,17.019269216573647,21,0.34452375,2.100920057296753,1
307,55204,4.35428208612619,6,0.34445249999999994,1.1836260259151459,1
308,55218,12.750274972244839,14,0.34428625,1.894577940305074,1
309,55246,20.560866662244354,28,0.34395374999999995,1.6248893737792969,1
310,55250,3.123423724599727,4,0.34390624999999997,1.723300576210022,1
311,55258,6.557392374155814,8,0.34381125,1.6558110117912292,1
312,55288,24.41800560383301,30,0.34345499999999995,1.7592546194791794,0
313,55294,4.0056818181818175,6,0.3433837500000001,1.162813425064087,1
314,55321,22.004271512560553,27,0.343063125,1.8056367806025915,1
315,55331,8.358384347959408,10,0.34294437499999997,1.9382362961769104,1
316,55357,22.157765131025883,26,0.342635625,1.7197811433247157,1
317,55387,26.95676263746923,30,0.34227937499999994,1.6180670346532549,0
318,55417,22.157769417621978,30,0.3419231250000001,1.8462959825992584,0
319,55447,27.247542197324265,30,0.34156687500000005,1.4289434722491674,0
320,55458,9.202494497524699,11,0.34143625,2.3732200860977173,1
321,55476,16.430482911894018,18,0.3412225,1.9491912364959716,1
322,55479,1.9200125528231267,3,0.341186875,nan,1
323,55491,10.581979420081417,12,0.34104437500000007,1.4353795250256856,1
324,55519,25.952451942757776,28,0.340711875,1.0921780339309148,1
325,55544,23.550194732546192,25,0.340415,2.3570414781570435,1
326,55547,1.8497902778011344,3,0.34037937499999993,nan,1
327,55561,11.3596723330648,14,0.340213125,1.6078988313674927,1
328,55569,6.358375769676713,8,0.34011812500000005,1.886574149131775,1
329,55578,6.87945751979978,9,0.34001125,1.8252963423728943,1
330,55584,4.957177290232426,6,0.33994,1.921110987663269,1
331,55598,12.204510500048126,14,0.33977375,1.709632674853007,1
332,55628,24.891351079693944,30,0.33941750000000004,1.7407632619142532,0
333,55640,8.769514470004681,12,0.339275,1.462050159772237,1
334,55663,19.16956904504931,23,0.339001875,1.8574222087860108,1
335,55674,9.786879773117564,11,0.33887125000000007,1.9340195258458455,1
336,55687,11.392051526088805,13,0.33871687500000003,1.535285194714864,1
337,55696,7.39099927941528,9,0.33860999999999997,1.8911606470743816,1
338,55713,14.803471059649747,17,0.33840812500000006,1.7700222730636597,1
339,55722,7.395200835693216,9,0.3383012500000001,1.931497037410736,1
340,55744,16.106884796574402,22,0.33804,1.7569596668084462,1
341,55766,16.891777138440904,22,0.33777875,1.47088680267334,1
342,55796,27.487202521731742,30,0.33742250000000007,1.9238874018192291,0
343,55821,20.163489447636405,25,0.3371256250000001,1.5282121102015178,1
344,55840,14.188584678448168,19,0.3369000000000001,2.440841722488403,1
345,55846,4.8517260963755415,6,0.33682875,2.0473885536193848,1
346,55860,12.949507861846419,14,0.3366625,1.4280584752559662,1
347,55886,24.747470762266907,26,0.3363537500000001,1.7188898126284282,1
348,55896,6.685922021728331,10,0.33623500000000006,1.6765649318695068,1
349,55906,9.273481318748999,10,0.33611625,1.672957718372345,1
350,55916,8.583144002237553,10,0.33599750000000006,1.6829665899276733,1
351,55923,5.849494878123274,7,0.3359143750000001,2.003192663192749,1
352,55943,14.545913635559463,20,0.3356768750000001,1.8956552505493165,1
353,55962,14.332246718345775,19,0.3354512500000001,1.6541335344314576,1
354,55992,27.38798347879668,30,0.33509500000000003,1.3127767220139503,0
355,56016,21.292090320081527,24,0.33480999999999994,1.4510466357072194,1
356,56046,22.077345995158964,30,0.3344537500000001,1.4104919305869512,0
357,56076,27.562251043661263,30,0.33409750000000005,1.6183192655444145,0
358,56081,3.276053407425823,5,0.33403812499999996,1.3245203495025635,1
359,56090,7.753964241045095,9,0.33393125,1.0772580802440643,1
360,56104,11.755931042818887,14,0.333765,1.9365075528621674,1
361,56121,15.993497162654265,17,0.33356312500000007,1.5708038806915283,1
362,56136,13.559949640512531,15,0.33338500000000004,1.8230146616697311,1
363,56166,25.939479897135097,30,0.33302875,1.9937760489327567,0
364,56185,15.962853584521389,19,0.332803125,1.8032407999038695,1
365,56198,11.008585283043026,13,0.33264875000000005,1.3079336881637573,1
366,56215,12.286189868217331,17,0.33244687500000003,1.3732962012290955,1
367,56237,16.234653499014062,22,0.33218562500000004,1.6290389994780223,1
368,56251,12.555760010430777,14,0.332019375,1.9830156564712524,1
369,56256,3.9553723585150364,5,0.33196000000000003,1.725361943244934,1
370,56262,4.983292522841465,6,0.33188875000000007,2.5481178760528564,1
371,56289,22.383733495834445,27,0.3315681250000001,1.7407861862863814,1
372,56292,2.0754725385630346,3,0.3315325,1.9683119058609009,1
373,56311,15.878548440264368,19,0.331306875,1.9787280559539795,1
374,56341,21.771741894167263,30,0.33095062500000005,2.1002031788229942,0
375,56352,9.15912350894751,11,0.33082,1.6137813727060955,1
376,56357,3.3172291155748757,5,0.33076062500000003,0.6503002643585205,1
377,56371,12.752104132213159,14,0.330594375,2.0925029118855796,1
378,56401,29.340918645427674,30,0.33023812499999994,1.2746894508600235,0
379,56417,12.484331981626209,16,0.330048125,2.1064124703407288,1
380,56431,12.948406797543951,14,0.3298818750000001,1.707026223341624,1
381,56438,5.369391701426829,7,0.32979875000000003,2.2656819820404053,1
382,56449,9.386598398150754,11,0.3296681250000001,2.0426042874654136,1
383,56457,6.570527625432617,8,0.329573125,0.835321307182312,1
384,56468,9.589864669376746,11,0.3294425000000001,1.8528496821721394,1
385,56473,3.9571975996624404,5,0.329383125,2.277269124984741,1
386,56499,23.01524573800939,26,0.32907437500000003,1.584703117609024,1
387,56514,11.531696539444646,15,0.3288962500000001,2.0545974373817444,1
388,56525,9.557581342992602,11,0.32876562500000006,2.1551195780436196,1
389,56528,1.6000542239715385,3,0.3287300000000001,2.020737648010254,1
390,56558,28.78518031028465,30,0.32837375,1.4708481856754847,0
391,56566,7.277194061821911,8,0.32827875000000006,1.7534033060073853,1
392,56585,17.071775065172982,19,0.32805312500000006,2.0756712913513184,1
393,56605,15.856747944586862,20,0.32781562500000005,1.7353793382644653,1
394,56634,26.19754753424003,29,0.32747125,2.246152571269444,1
395,56651,15.152252097557417,17,0.3272693750000001,1.9975250661373138,1
396,56664,9.884308065314267,13,0.32711500000000004,1.526503473520279,1
397,56672,5.765058972066405,8,0.32702,1.7821632027626038,1
398,56688,12.349353278067607,16,0.32683000000000006,2.003682255744934,1
399,56698,6.926741201443738,10,0.32671125,2.3510135412216187,1
400,56713,12.201917878528036,15,0.3265331250000001,1.394597202539444,1
401,56719,5.195799762462863,6,0.326461875,1.7085728645324707,1
402,56726,4.6921976165664825,7,0.32637875000000005,2.7996628284454346,1
403,56742,13.682175247023626,16,0.32618875,1.7636799812316895,1
404,56758,14.360185836749757,16,0.3259987500000001,1.987408071756363,1
405,56770,10.913455167604432,12,0.32585625000000007,1.8378159602483113,1
406,56773,1.9875621172107356,3,0.3258206250000001,1.494126796722412,1
407,56788,13.153462179780178,15,0.32564250000000006,1.705971360206604,1
408,56794,4.7601835319688295,6,0.32557125,2.032410144805908,1
409,56824,29.145604680552275,30,0.32521500000000003,2.0246666371822357,0
410,56845,15.464470353128624,21,0.32496562500000004,1.9662601947784424,1
411,56856,9.157887086283663,11,0.324835,2.3513005574544272,1
412,56863,5.994705705631865,7,0.324751875,1.8443082571029663,1
413,56886,21.745629692736916,23,0.32447875000000004,1.8579862713813782,1
414,56894,6.589323046896605,8,0.3243837500000001,1.4367432594299316,1
415,56907,8.748147431535479,13,0.32422937500000004,2.363137682278951,1
416,56922,13.951621991121662,15,0.32405125,1.6426364183425903,1
417,56937,13.559054824151445,15,0.3238731250000001,1.7521238327026367,1
418,56967,21.318653903052525,30,0.32351687500000004,1.7607081958225794,0
419,56997,25.004656474289273,30,0.323160625,1.7179575264453888,0
420,57006,6.967583094057,9,0.32305375000000003,1.579341173171997,1
421,57032,22.20433437338473,26,0.32274500000000006,1.9305040751184737,1
422,57052,16.76574354406496,20,0.32250750000000006,1.53196679353714,1
423,57064,9.295514636655529,12,0.322365,1.9976356824239094,1
424,57074,8.784887850141036,10,0.32224625000000007,2.1084694862365723,1
425,57093,16.954363794175766,19,0.32202062500000006,1.3538644313812256,1
426,57099,4.359537772835216,6,0.321949375,0.8807294368743896,1
427,57102,1.9583725634928275,3,0.32191375,2.396540403366089,1
428,57109,5.78446518287617,7,0.32183062500000004,1.9865946769714355,1
429,57133,21.474718820353573,24,0.32154562499999995,2.16434911886851,1
430,57162,26.072859602071755,29,0.3212012500000001,1.8305610929216658,1
431,57172,8.754205814566358,10,0.32108250000000005,1.2442211111386616,1
432,57188,14.713267919238744,16,0.3208925,1.5099072381854057,1
433,57196,6.748157928375819,8,0.32079750000000007,1.384710818529129,1
434,57202,3.995322907632511,6,0.32072625,2.035343885421753,1
435,57223,18.951405455713346,21,0.3204768750000001,2.2183865308761597,1
436,57232,6.805306750439396,9,0.32037000000000004,1.2038604617118835,1
437,57238,4.561489487084988,6,0.3202987500000001,1.5472495555877686,1
438,57248,8.757918490298962,10,0.32018,1.7744395732879639,1
439,57258,7.480383478982527,10,0.3200612500000001,0.5646109879016876,1
440,57281,20.967232068935342,23,0.319788125,2.087780217329661,1
441,57303,18.605019429893193,22,0.3195268750000001,1.6462515950202943,1
442,57317,11.779112592098558,14,0.31936062500000006,1.813361018896103,1
443,57333,14.01107727113858,16,0.31917062500000004,1.6333270072937012,1
444,57340,5.872757397859845,7,0.3190875000000001,1.0774354934692383,1
445,57344,2.759508927129191,4,0.31904,1.824171781539917,1
446,57347,1.9583725634928275,3,0.319004375,nan,1
447,57356,7.353074191507049,9,0.31889750000000006,2.1743765672047934,1
448,57373,14.678226665002068,17,0.31869562500000004,2.234416037797928,1
449,57384,7.726652421020555,11,0.318565,1.5868503252665203,1
450,57400,12.865233507186469,16,0.31837499999999996,2.0913790464401245,1
451,57409,7.9590122436400925,9,0.318268125,1.1111235618591309,1
452,57413,2.9592167598122607,4,0.31822062500000003,1.647668480873108,1
453,57421,6.760177733093146,8,0.3181256250000001,1.9136772155761719,1
454,57443,18.757702675591005,22,0.3178643750000001,1.452481245994568,1
455,57473,24.32984666585818,30,0.31750812500000003,1.603323757648468,0
456,57498,22.758161218576557,25,0.31721125000000006,1.7118779222170513,1
457,57507,7.557422559990455,9,0.317104375,1.2956318855285645,1
458,57520,10.157477607211481,13,0.31695000000000007,2.1095068752765656,1
459,57550,26.134041631909348,30,0.31659375,1.6408658197947912,0
460,57562,10.955047541446113,12,0.3164512500000001,2.421966552734375,1
461,57575,11.953724462669381,13,0.31629687500000003,2.2982686360677085,1
462,57579,2.759508927129191,4,0.31624937500000005,1.6679999828338623,1
463,57609,25.58470011240436,30,0.315893125,1.878481488674879,0
464,57628,17.18896871693314,19,0.3156675,1.9916706085205078,1
465,57649,19.955316160036276,21,0.315418125,1.9257201671600341,1
466,57654,3.197436469305744,5,0.31535875,3.0023443698883057,1
467,57683,25.726829523801758,29,0.31501437500000007,2.2524358885628835,1
468,57696,10.80747696880202,13,0.31486000000000003,1.606209397315979,1
469,57718,19.57613062206392,22,0.31459875000000004,1.9873781681060791,1
470,57723,3.998811416031204,5,0.31453937499999995,1.7623705863952637,1
471,57753,28.783850875902814,30,0.3141831250000001,2.0493551045656204,0
472,57766,11.447756671958084,13,0.31402874999999997,1.6578936179478962,1
473,57776,8.43969465588588,10,0.31391,2.1335724194844565,1
474,57789,11.758467847821981,13,0.313755625,1.7050486008326213,1
475,57798,7.176710227740993,9,0.31364875000000003,1.9935731887817383,1
476,57821,21.18093455138266,23,0.31337562500000005,1.7379139463106792,1
477,57831,7.2198039068548585,10,0.313256875,1.8586686849594116,1
478,57849,15.956164445658873,18,0.313043125,1.5001475811004639,1
479,57867,15.156194663830501,18,0.3128293750000001,1.9423580467700958,1
480,57886,17.159096850102607,19,0.31260375000000007,1.9979894876480102,1
481,57899,11.876406995560064,13,0.31244937500000003,2.4365039666493735,1
482,57915,14.951621909292253,16,0.312259375,1.5902645587921143,1
483,57933,14.966504945346063,18,0.312045625,1.9245321989059447,1
484,57938,3.75812300647113,5,0.31198625,1.137730598449707,1
485,57945,5.558596907181642,7,0.31190312500000006,1.5744073390960693,1
486,57951,4.9555893528467045,6,0.3118318750000001,2.1077985763549805,1
487,57971,19.044890115575882,20,0.311594375,1.8802009224891663,1
488,57990,16.95233034564177,19,0.31136874999999997,1.924935221672058,1
489,57993,1.7649228101313175,3,0.3113331250000001,1.5578722953796387,1
490,58005,9.561091261017474,12,0.31119062499999994,2.1667854388554892,1
491,58015,7.20089310869821,10,0.311071875,2.281984508037567,1
492,58034,16.36054809564511,19,0.31084625,2.229308032989502,1
493,58039,4.054114629085036,5,0.31078687500000013,2.004013776779175,1
494,58044,3.9590471683324666,5,0.31072750000000005,1.6760100722312927,1
495,58058,12.205594527829364,14,0.3105612500000001,2.455174763997396,1
496,58061,1.9583725634928275,3,0.310525625,2.4037976264953613,1
497,58068,5.7603191897158785,7,0.31044250000000007,2.1189407110214233,1
498,58076,6.196744566014697,8,0.3103475,2.004595100879669,1
499,58082,3.9959742442916064,6,0.31027625000000003,0.8926424384117126,1
500,58112,26.973372460540414,30,0.30992,2.3410814851522446,1
501,58119,4.409271380522973,7,0.3098368750000001,2.1030101776123047,1
502,58128,7.758298448409552,9,0.30973000000000006,1.4114048480987549,1
503,58138,8.553246306158542,10,0.3096112500000001,1.553987741470337,1
504,58146,6.95531634221785,8,0.30951624999999994,2.480647087097168,1
505,58149,1.9602091714909529,3,0.30948062500000006,2.213810443878174,1
506,58156,5.360390207907602,7,0.3093975,1.5341836810112,1
507,58164,5.011363636363636,8,0.30930250000000004,2.062595844268799,1
508,58179,13.471998373439922,15,0.309124375,1.3996403018633525,1
509,58195,13.605820968632454,16,0.3089343750000001,1.8468033075332642,1
510,58201,3.6059202739653466,6,0.308863125,1.763480544090271,1
511,58216,13.031647889283198,15,0.308685,1.798544555902481,1
512,58231,13.352512454432393,15,0.30850687499999996,1.3905428250630696,1
513,58243,10.957161889249791,12,0.308364375,1.9449161688486736,1
514,58252,7.752639505439048,9,0.3082575000000001,1.8053470055262248,1
515,58254,0.9660165442504834,2,0.30823375,nan,1
516,58268,11.268063912012494,14,0.30806749999999994,2.0629594922065735,1
517,58293,21.961971909832588,25,0.3077706250000001,2.0683287580808005,1
518,58305,10.760177558804507,12,0.30762812500000003,1.801781137784322,1
519,58318,11.951610204121137,13,0.30747375,2.028935432434082,1
520,58336,14.36750373669072,18,0.3072600000000001,2.40134973526001,1
521,58343,5.7566291141316,7,0.307176875,1.255533218383789,1
522,58356,11.784429191205726,13,0.3070225,2.3118080496788025,1
523,58380,22.04175854155493,24,0.3067375,2.1742926836013794,1
524,58391,8.720965685337251,11,0.30660687500000006,2.49362576007843,1
525,58411,18.945544613864627,20,0.30636937500000005,1.8118064403533936,1
526,58415,2.957376534134098,4,0.3063218750000001,2.7122879028320312,1
527,58421,3.996347521642615,6,0.306250625,1.598472774028778,1
528,58430,7.9590122436400925,9,0.30614375000000005,1.6830700039863586,1
529,58433,1.5982070401394535,3,0.30610812500000006,1.2785418033599854,1
530,58442,6.754114020924322,9,0.30600125,2.020797908306122,1
531,58448,3.895911644911889,6,0.30593000000000004,1.9646247625350952,1
532,58460,10.517962750275412,12,0.3057875,2.5480078856150308,1
533,58469,7.871691701643662,9,0.30568062500000004,2.178136944770813,1
534,58472,1.9583725634928275,3,0.30564500000000006,2.3849263191223145,1
535,58476,2.992899245657884,4,0.3055975000000001,3.234579563140869,1
536,58496,16.559254822328363,20,0.3053600000000001,2.1206221342086793,1
537,58515,17.71566598819547,19,0.30513437500000007,2.787243366241455,1
538,58520,3.9572063683176055,5,0.305075,1.7187024354934692,1
539,58533,11.125570121316297,13,0.30492062500000006,1.6293509006500244,1
540,58545,10.585223190202216,12,0.304778125,2.123882015546163,1
541,58549,2.7572907203812167,4,0.30473062500000003,1.8227554559707642,1
542,58552,1.5974290027069835,3,0.30469500000000005,1.8321504592895508,1
543,58558,4.406371801981637,6,0.30462374999999997,1.3907655477523804,1
544,58588,24.500965818658564,30,0.30426750000000014,2.3929066359996796,0
545,58611,20.39146776838123,23,0.30399437499999993,1.8153643369674684,1
546,58641,20.65118324255223,30,0.3036381250000001,2.138510689139366,0
547,58650,7.552992060836466,9,0.30353125000000003,2.1139798760414124,1
548,58653,1.7649228101313175,3,0.30349562499999994,1.9478232860565186,1
549,58658,3.954020685998693,5,0.30343624999999996,2.2613887786865234,1
550,58686,23.447895072628235,28,0.30310375,2.0454135622297014,1
551,58706,18.355555047435466,20,0.3028662500000001,2.100955867767334,1
552,58732,22.944562004578657,26,0.30255750000000003,2.33155814238957,1
553,58736,2.9966268122099637,4,0.30251000000000006,1.6268746852874756,1
554,58755,17.94605629788484,19,0.30228437500000005,1.5862971544265747,1
555,58765,7.843089576072689,10,0.302165625,2.3632282416025796,1
556,58777,10.354758507323949,12,0.30202312500000006,1.6610631942749023,1
557,58783,4.757953414991336,6,0.301951875,1.5521174669265747,1
558,58808,22.79623590215286,25,0.301655,2.1587179047720775,1
559,58833,21.798990810373823,25,0.30135812500000003,1.8749383290608723,1
560,58847,11.685415162253205,14,0.3011918750000001,2.375833749771118,1
561,58859,10.95531131370175,12,0.30104937499999995,2.797095696131388,1
562,58866,5.9516219952098135,7,0.3009662500000001,2.49844753742218,1
563,58878,8.713190375059977,12,0.30082374999999995,2.411769231160482,1
564,58884,3.9986019346583213,6,0.3007525000000001,1.3339099884033203,1
565,58909,21.80435258584498,25,0.300455625,1.6054263214270275,1
566,58920,9.360192171765764,11,0.30032499999999995,2.1003307501475015,1
567,58950,21.967459735696607,30,0.2999687500000001,1.9340547663824899,0
568,58961,10.04082675809912,11,0.29983812500000007,1.8976836999257405,1
569,58966,3.1960055915262915,5,0.29977875,0.8466688990592957,1
570,58973,4.964634457886047,7,0.299695625,1.4657415747642517,1
571,58986,11.712480818119216,13,0.29954125,1.9107260704040527,1
572,59016,22.51524775776626,30,0.29918500000000003,1.9426818192005157,0
573,59020,2.957376534134098,4,0.29913750000000006,1.620636224746704,1
574,59037,15.451583610875646,17,0.29893562500000004,2.3835082948207855,1
575,59044,5.8695929848544734,7,0.2988525000000001,1.7897116541862488,1
576,59066,20.347780994384394,22,0.29859125,2.616099238395691,1
577,59070,2.9592167598122607,4,0.29854375,1.9583220481872559,1
578,59082,8.114854906120604,12,0.29840125000000006,1.5896364053090413,1
579,59112,23.900143026300842,30,0.298045,1.9344208985567093,0
580,59125,9.932895597248509,13,0.2978906250000001,1.581863562266032,1
581,59135,7.724508143360476,10,0.297771875,1.875970482826233,1
582,59150,10.887379358565623,15,0.29759375,2.114121437072754,1
583,59157,5.5546045608840835,7,0.29751062500000003,2.128108859062195,1
584,59178,17.801736806857043,21,0.29726125000000003,2.2419522285461424,1
585,59205,24.94237776632491,27,0.29694062500000007,1.7383528436933244,1
586,59224,16.20885312982638,19,0.29671500000000006,1.7503558039665221,1
587,59230,4.187407480871951,6,0.29664375,2.3798604011535645,1
588,59249,17.548210055666896,19,0.296418125,2.06999409198761,1
589,59254,3.3627494453458615,5,0.29635875,1.628413200378418,1
590,59257,1.6000542239715385,3,0.296323125,2.407810688018799,1
591,59271,11.446627809535462,14,0.296156875,2.1161696116129556,1
592,59275,2.9592167598122607,4,0.296109375,0.8523420691490173,1
593,59287,10.75421083368401,12,0.2959668750000001,1.594927469889323,1
594,59292,3.9590471683324666,5,0.2959075000000001,2.23060142993927,1
595,59315,21.146403480265175,23,0.295634375,1.4029447078704833,1
596,59332,13.969862523510173,17,0.2954325,1.914038348197937,1
597,59335,2.0776907453110094,3,0.295396875,nan,1
598,59365,29.14784478551244,30,0.29504062500000006,2.079359844326973,0
599,59394,22.11322980881594,29,0.29469625,1.5097134794507707,1
600,59400,3.8932968098090135,6,0.294625,1.2908677458763123,1
601,59412,10.31507775994976,12,0.2944825,1.5228487650553386,1
602,59422,8.398452338855213,10,0.29436375000000004,2.4847217798233032,1
603,59442,16.76402089050838,20,0.29412625000000003,2.118356537818909,1
604,59470,19.874924548739774,28,0.2937937500000001,1.9391629014696394,1
605,59481,9.754218626629804,11,0.293663125,1.8323248624801636,1
606,59499,16.157605023700672,18,0.293449375,1.3848482072353363,1
607,59506,5.455038634732192,7,0.29336625000000005,2.647286891937256,1
608,59532,24.944236598437982,26,0.2930575000000001,1.4938265596117293,1
609,59537,3.3645623234014965,5,0.292998125,2.8356728553771973,1
610,59543,4.75452445326274,6,0.29292687500000003,1.9407367706298828,1
611,59555,10.553513755783044,12,0.2927843750000001,1.21531077226003,1
612,59571,13.752691277474929,16,0.2925943750000001,2.10393562912941,1
613,59597,24.742589120771097,26,0.2922856250000001,1.9168423584529333,1
614,59622,22.707898284763814,25,0.29198875,1.9869959354400635,1
615,59648,24.74684941151269,26,0.29167999999999994,1.9306416766984122,1
616,59655,5.752395374364751,7,0.2915968750000001,2.8110318183898926,1
617,59666,7.022834750783903,11,0.29146625000000004,1.790653387705485,1
618,59689,15.845783675618192,23,0.29119312500000005,1.7252922852834065,1
619,59717,25.048248601068007,28,0.290860625,2.060671261378697,1
620,59735,16.585254341374917,18,0.2906468750000001,1.6199419498443604,1
621,59750,12.648102806250463,15,0.29046875000000005,2.2559532523155212,1
622,59762,10.561273441696066,12,0.29032625,1.8068416913350422,1
623,59773,9.953737596721325,11,0.29019562500000007,2.2604316075642905,1
624,59784,8.79836498063606,11,0.290065,1.929706295331319,1
625,59789,2.9329180468382665,5,0.29000562500000004,1.4188504219055176,1
626,59803,11.960814221790626,14,0.289839375,1.992241621017456,1
627,59816,11.94953096978472,13,0.28968499999999997,2.2162904143333435,1
628,59840,17.954368941017197,24,0.2894,2.2463985085487366,1
629,59848,6.562282479763769,8,0.28930500000000003,2.1991100311279297,1
630,59867,16.493345074999016,19,0.289079375,2.231340676546097,1
631,59875,5.768754210075688,8,0.28898437500000007,2.26543128490448,1
632,59905,21.888054365816046,30,0.288628125,2.0914612263441086,0
633,59931,22.683380121423138,26,0.28831937500000004,1.7842297355333965,1
634,59939,6.959012388268193,8,0.288224375,2.06447172164917,1
635,59945,5.079323828096595,6,0.288153125,1.6816521883010864,1
636,59964,17.203028764735052,19,0.2879275,2.483609104156494,1
637,59973,6.2489832760292865,9,0.28782062500000005,2.3547266125679016,1
638,59976,1.9602091714909529,3,0.28778499999999996,2.3731908798217773,1
639,59980,3.1935003937345963,4,0.2877375,1.7787243127822876,1
640,60010,27.47620440198129,30,0.28738125000000003,1.9375870312963213,0
641,60022,10.317322226579908,12,0.28723875,2.727410157521566,1
642,60032,8.98152477936551,10,0.28712000000000004,2.2010303338368735,1
643,60051,15.84288453167473,19,0.28689437500000003,2.065409779548645,1
644,60060,8.052263024950648,9,0.2867875,1.972137212753296,1
645,60090,20.651178949075877,30,0.28643125,1.8453321967806136,0
646,60111,19.346994505971377,21,0.28618187500000003,2.3411372900009155,1
647,60128,15.552153284832064,17,0.28598,1.669110071659088,1
648,60155,22.766182006937896,27,0.28565937500000005,1.6491866906483967,1
649,60185,25.00995504257897,30,0.285303125,1.7680030688643456,0
650,60203,15.357727777187748,18,0.2850893750000001,2.03073987364769,1
651,60219,13.80788299281943,16,0.28489937500000007,2.419277787208557,1
652,60249,27.54568761664819,30,0.2845431250000001,1.999078705906868,0
653,60266,13.368318883995574,17,0.28434125,2.471509039402008,1
654,60292,24.235989848798923,26,0.2840325,2.2471992288317,1
655,60305,10.766800981941655,13,0.2838781250000001,1.5820589462916057,1
656,60323,14.41238909725376,18,0.28366437499999997,2.184659868478775,1
657,60331,6.59114716800304,8,0.283569375,1.864039123058319,1
658,60341,8.752378635908428,10,0.28345062500000007,2.0940443674723306,1
659,60351,8.19550764742829,10,0.283331875,1.228384256362915,1
660,60357,4.281079132761012,6,0.28326062500000004,2.147514283657074,1
661,60372,11.57160989217446,15,0.2830825,1.9106192886829376,1
662,60385,9.97261213443323,13,0.2829281250000001,2.0186798572540283,1
663,60410,22.753466917298944,25,0.28263125,1.858018199602763,1
664,60430,17.131301780509688,20,0.28239375,2.0496567726135253,1
665,60450,18.55286410173315,20,0.28215625,2.1332001209259035,1
666,60467,15.004449682892751,17,0.281954375,2.7636216282844543,1
667,60496,24.557011019860326,29,0.28161,1.6953753530979156,1
668,60515,16.38907916869898,19,0.281384375,2.2317352294921875,1
669,60525,8.387583526404375,10,0.28126562499999996,2.1052685976028442,1
670,60541,12.412236956317834,16,0.28107562500000005,1.387331783771515,1
671,60560,17.158295168163384,19,0.28085000000000004,2.4288577795028687,1
672,60565,3.75812300647113,5,0.28079062500000007,1.1878445148468018,1
673,60576,9.758581758469324,11,0.28066,2.1169381539026895,1
674,60585,7.758307835648623,9,0.28055312499999996,2.126284956932068,1
675,60612,19.39748896997101,27,0.2802325,2.220970392227173,1
676,60618,4.959018187143877,6,0.28016125000000003,2.5933356285095215,1
677,60627,7.0805638947836655,9,0.28005437499999997,2.1861079931259155,1
678,60655,23.783234902277336,28,0.279721875,2.070793526513236,1
679,60665,8.548510669169024,10,0.27960312500000006,2.163599173227946,1
680,60677,8.85222437761794,12,0.279460625,2.0911924044291177,1
681,60692,12.556572186495679,15,0.2792825,2.6066601276397705,1
682,60704,10.584460143495956,12,0.27914000000000005,2.20671017964681,1
683,60712,6.557583216895644,8,0.279045,1.8924957513809204,1
684,60716,2.957376534134098,4,0.2789975,2.46517014503479,1
685,60731,12.693174627913928,15,0.278819375,1.7808425823847454,1
686,60755,22.187485700939227,24,0.278534375,2.3174851735432944,1
687,60766,8.601635091642931,11,0.27840375000000006,1.9620219071706135,1
688,60771,3.4555682725936117,5,0.2783443750000001,1.8607234954833984,1
689,60785,12.558197344204203,14,0.27817812500000005,2.1150847375392914,1
690,60799,12.192594970319183,14,0.278011875,2.571747660636902,1
691,60824,19.414820165446756,25,0.27771500000000005,2.068765299660819,1
692,60851,21.781040063223756,27,0.2773943750000001,1.8505663573741913,1
693,60866,12.958021085481592,15,0.27721625000000005,1.8808773756027222,1
694,60872,4.593073234377216,6,0.277145,1.8298750221729279,1
695,60884,10.160279648172835,12,0.27700250000000004,2.4178083340326944,1
696,60896,9.210925539989237,12,0.27686,2.3527091344197593,1
697,60926,21.88174349816769,30,0.27650375000000005,2.2269308056150163,0
698,60932,4.527414456478031,6,0.27643249999999997,2.4956254959106445,1
699,60959,19.474008238461487,27,0.276111875,2.0888764460881553,1
700,60969,8.75078958096931,10,0.27599312500000006,1.9413896799087524,1
701,60974,3.4010205350989304,5,0.27593375,1.7944179773330688,1
702,60986,10.75080664257122,12,0.27579125000000004,2.740777770678202,1
703,61009,21.66035680865286,23,0.27551812500000006,2.6841538151105246,1
704,61013,3.2753832378723966,4,0.27547062499999997,1.4338035583496094,1
705,61020,5.959013234599721,7,0.2753875,2.8937851190567017,1
706,61047,24.674777471480052,27,0.27506687500000004,1.8746056755383809,1
707,61065,15.753192440252404,18,0.27485312500000003,2.499641680717468,1
708,61078,11.946344984377875,13,0.27469875,1.5774942636489868,1
709,61096,16.348594429035217,18,0.274485,2.037461280822754,1
710,61126,27.175907928161635,30,0.27412875000000003,2.2000874280929565,0
711,61132,4.955331902854784,6,0.27405750000000006,2.448729991912842,1
712,61162,22.16285262583757,30,0.27370125,1.8857826845986503,0
713,61183,16.928220470945362,21,0.2734518750000001,2.0015135049819945,1
714,61208,23.54811343406995,25,0.27315500000000004,1.994658989565713,1
715,61226,16.54561188284813,18,0.27294125,2.1417103111743927,1
716,61238,8.65327467227067,12,0.27279875,1.8227699597676594,1
717,61252,12.239665676502854,14,0.27263249999999994,1.8927008509635925,1
718,61258,4.7601835319688295,6,0.2725612500000001,2.4400718212127686,1
719,61266,6.114737852224204,8,0.27246625,1.8681283593177795,1
720,61290,18.341291527579386,24,0.27218125000000004,1.7627418041229248,1
721,61296,4.957172438484455,6,0.2721100000000001,2.0722395181655884,1
722,61310,12.55250978236256,14,0.27194375000000004,2.353639801343282,1
723,61332,18.903631036199126,22,0.27168249999999994,2.628290136655172,1
724,61344,9.47837752975636,12,0.27154,1.970083196957906,1
725,61368,20.634485683020774,24,0.271255,2.2647923032442727,1
726,61377,7.9590122436400925,9,0.2711481250000001,2.405946671962738,1
727,61390,10.680570780616963,13,0.27099375000000003,2.3778491020202637,1
728,61409,16.550262456235586,19,0.270768125,2.614045238494873,1
729,61436,24.54553669401649,27,0.27044750000000006,2.3864665372031078,1
730,61453,13.016242442640579,17,0.27024562500000004,1.8010106682777405,1
731,61474,19.94764736465886,21,0.26999625000000005,1.8113662481307984,1
732,61483,6.802676745509219,9,0.2698893750000001,2.256060004234314,1
733,61513,22.967328013481797,30,0.26953312500000004,1.6312788426876068,0
734,61535,20.555737749214963,22,0.26927187500000005,1.4611310958862305,1
735,61543,5.6016572546997665,8,0.269176875,1.8124356269836426,1
736,61573,25.925787091115698,30,0.26882062500000004,2.428964912891388,0
737,61603,25.15121310927256,30,0.268464375,2.105549548353468,1
738,61616,10.160502019981411,13,0.26831000000000005,2.255552291870117,1
739,61620,2.3974713947814035,4,0.26826250000000007,1.3288863897323608,1
740,61630,8.756748868809229,10,0.26814375,2.8912274837493896,1
741,61637,5.953195041277444,7,0.26806062499999994,2.025617003440857,1
742,61645,6.40456129388448,8,0.267965625,1.6715143322944641,1
743,61659,11.682829435822935,14,0.26779937500000006,2.16208545366923,1
744,61678,16.2129511622893,19,0.26757375000000005,2.437301015853882,1
745,61684,4.989439776723112,6,0.2675025,2.2657041549682617,1
746,61689,3.9571975996624404,5,0.267443125,4.260680198669434,1
747,61711,20.879735213675705,22,0.267181875,1.8848453521728517,1
748,61725,12.955320975859612,14,0.267015625,1.7091284394264221,1
749,61736,9.750528976811893,11,0.26688500000000004,1.6005470554033916,1
750,61741,3.9590471683324666,5,0.26682562500000007,3.8728885650634766,1
751,61768,22.603001670771373,27,0.266505,1.8914685334478105,1
752,61798,27.399962504420376,30,0.26614875000000005,2.110475012234279,0
753,61817,14.174560723203745,19,0.26592312500000004,2.0140318870544434,1
754,61829,9.168599836220098,12,0.265780625,1.8171368042627971,1
755,61835,4.756095729915731,6,0.265709375,3.7048227787017822,1
756,61865,25.482417708636337,30,0.2653531250000001,1.9237989634275436,0
757,61875,8.326220327669896,10,0.265234375,2.148137331008911,1
758,61878,1.9602091714909529,3,0.26519875000000004,2.0522897243499756,1
759,61894,14.164060260812034,16,0.26500875,2.393580436706543,1
760,61908,11.602147451553364,14,0.2648425,1.654463291168213,1
761,61922,11.752519017992872,14,0.26467625000000006,2.2637438774108887,1
762,61934,10.951354846353988,12,0.2645337500000001,2.2241963148117065,1
763,61942,6.555278537654329,8,0.26443874999999994,2.302757501602173,1
764,61953,9.232005968949077,11,0.2643081250000001,2.4566818873087564,1
765,61982,26.584385617772465,29,0.26396375000000005,2.2730171510151456,1
766,62003,19.942135006679944,21,0.26371437499999995,1.8338859915733337,1
767,62021,15.494679629549356,18,0.26350062500000004,1.9867438554763794,1
768,62051,24.932513021535026,30,0.2631443750000001,1.8923488429614477,0
769,62068,13.609399859632079,17,0.26294249999999997,1.559992504119873,1
770,62094,24.33930482353823,26,0.2626337500000001,2.4945478439331055,1
771,62102,6.157478495086198,8,0.26253875000000004,2.1215091943740845,1
772,62118,11.017438762457425,16,0.26234875,2.5149061381816864,1
773,62137,13.144452791944799,19,0.262123125,2.2557797908782957,1
774,62157,18.75325897854891,20,0.261885625,1.8533828496932983,1
775,62163,4.3613826497774895,6,0.26181437500000004,1.6902847290039062,1
776,62176,11.053082114687463,13,0.26166,1.6447290778160095,1
777,62191,13.364316795769186,15,0.261481875,1.9364312489827473,1
778,62221,24.063610428646488,30,0.26112562500000003,2.2179848849773407,0
779,62251,27.251038939736734,30,0.26076937499999997,1.9440775939396449,0
780,62264,11.153165656403162,13,0.26061500000000004,2.1097375750541687,1
781,62278,11.53309867665431,14,0.26044875,1.6718194087346394,1
782,62305,23.75302027290816,27,0.26012812500000004,2.3517864601952687,1
783,62323,13.61258346874916,18,0.25991437500000003,1.9173883199691772,1
784,62335,10.161327725836152,12,0.259771875,2.2262099583943686,1
785,62342,5.7560751491663416,7,0.25968875,2.2531705498695374,1
786,62362,18.00523693428569,20,0.25945125,1.873411440849304,1
787,62369,5.36078012072784,7,0.25936812499999995,2.8107097148895264,1
788,62376,5.9571636464636555,7,0.2592850000000001,1.8998304605484009,1
789,62386,8.51879556301094,10,0.25916625000000004,2.575706958770752,1
790,62394,5.607954545454544,8,0.2590712500000001,2.2938177585601807,1
791,62408,10.133487210888426,14,0.25890500000000005,1.8044842183589935,1
792,62421,11.720233340730008,13,0.258750625,2.0989240805308023,1
793,62447,23.199329603348932,26,0.25844187500000004,1.9156128962834675,1
794,62473,23.790046929389458,26,0.2581331250000001,2.265977110181536,1
795,62480,6.050588443378369,7,0.25805,2.2242679595947266,1
796,62500,18.747469793634302,20,0.2578125,2.1317219614982603,1
797,62510,7.878941093158918,10,0.25769374999999994,1.7946210503578186,1
798,62519,6.766886734512069,9,0.257586875,1.4463445544242859,1
799,62543,18.54445931114574,24,0.257301875,1.9920896689097087,1
800,62553,8.758307690538242,10,0.25718312500000007,2.830906947453817,1
801,62563,7.957381422816174,10,0.257064375,2.2454349994659424,1
802,62572,7.353979640745786,9,0.25695750000000006,2.3832829793294272,1
803,62592,18.58192133918762,20,0.25672000000000006,2.1454318046569822,1
804,62597,3.75812300647113,5,0.2566606250000001,1.5483105182647705,1
805,62621,22.580312079937755,24,0.256375625,2.413258135318756,1
806,62632,9.754617996442995,11,0.25624499999999995,2.4254610935846963,1
807,62648,14.355019429786203,16,0.25605500000000003,2.7668493390083313,1
808,62666,16.354752771613363,18,0.25584125,2.7559663355350494,1
809,62687,18.27552851830332,21,0.255591875,2.048991322517395,1
810,62697,7.251789316391283,10,0.25547312499999997,2.45304536819458,1
811,62718,16.896289741925266,21,0.2552237500000001,1.712279462814331,1
812,62725,5.959013234599721,7,0.255140625,2.6875009536743164,1
813,62755,22.99676988352227,30,0.25478437500000006,1.8774240187236242,0
814,62761,4.761146962458932,6,0.2547131250000001,2.4998204112052917,1
815,62777,14.75829827046178,16,0.25452312499999996,1.6114190518856049,1
816,62781,2.761345535127316,4,0.254475625,3.220472812652588,1
817,62797,11.930442649353811,16,0.25428562500000007,2.0035248398780823,1
818,62821,20.004230842974035,24,0.2540006250000001,1.9222949544588726,1
819,62851,25.089678924702845,30,0.25364437500000003,1.9793424265725272,0
820,62861,8.55274057337581,10,0.253525625,1.7930336395899455,1
821,62868,5.959013234599721,7,0.2534425,1.6740978360176086,1
822,62884,14.352024716344896,16,0.2532525,2.08342182636261,1
823,62914,25.014094451924876,30,0.25289625000000004,1.9602123158318656,0
824,62944,29.542427315803383,30,0.25254,2.427901178598404,0
825,62974,21.285093519906212,30,0.25218375000000004,2.1951713221413747,0
826,62999,20.32847317525421,25,0.25188687500000007,2.3368200262387595,1
827,63004,3.568119680043417,5,0.2518275000000001,2.6760308742523193,1
828,63024,15.898224162259728,20,0.2515900000000001,2.059917116165161,1
829,63031,4.806818181818181,7,0.251506875,3.20832896232605,1
830,63039,6.95532572298056,8,0.25141187500000006,2.725926637649536,1
831,63061,19.755388665697335,22,0.25115062500000007,2.377458075682322,1
832,63085,21.960993009675313,24,0.250865625,2.1203589836756387,1
833,63115,28.114554710329696,30,0.25050937500000003,2.081696084567479,0
834,63145,20.6533909896735,30,0.2501531250000001,2.0744796097278595,0
835,63158,10.562109386262065,13,0.24999875000000005,2.6450490156809487,1
836,63188,20.454545454545464,30,0.2496425,1.9393366426229477,0
837,63198,8.752101348251799,10,0.24952375000000004,2.144417643547058,1
838,63203,3.9550916435570764,5,0.24946437500000007,1.493152379989624,1
839,63209,4.358761284138321,6,0.249393125,1.7907138466835022,1
840,63239,28.986146030419672,30,0.24903687500000005,1.634310977799552,0
841,63251,10.953472214147212,12,0.248894375,1.7072593569755554,1
842,63259,6.520056110605453,8,0.24879937500000004,1.038963794708252,1
843,63274,12.921787536840645,15,0.24862125000000002,1.338255524635315,1
844,63281,5.7560835374802775,7,0.24853812500000005,2.701194167137146,1
845,63288,5.955305517483177,7,0.24845499999999998,1.4889599680900574,1
846,63318,26.09243292045936,30,0.24809875000000003,1.8322104385920934,0
847,63348,28.78114090659467,30,0.24774249999999998,1.8663760498166084,0
848,63360,10.990740079270461,12,0.24760000000000004,1.5518922408421834,1
849,63370,8.40613332020422,10,0.2474812500000001,2.4718133211135864,1
850,63397,25.73889864177369,27,0.24716062500000002,1.8601947341646468,1
851,63405,7.121555826194297,8,0.24706562500000007,1.4817208051681519,1
852,63419,12.774116614884871,14,0.24689937500000003,1.890075961748759,1
853,63441,20.661167125418675,22,0.24663812500000004,1.5927204489707947,1
854,63447,4.918347600215126,6,0.24656687500000007,1.1890171766281128,1
855,63460,11.756627520378297,13,0.24641250000000003,2.086201786994934,1
856,63463,1.9602091714909529,3,0.24637687500000005,nan,1
857,63493,20.971734697513288,30,0.246020625,2.203259125351906,0
858,63502,6.909411249028465,9,0.24591375000000004,1.5331351161003113,1
859,63524,17.339921852992656,22,0.24565250000000005,2.4010462562243142,1
860,63554,27.942198366199808,30,0.24529625,1.9524107149669103,0
861,63576,20.582245185575136,22,0.2450350000000001,2.2659071485201516,1
862,63580,2.766160496208155,4,0.24498750000000002,2.5149998664855957,1
863,63602,17.994982610765266,22,0.24472625000000003,2.0936606168746947,1
864,63621,17.555349074953792,19,0.24450062500000003,2.51422324180603,1
865,63627,4.198081532091371,6,0.24442937500000006,3.0611982345581055,1
866,63642,13.19765982004159,15,0.24425125000000003,2.674569249153137,1
867,63652,7.564108902199398,10,0.24413250000000009,1.8329167763392131,1
868,63658,4.168331901040409,6,0.24406125,2.413381576538086,1
869,63667,8.117029721285899,9,0.24395437500000006,1.291747808456421,1
870,63692,21.27434769927895,25,0.24365749999999997,1.8848503146852766,1
871,63707,13.948467772755041,15,0.24347937500000005,2.000251372655233,1
872,63728,19.441805913260605,21,0.24323000000000006,1.609626332918803,1
873,63758,24.979492134279333,30,0.24287375,2.271439024380275,0
874,63788,27.64274572560581,30,0.24251750000000005,2.4828587472438812,0
875,63802,9.818098246564254,14,0.24235125000000002,2.3595097064971924,1
876,63831,27.628144892375346,29,0.24200687500000007,2.1117948974881853,1
877,63847,14.75221708761692,16,0.24181687500000004,1.9242643415927887,1
878,63852,3.9571975996624404,5,0.24175749999999996,2.3060094714164734,1
879,63865,11.851560963955569,13,0.24160312500000003,1.9445139169692993,1
880,63880,12.994295700113959,15,0.241425,2.488311469554901,1
881,63897,14.039110762095122,17,0.24122312499999998,2.6136182248592377,1
882,63903,4.7601835319688295,6,0.24115187500000002,1.6732176542282104,1
883,63918,13.557602780422869,15,0.2409737500000001,2.2019625902175903,1
884,63930,10.59482405799673,12,0.24083125000000005,1.7701156934102376,1
885,63937,5.601076790381496,7,0.2407481250000001,2.544212818145752,1
886,63941,2.766160496208155,4,0.240700625,3.335275173187256,1
887,63944,1.4807360421533566,3,0.24066500000000002,1.0475050210952759,1
888,63957,10.445976750526002,13,0.2405106250000001,2.3209116458892822,1
889,63980,21.750768281612917,23,0.2402375000000001,2.864785929520925,1
890,63988,7.0505884112209305,8,0.24014250000000004,2.126396059989929,1
891,64009,19.39667855522601,21,0.23989312500000004,2.18686044216156,1
892,64026,14.831260756425948,17,0.23969125000000013,2.3003016114234924,1
893,64044,13.775348826633696,18,0.2394775,2.618228483200073,1
894,64074,29.1321403343589,30,0.23912125000000006,1.9539098995072501,0
895,64086,9.033059784699054,12,0.23897875000000002,2.6104554335276284,1
896,64090,2.9592167598122607,4,0.23893125000000004,0.8076198101043701,1
897,64116,23.433802829032153,26,0.23862250000000007,1.9394673790250505,1
898,64141,19.6967983196047,25,0.23832562499999999,1.7980302174886067,1
899,64151,8.75830287603699,10,0.23820687500000004,1.757952094078064,1
900,64163,10.402707275177873,12,0.2380643750000001,1.5882103840510051,1
901,64169,4.959018187143877,6,0.23799312500000003,2.212170958518982,1
902,64187,14.80040469701596,18,0.23777937500000002,2.293280601501465,1
903,64197,8.080283549069541,10,0.23766062500000007,1.775639812151591,1
904,64209,10.402712222014484,12,0.23751812500000014,1.8774420022964478,1
905,64217,6.957162188088722,8,0.23742312499999996,2.262864112854004,1
906,64223,5.19164474572416,6,0.2373518750000001,1.5903987884521484,1
907,64244,17.642250436009913,21,0.2371025,2.861804783344269,1
908,64255,9.959012214701307,11,0.23697187499999994,1.7236512899398804,1
909,64268,11.00472508607065,13,0.23681750000000001,2.0771652460098267,1
910,64286,15.95470264382565,18,0.23660375,2.118203639984131,1
911,64316,29.745353763578095,30,0.23624749999999994,2.1440484672784805,0
912,64329,9.843871749252765,13,0.23609312500000001,2.493532657623291,1
913,64336,5.754486910267349,7,0.23601000000000005,2.0621598958969116,1
914,64350,12.98756640759544,14,0.23584375000000013,2.3033224741617837,1
915,64360,8.359197430156737,10,0.23572500000000007,2.5530406634012857,1
916,64378,12.969483953236224,18,0.23551125000000006,1.8848628103733063,1
917,64387,6.7897556196065905,9,0.235404375,2.26578426361084,1
918,64412,23.34113666768714,25,0.23510750000000002,1.6941534961972917,1
919,64430,13.78569779661921,18,0.23489375000000012,2.3189541697502136,1
920,64448,14.28177710084869,18,0.23468,2.482148551940918,1
921,64455,5.556462917330285,7,0.23459687500000004,1.5875535011291504,1
922,64472,14.278844685500275,17,0.23439500000000013,2.3721323013305664,1
923,64487,12.640676274316087,15,0.2342168750000001,2.187561591466268,1
924,64494,5.472267993695994,7,0.23413375000000003,1.6288315653800964,1
925,64524,27.356233268912433,30,0.23377750000000008,1.8608449026942253,0
926,64554,24.030291265942715,30,0.23342125000000002,2.0099091359547208,0
927,64561,5.792278724138924,7,0.23333812500000006,2.7976536750793457,1
928,64567,4.853405244017261,6,0.2332668750000001,2.7871146202087402,1
929,64578,9.794132034087188,11,0.23313625000000004,1.851658582687378,1
930,64595,14.775130930410697,17,0.23293437500000003,3.0249229073524475,1
931,64602,5.082387684777851,7,0.23285124999999995,2.5941197872161865,1
932,64614,10.161522399209916,12,0.23270875000000002,2.2244431177775064,1
933,64626,10.399135287767947,12,0.23256624999999997,3.27143923441569,1
934,64642,13.763135992027575,16,0.23237625000000006,2.612653613090515,1
935,64648,4.98518051915004,6,0.23230499999999998,1.4560013115406036,1
936,64662,12.56154498896507,14,0.23213875000000006,2.1332527001698813,1
937,64667,3.756289207298002,5,0.23207937499999998,0.8425073623657227,1
938,64697,25.880026179609157,30,0.23172312500000014,2.048512026667595,1
939,64700,1.5974290027069835,3,0.23168750000000005,3.0687575340270996,1
940,64709,7.84987512463276,9,0.23158062499999998,2.8042691946029663,1
941,64735,23.154480660858674,26,0.23127187500000013,1.951367477575938,1
942,64765,28.313388152120627,30,0.23091562500000007,2.660133808851242,0
943,64789,17.9427545430419,24,0.23063062499999998,2.489165961742401,1
944,64795,4.7601835319688295,6,0.230559375,0.614566445350647,1
945,64815,18.780351970231877,20,0.23032187500000012,2.3691262722015383,1
946,64821,3.5261905876079016,6,0.23025062500000004,1.9130686521530151,1
947,64834,9.9610320307978,13,0.2300962500000001,1.8600282271703084,1
948,64846,10.355838131512927,12,0.22995374999999996,2.3020631472269693,1
949,64858,10.953472214147212,12,0.22981125000000002,2.011663317680359,1
950,64888,29.1811213868702,30,0.22945499999999996,1.7955315709114075,0
951,64902,12.202936317199718,14,0.22928875000000004,1.9201253652572632,1
952,64922,17.430393374791336,20,0.22905125000000004,2.434957575798035,1
953,64951,26.35212725540402,29,0.2287068750000001,2.2594657795769826,1
954,64963,10.478303264166376,12,0.22856437500000004,2.4523233572642007,1
955,64968,3.9553723585150364,5,0.22850499999999996,1.9290541410446167,1
956,64981,11.861668087773701,13,0.22835062500000003,2.594073216120402,1
957,64988,5.952148910393079,7,0.22826750000000007,2.3934409618377686,1
958,64995,6.074902553043584,7,0.228184375,2.253084421157837,1
959,65025,26.5930921699654,30,0.22782812499999994,1.8995267897844315,0
960,65055,29.151672885415,30,0.2274718750000001,2.129008173942566,0
961,65084,23.34238277577291,29,0.22712750000000004,1.8542277663946152,1
962,65090,4.957168006567855,6,0.22705624999999996,2.6911802291870117,1
963,65097,5.95716295071267,7,0.2269731250000001,2.4304983615875244,1
964,65101,3.2753832378723966,4,0.22692562500000002,1.9688972234725952,1
965,65131,25.418046433117695,30,0.22656937500000007,1.5865600598709924,0
966,65136,3.56248189876368,5,0.22651,3.4950921535491943,1
967,65166,24.098783325337465,30,0.22615375000000004,1.8012645585196358,0
968,65186,15.539205113231256,20,0.22591625000000004,1.7391470670700073,1
969,65193,5.649349353373272,7,0.22583312499999997,2.109124541282654,1
970,65198,4.119973179378924,5,0.22577375,2.877272605895996,1
971,65224,23.397880787518268,26,0.22546500000000003,2.0894897324698314,1
972,65234,7.45325150969376,10,0.22534625000000008,2.8118081092834473,1
973,65243,8.068170148376517,9,0.22523937500000002,2.7670150995254517,1
974,65249,4.204516473356865,6,0.22516812500000005,2.035958230495453,1
975,65262,11.550064215947808,13,0.22501375,1.7141202688217163,1
976,65292,28.54358462814932,30,0.22465749999999995,2.176372781395912,0
977,65316,21.119842968282843,24,0.22437249999999997,2.1426585714022317,1
978,65328,10.950306933068438,12,0.22423000000000004,2.1324801047643027,1
979,65358,28.94527855481838,30,0.22387374999999998,2.225725735936846,0
980,65370,10.152378867856726,12,0.22373125000000005,1.843698263168335,1
981,65394,22.144036149714736,24,0.22344625000000007,2.299014369646708,1
982,65406,10.356077645927222,12,0.22330375000000002,2.1109162966410318,1
983,65423,14.561688027991934,17,0.223101875,2.1881529092788696,1
984,65439,14.9479528362799,16,0.2229118750000001,2.3328534066677094,1
985,65448,7.525489846345848,9,0.22280500000000003,2.6000086863835654,1
986,65478,27.98342730007546,30,0.22244875000000008,1.8812341945511954,0
987,65486,6.006423711965401,8,0.22235375000000002,1.6719194650650024,1
988,65499,11.197044097244431,13,0.22219937499999998,2.4376418590545654,1
989,65513,11.879102801479139,14,0.22203312499999994,2.4545458555221558,1
990,65520,5.957167485940297,7,0.2219500000000001,2.527395486831665,1
991,65534,12.185329203042361,14,0.22178375000000006,2.1629958550135293,1
992,65544,7.210227272727271,10,0.221665,1.826323668162028,1
993,65563,14.34925520048313,19,0.221439375,2.377414584159851,1
994,65571,6.754220886830321,8,0.22134437500000004,2.5470540523529053,1
995,65577,4.55663250881008,6,0.22127312500000007,1.7149667143821716,1
996,65586,7.756465742994353,9,0.22116625,2.131505310535431,1
997,65611,23.518257616359975,25,0.22086937500000003,2.22402016321818,1
998,65620,7.399982190708838,9,0.22076249999999997,2.2584468126296997,1
999,65629,7.551166614618186,9,0.22065562500000002,1.9676762223243713,1
1000,65634,3.7955275804541797,5,0.22059625000000005,2.215595245361328,1
1001,65655,18.35548984174982,21,0.22034687500000005,1.9962167978286742,1
1002,65685,28.231241399865162,30,0.219990625,2.6319886445999146,0
1003,65698,11.150156599697544,13,0.21983625000000007,2.1754637956619263,1
1004,65727,26.550933367103767,29,0.219491875,2.354844876698085,1
1005,65741,12.199795244945145,14,0.21932562500000008,2.4389800429344177,1
1006,65748,5.758332142817377,7,0.21924250000000012,2.6264015436172485,1
1007,65757,7.1856331460886995,9,0.21913562499999995,1.3537248075008392,1
1008,65763,4.359542491326399,6,0.2190643750000001,2.412179470062256,1
1009,65770,5.923777732656042,7,0.21898125000000002,2.1834397315979004,1
1010,65776,5.2753448526210285,6,0.21891000000000005,1.7665257453918457,1
1011,65781,3.9571975996624404,5,0.21885062500000008,1.8409576416015625,1
1012,65810,23.70620732795016,29,0.21850625,2.7217348643711636,1
1013,65832,18.087466729334555,22,0.21824500000000002,2.4345805446306863,1
1014,65851,14.184133997847184,19,0.21801937500000002,2.240386188030243,1
1015,65877,21.71515665533259,26,0.21771062500000005,2.1103248596191406,1
1016,65889,10.758298274823668,12,0.2175681250000001,2.497516314188639,1
1017,65902,11.979327783877292,13,0.21741374999999996,3.0504156748453775,1
1018,65927,22.55245483265276,25,0.2171168750000001,2.076940576235453,1
1019,65939,11.119968699724806,12,0.21697437500000005,2.2622165282567344,1
1020,65946,5.957167485940297,7,0.2168912500000001,1.9805541038513184,1
1021,65962,13.29973757228558,16,0.21670125000000007,2.7046682834625244,1
1022,65968,4.9529374514556865,6,0.21663,1.4931674003601074,1
1023,65988,18.159857321228515,20,0.2163925000000001,1.9400529861450195,1
1024,66009,18.80560294147112,21,0.216143125,2.1964009523391725,1
1025,66013,2.5894223701829255,4,0.216095625,1.1455965042114258,1
1026,66027,12.947912970936294,14,0.2159293750000001,2.946908632914225,1
1027,66050,19.80157755135262,23,0.21565625,2.0928016106287637,1
1028,66060,9.052267475477157,10,0.21553750000000005,2.0748658974965415,1
1029,66090,28.98317343671357,30,0.21518125,2.4130014181137085,0
1030,66097,5.953482026131685,7,0.21509812500000003,1.7999836206436157,1
1031,66112,12.715102730149972,15,0.21492,1.880312740802765,1
1032,66122,8.560427171280768,10,0.21480125000000005,2.859569787979126,1
1033,66136,12.038821126187369,14,0.21463500000000002,2.571664959192276,1
1034,66153,13.566367373146752,17,0.214433125,2.6715755611658096,1
1035,66160,5.5546045608840835,7,0.21435000000000004,2.715309739112854,1
1036,66190,28.832368675414067,30,0.2139937500000001,1.9821242945534843,0
1037,66197,5.3564381552224685,7,0.21391062500000002,2.262784957885742,1
1038,66201,2.7591154181621453,4,0.21386312500000004,1.5969221591949463,1
1039,66215,12.589748724557639,14,0.213696875,2.4062238931655884,1
1040,66220,3.75812300647113,5,0.21363750000000004,2.7128751277923584,1
1041,66224,2.766160496208155,4,0.21359000000000006,1.3534961938858032,1
1042,66235,9.95320625256416,11,0.213459375,2.447265625,1
1043,66238,1.5982070401394535,3,0.21342375000000002,3.1569669246673584,1
1044,66244,3.8463160861193493,6,0.21335250000000006,2.083284378051758,1
1045,66274,23.67554196788589,30,0.2129962500000001,1.973037498337882,0
1046,66287,11.345110679344474,13,0.21284187499999996,1.8954671621322632,1
1047,66302,13.951070989637644,15,0.21266375000000004,2.2358181476593018,1
1048,66327,23.745506368267826,25,0.21236687500000007,1.9272201458613079,1
1049,66357,27.008472711712773,30,0.212010625,2.679049536585808,0
1050,66367,8.953215756691769,10,0.21189187499999995,1.8593380451202393,1
1051,66370,1.9602091714909529,3,0.21185625000000008,1.715132474899292,1
1052,66384,12.951335987686097,14,0.21169000000000004,2.1780278384685516,1
1053,66392,6.680740193720684,8,0.2115950000000001,1.7461433410644531,1
1054,66415,21.943966322265084,23,0.2113218750000001,2.788506555557251,1
1055,66445,26.19251563448935,30,0.21096562500000005,2.9732009172439575,0
1056,66452,5.756066748709668,7,0.21088250000000008,1.674618661403656,1
1057,66459,5.761142009914777,7,0.210799375,2.5097408294677734,1
1058,66462,1.8823953357426955,3,0.21076375000000003,1.7913780212402344,1
1059,66482,17.94274375826855,20,0.21052625000000003,2.146715593338013,1
1060,66486,2.9573710298187494,4,0.21047875000000005,2.1065549850463867,1
1061,66495,7.922312414868522,9,0.2103718750000001,1.9833404421806335,1
1062,66508,11.959012213856212,13,0.21021750000000006,2.1159353852272034,1
1063,66519,10.074375998963049,11,0.210086875,1.7925100326538086,1
1064,66524,3.9572014196905787,5,0.21002750000000003,2.325200140476227,1
1065,66554,27.558019294608734,30,0.20967124999999998,2.401202883039202,0
1066,66560,4.9513647920126,6,0.20960000000000012,3.554924726486206,1
1067,66563,2.275552848000568,3,0.20956437500000002,nan,1
1068,66581,14.620066700363326,18,0.209350625,1.3555156588554382,1
1069,66592,9.201213795464675,11,0.20921999999999996,2.6945223808288574,1
1070,66622,27.920099083523414,30,0.20886375000000001,2.3754889283861433,0
1071,66625,1.9602091714909529,3,0.20882812500000003,1.8542733192443848,1
1072,66638,11.350186803605862,13,0.20867375,2.672708511352539,1
1073,66659,19.155009900175543,21,0.2084243750000001,2.4700796604156494,1
1074,66669,8.754239290209537,10,0.20830562500000005,1.6378071308135986,1
1075,66686,15.582965209463923,17,0.20810375000000003,2.319974422454834,1
1076,66694,5.600857533853127,8,0.20800874999999996,1.8240662813186646,1
1077,66703,7.799921436860708,9,0.207901875,2.081959366798401,1
1078,66720,15.161707349338,17,0.2077000000000001,1.5723131537437438,1
1079,66730,8.55352534902733,10,0.20758125000000005,1.570987343788147,1
1080,66760,24.583720928245803,30,0.207225,2.098153606057167,0
1081,66782,18.47802895738735,22,0.20696375,1.9730523109436036,1
1082,66799,15.475944487325197,17,0.2067618750000001,2.677317440509796,1
1083,66811,10.750486486201305,12,0.20661937500000005,2.0707124869028726,1
1084,66830,12.990985093241457,19,0.20639375000000004,1.5826993703842163,1
1085,66837,5.553815759866613,7,0.20631062500000008,2.6879533529281616,1
1086,66840,1.9602091714909529,3,0.206275,1.4765758514404297,1
1087,66854,11.558333152986748,14,0.20610875000000006,2.390899101893107,1
1088,66859,3.9572063683176055,5,0.20604937499999998,1.7834124565124512,1
1089,66868,7.009666593151608,9,0.20594250000000003,1.5139037768046062,1
1090,66875,5.560470078037611,7,0.20585937500000007,1.8665212392807007,1
1091,66879,2.9573710298187494,4,0.2058118750000001,1.962113380432129,1
1092,66898,17.95188269012231,19,0.20558625000000008,2.1576404690742494,1
1093,66915,15.347511248916067,17,0.20538437500000006,2.5726513266563416,1
1094,66926,8.405972374375505,11,0.20525375000000012,1.7650508483250935,1
1095,66933,5.955305517483177,7,0.20517062500000005,1.9118792414665222,1
1096,66939,4.957168006567855,6,0.20509937499999997,2.586379051208496,1
1097,66959,15.9683347231881,20,0.20486187500000008,2.196673607826233,1
1098,66983,20.021772882442903,24,0.2045768750000001,2.156261364618937,1
1099,66992,7.757918634927063,9,0.20447000000000004,2.613980690638224,1
1100,67006,12.349612218900326,14,0.20430375000000012,3.105713129043579,1
1101,67030,21.950469056835903,24,0.20401875000000003,2.085135837395986,1
1102,67050,16.282124633943216,20,0.20378125000000002,2.1741803646087647,1
1103,67070,16.72135370817646,20,0.20354375000000002,1.6660551309585572,1
1104,67076,4.957177290232426,6,0.20347250000000006,2.7659952640533447,1
1105,67081,3.9246307720117573,5,0.20341312500000008,1.2467395067214966,1
1106,67094,12.189992341238245,13,0.20325875000000004,2.250600894292196,1
1107,67103,6.400119381684464,9,0.20315187499999998,2.8412219285964966,1
1108,67117,10.398825314963915,14,0.20298562499999995,1.7347150444984436,1
1109,67147,28.599045764577184,30,0.2026293750000001,2.260003532682146,0
1110,67152,3.7562653400402612,5,0.20257000000000003,1.8460919857025146,1
1111,67163,7.732913112766608,11,0.20243937499999998,2.757781982421875,1
1112,67171,6.9571666396087695,8,0.20234437500000002,1.6358962059020996,1
1113,67188,15.780013415377304,17,0.2021425,2.307706046104431,1
1114,67213,23.942393578653355,25,0.20184562500000003,2.3154361049334207,1
1115,67219,4.363618262400044,6,0.20177437500000006,2.2108235359191895,1
1116,67224,3.7562653400402612,5,0.20171499999999998,3.0350871086120605,1
1117,67254,26.673877161161503,30,0.20135875000000003,2.4600415400096347,0
1118,67265,8.201163237981797,11,0.2012281250000001,2.6674116452534995,1
1119,67274,7.9550478267863385,9,0.20112125000000003,2.071290135383606,1
1120,67283,6.2523306049740155,9,0.20101437500000008,2.11491596698761,1
1121,67309,23.267715804675355,26,0.200705625,2.2569770642689297,1
1122,67318,7.082132150348779,9,0.20059875000000005,1.7084869742393494,1
1123,67348,21.00610051769841,30,0.2002425000000001,2.048532113432884,0
1124,67356,6.080058292482218,8,0.20014750000000003,2.2064331769943237,1
1125,67383,24.58683697934746,27,0.19982687500000007,2.202841361363729,1
1126,67388,3.917619424757281,5,0.1997675,1.8193305730819702,1
1127,67399,9.559049358290249,11,0.19963687500000005,1.918782651424408,1
1128,67408,7.752632085968457,9,0.19952999999999999,1.8847250938415527,1
1129,67420,10.949510174054762,12,0.19938750000000005,2.707285006841024,1
1130,67429,6.68162459224098,9,0.1992806250000001,2.565824031829834,1
1131,67445,14.949225208026357,16,0.19909062499999997,2.43868750333786,1
1132,67449,2.9875924206988147,4,0.199043125,2.178334951400757,1
1133,67462,11.756194177002211,13,0.19888875000000006,2.149582624435425,1
1134,67475,11.350530122140626,13,0.19873437500000013,1.647867997487386,1
1135,67486,8.55704710365774,11,0.19860375000000008,1.9845953782399495,1
1136,67500,12.354642342437636,14,0.19843750000000004,1.9448655843734741,1
1137,67514,12.643782169584448,14,0.19827125,2.665691057840983,1
1138,67528,12.75645822857996,14,0.1981050000000001,2.286840945482254,1
1139,67545,13.942866496021761,17,0.19790312500000007,2.4690952003002167,1
1140,67553,6.036590649004064,8,0.197808125,2.8370492458343506,1
1141,67560,5.95717232116616,7,0.19772500000000004,2.266274571418762,1
1142,67571,9.33358591625669,11,0.197594375,2.9440670013427734,1
1143,67598,23.35084906888094,27,0.19727375000000003,2.7604471955980574,1
1144,67615,14.234920300822726,17,0.197071875,2.7088542878627777,1
1145,67634,13.108086236586129,19,0.19684625,1.8589649200439453,1
1146,67664,23.106055646817605,30,0.19649000000000005,2.158518999814987,0
1147,67676,9.981424376233194,12,0.1963475,2.1046628952026367,1
1148,67688,8.714527862715562,12,0.19620500000000007,2.0317934354146323,1
1149,67694,4.58509977984472,6,0.19613375,3.3696913719177246,1
1150,67700,4.757953414991336,6,0.19606250000000014,1.8129321336746216,1
1151,67705,3.954020685998693,5,0.19600312500000006,1.7176868915557861,1
1152,67721,14.94602449893786,16,0.19581312500000003,2.4927593767642975,1
1153,67727,5.052248603531262,6,0.19574187499999995,2.51060152053833,1
1154,67738,8.311876150773305,11,0.19561125000000013,1.7863436142603557,1
1155,67744,4.957168599026561,6,0.19554000000000005,2.2099303007125854,1
1156,67750,4.955331180282426,6,0.19546874999999997,1.478230357170105,1
1157,67758,6.955299826692759,8,0.19537375,1.8109416961669922,1
1158,67788,20.942128882925946,30,0.19501749999999995,2.368449591100216,0
1159,67805,15.563387716231306,17,0.19481562500000005,2.129667639732361,1
1160,67817,10.951883854405585,12,0.194673125,2.5707685152689614,1
1161,67822,3.9572063683176055,5,0.19461375000000014,2.8271484375,1
1162,67840,14.804761062422454,18,0.19440000000000002,1.9511337399482727,1
1163,67870,28.543324409824468,30,0.19404375000000007,2.971614020211356,1
1164,67878,6.9516328206113975,8,0.19394875,2.712128758430481,1
1165,67882,2.7572668943498306,4,0.19390125000000002,2.5312938690185547,1
1166,67912,24.703324430422843,30,0.19354500000000008,2.739094853401184,0
1167,67924,10.032887438054848,12,0.19340250000000003,2.383127133051554,1
1168,67946,19.550201946173107,22,0.19314125000000004,2.4785312175750733,1
1169,67959,12.074629370402546,13,0.1929868750000001,1.6263212164243062,1
1170,67965,4.756095729915731,6,0.19291562500000003,3.1862223148345947,1
1171,67972,5.992592118781725,7,0.19283250000000007,2.06062251329422,1
1172,67982,7.75667610045528,10,0.19271375000000013,2.1197410821914673,1
1173,67992,8.35253049251555,10,0.19259500000000007,1.9383680423100789,1
1174,68008,14.953458578600612,16,0.19240500000000005,2.3563334345817566,1
1175,68024,11.80524398241028,16,0.19221500000000014,2.5539161562919617,1
1176,68035,8.558899230035733,11,0.19208437500000008,2.52395498752594,1
1177,68057,19.59911840791369,22,0.1918231250000001,2.1428172985712686,1
1178,68067,8.752401141787171,10,0.19170437500000004,2.594773530960083,1
1179,68078,7.693028199603006,11,0.19157375,2.431337833404541,1
1180,68104,21.828048187748422,26,0.19126500000000013,2.6418147597994124,1
1181,68132,24.79801859495387,28,0.19093250000000006,2.3399478026798795,1
1182,68142,8.754230024761018,10,0.19081375000000012,2.058723270893097,1
1183,68151,7.953722197596944,9,0.19070687500000005,2.554863691329956,1
1184,68159,6.95530467113273,8,0.190611875,1.858090877532959,1
1185,68168,7.756454114229097,9,0.19050500000000004,2.7494406700134277,1
1186,68192,18.40340782011118,24,0.19021999999999994,2.394738475481669,1
1187,68198,4.673295479916085,6,0.1901487500000001,2.8535518646240234,1
1188,68228,22.331961287069166,30,0.18979250000000003,2.281317725777626,0
1189,68244,14.556645528611787,16,0.1896025,2.3198341131210327,1
1190,68261,13.960773066559634,17,0.189400625,2.433000236749649,1
1191,68291,27.779705337297887,30,0.18904437500000004,2.485985721860613,0
1192,68321,23.428512092176604,30,0.1886881250000001,2.122810959815979,0
1193,68337,14.365550146302311,16,0.18849812499999996,2.72560316324234,1
1194,68356,16.79587449192751,19,0.18827249999999995,2.835880422592163,1
1195,68369,11.951365421931554,13,0.18811812500000002,2.084562341372172,1
1196,68374,3.9590471683324666,5,0.18805875000000005,2.7087042331695557,1
1197,68392,16.597095031603228,18,0.18784500000000004,2.205704760551453,1
1198,68405,11.048020129563367,13,0.1876906250000001,1.945216178894043,1
1199,68425,18.764105625445524,20,0.187453125,1.7695158004760743,1
1200,68431,4.957177290232426,6,0.18738187500000003,1.5086190700531006,1
1201,68451,16.832513222717147,20,0.18714437500000003,2.3725279331207276,1
1202,68471,18.38774834523176,20,0.18690687500000003,2.7193709135055544,1
1203,68482,9.754239262571794,11,0.18677624999999998,3.026343027750651,1
1204,68493,9.75644924828862,11,0.18664562500000004,1.408668835957845,1
1205,68500,5.957167485940297,7,0.18656250000000008,2.5541688203811646,1
1206,68524,22.897838465769166,24,0.18627749999999998,3.4254742860794067,1
1207,68530,4.957168006567855,6,0.18620625000000002,1.9359066486358643,1
1208,68538,6.957162086763046,8,0.18611125000000006,2.261255621910095,1
1209,68568,28.54489433455018,30,0.18575500000000011,2.5283974409103394,0
1210,68584,14.757918460490403,16,0.1855650000000001,2.597815901041031,1
1211,68594,9.19580282946707,10,0.18544625000000003,2.5526949167251587,1
1212,68619,20.290434808259228,25,0.18514937499999995,1.9629267652829487,1
1213,68631,9.558849507272928,12,0.18500687500000002,2.7529690265655518,1
1214,68661,26.798876578817172,30,0.18465062499999996,2.599212408065796,0
1215,68673,9.15786255275086,12,0.18450812500000002,2.6570135752360025,1
1216,68682,7.957162655504025,9,0.18440125000000007,3.193159818649292,1
1217,68701,17.98410673973449,19,0.18417562500000006,2.346426582336426,1
1218,68705,2.9592167598122607,4,0.1841281250000001,2.4971022605895996,1
1219,68716,7.938973853092274,11,0.18399750000000004,2.5357251167297363,1
1220,68720,3.1935003937345963,4,0.18395000000000006,3.0734968185424805,1
1221,68743,21.983330525435825,23,0.18367687500000007,2.669339990615845,1
1222,68761,16.677890678277482,18,0.18346312500000006,1.908240795135498,1
1223,68768,5.5594790955903335,7,0.18338,3.290762186050415,1
1224,68772,3.074464295439405,4,0.1833325,4.474698066711426,1
1225,68794,18.05093464500832,22,0.18307125000000002,1.7393134832382202,1
1226,68800,5.076519581007372,6,0.18300000000000005,3.257770299911499,1
1227,68805,3.1982722364950593,5,0.18294062500000008,2.9646034240722656,1
1228,68820,12.000133659561556,15,0.18276250000000005,2.2362257838249207,1
1229,68829,7.358373322571708,9,0.182655625,1.788648247718811,1
1230,68850,14.71022727272727,21,0.1824062500000001,2.5064584732055666,1
1231,68869,13.974282229782435,19,0.1821806250000001,2.9142107009887694,1
1232,68892,21.352541781278312,23,0.1819075000000001,2.521670937538147,1
1233,68909,15.55362427864506,17,0.18170562499999998,2.155332714319229,1
1234,68930,19.67582373793251,21,0.1814562500000001,2.285877561569214,1
1235,68946,14.194792297215898,16,0.18126625000000007,2.51185205578804,1
1236,68959,9.850979759632017,13,0.18111187500000003,2.0212414264678955,1
1237,68968,6.753665799828962,9,0.18100500000000008,2.421314557393392,1
1238,68987,16.363352326541882,19,0.18077937500000008,2.535555124282837,1
1239,69007,17.4878535862261,20,0.18054187500000007,2.3417670249938967,1
1240,69037,28.20352362610319,30,0.18018562500000002,2.137882113456726,0
1241,69052,13.47580331430437,15,0.1800075000000001,2.1473945677280426,1
1242,69072,18.74735187002702,20,0.1797700000000001,1.9870930433273315,1
1243,69084,10.863547581228344,12,0.17962750000000005,2.559709588686625,1
1244,69096,10.983330290022277,12,0.179485,1.054281234741211,1
1245,69126,24.340164706376925,30,0.17912874999999995,2.0526959044592723,1
1246,69155,25.759754335596362,29,0.1787843750000001,2.2494460003716603,1
1247,69168,8.618115834267547,13,0.17862999999999996,2.3708412051200867,1
1248,69173,3.75812300647113,5,0.17857062499999998,3.7258360385894775,1
1249,69193,17.802394001008246,20,0.1783331250000001,2.125047469139099,1
1250,69206,11.557572244156368,13,0.17817875000000005,2.1065147717793784,1
1251,69220,11.363423503703242,14,0.17801250000000002,2.631338268518448,1
1252,69235,13.559608089710306,15,0.1778343750000001,2.3261396884918213,1
1253,69252,16.191833580425275,17,0.17763249999999997,2.2905436515808106,1
1254,69272,15.409959265865627,20,0.17739500000000008,2.303253412246704,1
1255,69280,6.957171472012259,8,0.1773,1.6153072118759155,1
1256,69287,5.7603191897158785,7,0.17721687500000005,3.71571946144104,1
1257,69316,23.655028595953755,29,0.1768725,2.158117800951004,1
1258,69323,5.7560835374802775,7,0.17678937500000003,2.975888252258301,1
1259,69328,4.193831046481001,5,0.17673000000000005,2.2789299488067627,1
1260,69338,8.955328033984266,10,0.1766112500000001,1.7525020837783813,1
1261,69357,13.388923178480699,19,0.1763856250000001,2.0946079969406126,1
1262,69367,8.95530893553252,10,0.17626687500000005,1.752375990152359,1
1263,69378,9.953465467529695,11,0.17613625,2.0789984862009683,1
1264,69390,8.806200980707857,12,0.17599375000000006,1.815851092338562,1
1265,69420,20.454545454545464,30,0.1756375,1.9194285422563553,0
1266,69450,29.347341081263007,30,0.17528125000000006,2.32950450692858,0
1267,69477,25.943967776456464,27,0.17496062499999998,2.340451240539551,1
1268,69485,6.599601297807281,8,0.17486562500000002,2.4544286727905273,1
1269,69499,11.848468380900567,14,0.174699375,2.456678867340088,1
1270,69509,8.755044736776807,10,0.17458062500000004,1.3509047031402588,1
1271,69529,17.951107572026068,20,0.17434312500000004,1.8439364671707152,1
1272,69559,26.243281660893334,30,0.1739868750000001,2.0111326490129744,1
1273,69576,15.198960108047755,17,0.17378499999999997,2.158412742614746,1
1274,69602,24.947659048156176,26,0.17347625,2.062110165754954,1
1275,69606,2.401173448340891,4,0.17342875000000002,1.7025730609893799,1
1276,69636,29.37512550808913,30,0.17307250000000007,2.852697938680649,0
1277,69645,7.957161922522981,9,0.172965625,2.2723575830459595,1
1278,69658,11.150270767033028,13,0.17281125000000008,2.329397519429525,1
1279,69676,16.754218206962506,18,0.17259750000000007,1.838575053215027,1
1280,69696,18.354855598896602,20,0.17236000000000007,2.4629467487335206,1
1281,69704,6.776976316241874,8,0.1722650000000001,2.0908653140068054,1
1282,69724,17.270469180375006,20,0.1720275,1.9419965267181396,1
1283,69754,26.74149078845759,30,0.17167125000000005,1.7871778011322021,0
1284,69773,17.03401966348191,19,0.17144562500000005,1.7531669378280639,1
1285,69795,20.944196580067402,22,0.17118437500000006,2.3445268511772155,1
1286,69824,26.391633189652524,29,0.17084,2.681853473186493,1
1287,69854,22.63461432309977,30,0.17048375000000004,1.7006081938743591,0
1288,69862,6.756069197963441,8,0.17038874999999998,1.8151203393936157,1
1289,69871,7.559473981349669,9,0.17028187500000003,2.821510910987854,1
1290,69901,28.947220076791268,30,0.16992562500000008,2.2635824382305145,0
1291,69926,22.99483284434771,25,0.16962875,2.561253031094869,1
1292,69934,6.953194175326896,8,0.16953375000000004,1.8252363204956055,1
1293,69947,11.385738711593355,13,0.169379375,2.0721294482549033,1
1294,69955,6.786495861285567,8,0.16928437500000004,1.4076980948448181,1
1295,69961,5.119710621997534,6,0.16921312499999996,2.623240828514099,1
1296,69972,10.195794781337055,11,0.16908250000000002,2.8928056557973227,1
1297,69991,14.545357191580308,19,0.16885687500000002,2.098211109638214,1
1298,70005,12.953470620853137,14,0.1686906250000001,2.266934394836426,1
1299,70015,8.955047802071096,10,0.16857187500000004,2.1374847888946533,1
1300,70045,26.654961867552185,30,0.16821562499999998,2.121691197156906,0
1301,70068,20.992463236553807,23,0.1679425,2.6825400988260903,1
1302,70083,11.964087359690007,15,0.16776437499999997,2.6645458539326987,1
1303,70098,13.398754330646033,15,0.16758625000000005,1.7045023739337921,1
1304,70108,8.753954074449872,10,0.1674675000000001,2.010039766629537,1
1305,70138,27.01791903899829,30,0.16711125000000004,2.660604953765869,0
1306,70150,9.752049674245734,12,0.1669687500000001,2.1902709007263184,1
1307,70180,21.220183203483423,30,0.16661250000000005,2.6284494549036026,0
1308,70199,17.51806563741733,19,0.16638687500000005,2.018413722515106,1
1309,70229,25.884727456746745,30,0.1660306250000001,2.100576162338257,0
1310,70242,12.277194032016954,13,0.16587624999999995,1.6677799622217815,1
1311,70265,21.93814900168333,23,0.16560312499999996,2.2797074913978577,1
1312,70276,9.395167060284658,11,0.16547250000000013,2.442181865374247,1
1313,70289,10.251800435283545,13,0.16531812499999998,1.9828086098035176,1
1314,70308,17.744940714425454,19,0.16509249999999998,2.885385799407959,1
1315,70333,21.557889771848476,25,0.1647956250000001,1.9298076728979747,1
1316,70343,8.35056869331476,10,0.16467687500000006,2.474580466747284,1
1317,70346,1.9583725634928275,3,0.16464125000000007,2.597611665725708,1
1318,70365,17.752757870430642,19,0.16441562500000007,2.3192513942718507,1
1319,70395,23.373747405843716,30,0.164059375,2.332201600074768,0
1320,70417,20.341690217534545,22,0.16379812500000013,2.5028554598490396,1
1321,70439,17.99582237911975,22,0.16353687500000003,2.084555721282959,1
1322,70454,13.55114962793408,15,0.1633587500000001,2.202646881341934,1
1323,70466,10.989439823257241,12,0.16321625000000006,2.0042088826497397,1
1324,70484,14.503755936806263,18,0.16300250000000005,1.9716473698616028,1
1325,70490,3.9959742442916064,6,0.16293124999999997,2.297140598297119,1
1326,70502,10.750514668366243,12,0.16278875000000004,2.4482860565185547,1
1327,70513,10.046974175202902,11,0.162658125,1.7354756196339924,1
1328,70525,11.03561086693086,12,0.16251562500000005,2.454224189122518,1
1329,70555,22.719138578771975,30,0.162159375,1.9103690896715437,0
1330,70563,6.9553128724787605,8,0.16206437500000004,2.24056613445282,1
1331,70585,17.606867360864424,22,0.16180312499999994,2.3497321407000222,1
1332,70593,5.998882033743595,8,0.16170812499999998,2.1847813725471497,1
1333,70606,11.99693114495701,13,0.16155375000000005,2.3471484581629434,1
1334,70636,25.564631707743523,30,0.1611975,2.0202395021915436,0
1335,70649,10.787858755861444,13,0.16104312500000006,2.0804007848103843,1
1336,70654,3.9550942616836293,5,0.16098374999999998,1.7279598712921143,1
1337,70673,17.746664895981198,19,0.16075812499999997,2.4092084884643556,1
1338,70697,22.53881412233919,24,0.160473125,2.2689004937807717,1
1339,70703,5.117074609523248,6,0.16040187500000014,2.9441750049591064,1
1340,70712,8.120532332861728,9,0.16029500000000008,1.9397071599960327,1
1341,70740,26.938369141659383,28,0.1599625,2.6021322182246616,1
1342,70748,6.955047780005572,8,0.15986750000000005,3.604865550994873,1
1343,70759,9.390479138165965,11,0.1597368750000001,2.700675308704376,1
1344,70789,24.48451438125022,30,0.15938062500000005,2.320006303489208,0
1345,70805,12.491888442709197,16,0.15919062500000003,2.0870237350463867,1
1346,70822,15.544271386557655,17,0.15898875,3.1358196139335632,1
1347,70831,7.987590234890105,9,0.15888187500000006,2.767974615097046,1
1348,70848,13.216636314712895,17,0.15868000000000004,2.7925415992736817,1
1349,70868,17.440016034092245,20,0.15844250000000004,2.1397663593292235,1
1350,70890,17.762049148297763,22,0.15818124999999994,2.3982186317443848,1
1351,70902,10.951370137270832,12,0.15803875,2.702221473058065,1
1352,70912,8.556428137266012,10,0.15792000000000006,2.233364780743917,1
1353,70928,14.944229356465843,16,0.15773000000000004,2.036123037338257,1
1354,70940,9.761882221605358,12,0.1575875,2.587325096130371,1
1355,70944,3.0481490248104404,4,0.15754,1.7938315868377686,1
1356,70964,18.578774069275223,20,0.1573025,2.58032431602478,1
1357,70972,6.161526571405465,8,0.15720750000000006,2.928826928138733,1
1358,70987,11.964500351925071,15,0.15702937500000003,2.208544969558716,1
1359,71003,13.477897399150404,16,0.15683937500000011,2.394523799419403,1
1360,71031,26.735710326074607,28,0.15650687500000005,2.4780234609331404,1
1361,71037,4.959018187143877,6,0.15643562500000008,2.3527902364730835,1
1362,71058,16.82445184232415,21,0.15618624999999997,2.7689117431640624,1
1363,71074,14.750516360504745,16,0.15599625000000006,2.8538742065429688,1
1364,71097,21.030765661900787,23,0.15572312500000007,1.8519545793533325,1
1365,71122,19.582973528538094,25,0.1554262500000001,1.9557092189788818,1
1366,71139,15.67567837291088,17,0.15522437500000008,2.177838683128357,1
1367,71161,20.747494822790433,22,0.15496312499999998,2.6926937103271484,1
1368,71164,1.9602091714909529,3,0.1549275000000001,1.2263457775115967,1
1369,71179,13.555994043376591,15,0.15474937500000008,2.486525376637777,1
1370,71190,8.962078427463458,11,0.15461875000000003,1.7910576661427815,1
1371,71220,28.191444459445776,30,0.15426250000000008,2.1801324635744095,0
1372,71230,9.072400086743153,10,0.15414375000000002,1.6825832724571228,1
1373,71245,11.760252800780867,15,0.153965625,2.2923641204833984,1
1374,71266,19.74473964713507,21,0.1537162500000001,1.783710765838623,1
1375,71278,9.004679810798356,12,0.15357375000000006,2.0523155132929483,1
1376,71308,25.563002688138162,30,0.15321750000000012,2.1708576381206512,0
1377,71331,21.748243918583317,23,0.15294437500000002,2.5344578981399537,1
1378,71340,7.792286314366549,9,0.15283749999999996,3.1338109970092773,1
1379,71343,1.6503489442209243,3,0.1528018750000001,nan,1
1380,71348,3.9572014196905787,5,0.1527425,2.6241034269332886,1
1381,71366,14.839201939243438,18,0.1525287500000001,2.42452335357666,1
1382,71369,1.9583725634928275,3,0.15249312500000012,1.7931170463562012,1
1383,71376,5.959013234599721,7,0.15241000000000005,1.3546298742294312,1
1384,71397,19.163260917197018,21,0.15216062500000005,2.0562910556793215,1
1385,71427,25.362739084405696,30,0.1518043750000001,2.3529446125030518,0
1386,71456,27.746665366425887,29,0.15146000000000004,2.7470583617687225,1
1387,71484,23.6011818923892,28,0.15112750000000008,2.3113542795181274,1
1388,71505,18.608800354244377,21,0.15087812500000009,2.67757134437561,1
1389,71518,11.959012213856212,13,0.15072375000000005,1.815736452738444,1
1390,71534,15.264518648114347,16,0.15053375000000002,2.8142002522945404,1
1391,71545,9.955316149019882,11,0.15040312500000008,2.2088096141815186,1
1392,71556,8.480724364193613,11,0.15027250000000003,2.5142025152842202,1
1393,71566,8.951899783377339,10,0.15015375000000009,1.864933431148529,1
1394,71579,11.952138507721944,13,0.14999937500000005,3.185908794403076,1
1395,71597,16.153149000824865,18,0.14978562500000003,1.8018806457519532,1
1396,71623,18.42647707289394,26,0.14947687500000006,2.2794174750645957,1
1397,71632,7.955574796209043,9,0.1493700000000001,3.3890113035837808,1
1398,71639,5.764102696169624,7,0.14928687500000004,1.996858835220337,1
1399,71669,21.129634282472324,30,0.14893062499999998,2.2889522910118103,0
1400,71688,17.744748268269632,19,0.1487050000000001,2.9677661418914796,1
1401,71694,4.594417033266233,6,0.14863375,1.353930950164795,1
1402,71707,11.555611894342668,13,0.14847937500000008,2.209076762199402,1
1403,71721,12.349139268565583,14,0.14831312500000005,2.652166247367859,1
1404,71728,5.553033944611698,7,0.14823000000000008,2.433582067489624,1
1405,71733,3.9572063683176055,5,0.148170625,1.7857978343963623,1
1406,71739,4.957168006567855,6,0.14809937500000003,2.315800666809082,1
1407,71757,15.92148419743198,18,0.14788562500000002,1.8652327060699463,1
1408,71779,18.617518152168255,22,0.14762437500000003,2.2367575407028197,1
1409,71788,7.957161940126091,9,0.14751750000000008,2.4133923053741455,1
1410,71799,9.748711269729302,11,0.14738687500000003,2.342547833919525,1
1411,71828,22.14051300894505,29,0.14704249999999996,2.730214089155197,1
1412,71831,2.19780350286469,3,0.1470068750000001,nan,1
1413,71838,5.199640065624549,7,0.14692375000000002,2.09234356880188,1
1414,71842,2.9592167598122607,4,0.14687625000000004,1.5270946025848389,1
1415,71857,14.066017724362473,15,0.14669812500000012,3.106718599796295,1
1416,71875,15.087825630866451,18,0.146484375,2.0546571016311646,1
1417,71888,10.962873347822805,13,0.14633000000000007,2.297918438911438,1
1418,71896,6.955057994429708,8,0.146235,2.9823474884033203,1
1419,71906,8.951346357454605,10,0.14611625000000006,2.8872032165527344,1
1420,71917,9.12078669086178,11,0.145985625,2.056289037068685,1
1421,71934,13.763366656672835,17,0.1457837500000001,2.42178151011467,1
1422,71940,5.1957955760071854,6,0.14571250000000002,2.317000985145569,1
1423,71950,9.12155585014833,10,0.14559374999999997,3.2613587379455566,1
1424,71980,26.290795365773906,30,0.14523750000000002,1.848537489771843,0
1425,71990,8.985732106083251,10,0.14511875000000007,2.8130886554718018,1
1426,72000,9.19368008359905,10,0.14500000000000002,1.8823035558064778,1
1427,72014,12.952137318226214,14,0.1448337500000001,2.291059414545695,1
1428,72041,25.54488195618172,27,0.14451312500000002,2.4351052727018083,1
1429,72063,20.94131027067761,22,0.14425187500000003,1.8632161617279053,1
1430,72077,12.750647230140686,14,0.144085625,2.5230048298835754,1
1431,72096,15.334802959600905,19,0.14386,2.690846562385559,1
1432,72126,26.588063102725307,30,0.14350375000000004,2.7130294697625295,0
1433,72144,15.756886861261968,18,0.14329000000000003,2.8680002212524416,1
1434,72148,2.9573710298187494,4,0.14324250000000005,3.15499210357666,1
1435,72172,22.951894759021712,24,0.14295750000000007,1.9834598104159038,1
1436,72202,28.154080259861278,30,0.14260125,1.8647212982177734,0
1437,72232,25.969402577353975,30,0.14224499999999995,2.2034859657287598,0
1438,72262,28.93973968192708,30,0.14188875,2.2084045239857266,0
1439,72270,5.722233308719991,8,0.14179375000000005,3.3540124893188477,1
1440,72276,4.716535373858665,6,0.14172250000000008,1.6984136700630188,1
1441,72306,21.484190798268763,30,0.14136625000000003,2.000647630010332,0
1442,72323,15.953197236106336,17,0.141164375,1.6930512189865112,1
1443,72345,17.42098814946739,22,0.14090312500000013,1.9162502884864807,1
1444,72358,11.558385273906774,13,0.14074874999999998,1.7786226272583008,1
1445,72388,22.730275911604394,30,0.14039250000000003,2.4663521498441696,0
1446,72413,22.544676276156657,25,0.14009562500000006,2.196709632873535,1
1447,72421,5.961027643337097,8,0.1400006250000001,2.6157596707344055,1
1448,72434,11.955047561912126,13,0.13984625000000006,1.8601282040278118,1
1449,72462,25.961024076842026,28,0.13951375,2.396164263997759,1
1450,72476,11.132551718010507,14,0.13934749999999996,2.747114658355713,1
1451,72479,1.9602091714909529,3,0.13931187500000008,nan,1
1452,72493,12.758327862839286,14,0.13914562500000005,2.688313901424408,1
1453,72506,11.75606815550643,13,0.13899125,2.8734726905822754,1
1454,72517,9.951610330253095,11,0.13886062500000007,2.391904274622599,1
1455,72538,17.769276575971993,21,0.13861125000000007,2.589365243911743,1
1456,72568,28.46330531489022,30,0.13825500000000002,3.277752012014389,0
1457,72580,10.959012213979552,12,0.13811250000000008,2.3175830841064453,1
1458,72592,10.953712765166122,12,0.13797000000000004,2.030129313468933,1
1459,72622,21.0122667495447,30,0.1376137500000001,2.3676393032073975,0
1460,72630,6.39776165575651,8,0.13751875000000002,3.198556423187256,1
1461,72643,11.080031204247101,13,0.13736437499999998,2.1530898412068686,1
1462,72646,1.5982070401394535,3,0.1373287500000001,2.128711223602295,1
1463,72674,22.927411658982887,28,0.13699625000000004,2.264674629483904,1
1464,72687,10.84471488394315,13,0.136841875,1.948327859242757,1
1465,72717,26.930978881209324,30,0.13648562500000005,1.8900781869888306,0
1466,72732,13.00192957734543,15,0.13630750000000003,2.744553864002228,1
1467,72744,9.2401846681177,12,0.1361650000000001,1.8479382991790771,1
1468,72759,10.450124857888751,15,0.13598687500000006,2.2294657230377197,1
1469,72770,8.954673056685191,11,0.13585625,2.12011190255483,1
1470,72785,13.555479731727518,15,0.13567812499999998,2.638019323348999,1
1471,72801,14.953206343688006,16,0.13548812500000007,2.3356650471687317,1
1472,72808,6.0522630647388915,7,0.135405,2.677129030227661,1
1473,72813,3.1952257573120324,5,0.13534562500000002,2.8073034286499023,1
1474,72827,12.959012213835136,14,0.135179375,2.7838241259256997,1
1475,72845,15.602764341029305,18,0.13496562499999998,1.854746127128601,1
1476,72855,7.955984844751692,10,0.13484687500000003,2.006666362285614,1
1477,72862,5.959013234599721,7,0.13476375000000007,2.5516579151153564,1
1478,72868,4.959018187143877,6,0.1346925,2.6947206258773804,1
1479,72883,13.54717812884907,15,0.13451437500000007,2.388161023457845,1
1480,72904,16.36567122377142,21,0.13426500000000008,2.7956835428873696,1
1481,72928,19.971326178607292,24,0.1339800000000001,2.6751078367233276,1
1482,72947,17.37957238265039,19,0.1337543750000001,2.7588359117507935,1
1483,72953,4.753985655276837,6,0.133683125,2.4954107999801636,1
1484,72959,5.121548168565128,6,0.13361187500000005,2.1978585720062256,1
1485,72974,13.924542518984307,15,0.13343375000000013,2.8384286761283875,1
1486,72982,6.959012388268193,8,0.13333875000000006,1.6046379208564758,1
1487,72988,4.524687950921917,6,0.1332675000000001,1.8735573291778564,1
1488,73000,9.95903265249624,12,0.13312500000000005,1.5657223463058472,1
1489,73027,24.67175393545237,27,0.13280437500000009,2.263631800810496,1
1490,73031,3.123423724599727,4,0.1327568750000001,1.9562618732452393,1
1491,73035,2.7924868791082558,4,0.13270937500000013,1.3769638538360596,1
1492,73045,8.166452763363326,10,0.13259062500000007,2.7418355147043862,1
1493,73066,19.34859042516301,21,0.13234124999999997,2.732042598724365,1
1494,73074,6.959012388268193,8,0.13224625,2.7619670629501343,1
1495,73081,5.95716295071267,7,0.13216312500000005,2.695206046104431,1
1496,73090,6.802708476990252,9,0.13205625,2.0493773221969604,1
1497,73107,15.871434079905084,17,0.13185437500000008,2.572291612625122,1
1498,73125,14.801755964294061,18,0.13164062500000007,2.9816537857055665,1
1499,73155,22.00041156192305,30,0.131284375,2.656014544623239,0
1500,73166,9.985790389851557,11,0.13115375000000007,2.1149311463038125,1
1501,73180,13.064771396901032,14,0.13098750000000003,2.969046413898468,1
1502,73185,3.395366105481301,5,0.13092812500000006,3.2280960083007812,1
1503,73194,8.275344448970602,9,0.13082125,1.717020869255066,1
1504,73221,23.365228731311475,27,0.13050062500000004,2.2170733383723666,1
1505,73225,2.3974713947814035,4,0.13045312500000006,2.0655159950256348,1
1506,73248,20.773768062977332,23,0.13018000000000007,2.428391138712565,1
1507,73259,9.154189824453887,11,0.13004937500000002,2.807853579521179,1
1508,73268,7.9857321058907065,9,0.12994249999999996,2.8580564657847085,1
1509,73272,2.7943365791981405,4,0.12989499999999998,2.182528018951416,1
1510,73283,8.176243816977754,11,0.12976437500000004,2.3561443090438843,1
1511,73307,18.662422859002923,24,0.12947937500000006,2.7945538759231567,1
1512,73310,1.6000542239715385,3,0.12944374999999997,2.4840195178985596,1
1513,73327,16.05013247478523,17,0.12924187500000006,3.2179521918296814,1
1514,73351,18.574928717819407,24,0.12895687500000008,2.091061512629191,1
1515,73381,25.340345416585226,30,0.12860062500000002,2.6012823283672333,0
1516,73411,28.206493143126433,30,0.12824437500000008,1.7499944823128837,0
1517,73422,9.750541868072608,11,0.12811375000000003,2.3906168142954507,1
1518,73449,25.344375398611717,27,0.12779312500000006,1.9446853058678764,1
1519,73454,3.200089460961302,5,0.1277337500000001,1.4754170179367065,1
1520,73477,21.943955898234677,23,0.1274606250000001,2.072505513827006,1
1521,73507,29.14874224494075,30,0.12710437500000005,2.475341864994594,0
1522,73537,25.622451790607048,30,0.1267481250000001,2.8673610538244247,0
1523,73548,10.052263023787322,11,0.12661750000000005,2.4700140953063965,1
1524,73578,23.236880159523626,30,0.12626125,2.7818026542663574,0
1525,73587,7.557200749681814,9,0.12615437500000004,2.7247055768966675,1
1526,73595,6.953976077639089,8,0.12605937500000008,4.072978734970093,1
1527,73625,29.380609036562156,30,0.12570312500000003,2.3715545535087585,0
1528,73635,8.39231972273616,10,0.12558437499999997,2.444368839263916,1
1529,73640,4.054114629085036,5,0.1255250000000001,2.8363115787506104,1
1530,73662,20.546899933702342,22,0.12526375,2.8696815967559814,1
1531,73668,5.114511996432328,6,0.12519250000000004,2.585097372531891,1
1532,73690,19.669263275226,22,0.12493125000000005,2.1164050102233887,1
1533,73709,14.761097069831308,19,0.12470562500000004,2.0871859073638914,1
1534,73731,20.739150357974783,22,0.12444437500000005,2.501354622840881,1
1535,73755,22.540339049030926,24,0.12415937500000007,2.0629772941271463,1
1536,73771,11.377200322601364,16,0.12396937499999994,2.563085615634918,1
1537,73781,8.951368488868606,10,0.1238506250000001,3.341808795928955,1
1538,73794,11.959012213856212,13,0.12369624999999995,2.024646600087484,1
1539,73803,7.762255829328767,9,0.123589375,3.0229257345199585,1
1540,73809,4.955334021795722,6,0.12351812500000015,1.9462864398956299,1
1541,73830,18.151837951550007,21,0.12326875000000004,2.7917320728302,1
1542,73860,29.939730110058196,30,0.12291249999999998,2.642762213945389,0
1543,73874,10.407644127750206,14,0.12274624999999995,2.096959114074707,1
1544,73887,11.949501555318541,13,0.12259187500000002,2.5380173524220786,1
1545,73895,6.953212249515051,8,0.12249687500000006,1.946842908859253,1
1546,73903,5.726532994586851,8,0.1224018750000001,1.9226257801055908,1
1547,73911,6.957162188088722,8,0.12230687500000004,1.454984426498413,1
1548,73926,11.771716759812259,15,0.12212875000000001,2.668347477912903,1
1549,73933,5.213117910996008,7,0.12204562500000005,1.9464758038520813,1
1550,73947,12.553776914450562,14,0.12187937500000001,2.1792853673299155,1
1551,73970,17.82486519060978,23,0.12160625000000003,3.016588250796,1
1552,73975,4.275359108414245,5,0.12154687500000005,2.1914539337158203,1
1553,73991,14.91958773239228,16,0.12135687500000003,2.9029797315597534,1
1554,74014,21.396892729378717,23,0.12108375000000005,2.372600555419922,1
1555,74039,20.406085073550955,25,0.12078687500000007,2.5224923292795816,1
1556,74046,5.955584371225402,7,0.12070375,2.063776731491089,1
1557,74076,29.943968263699894,30,0.12034749999999994,2.517655149102211,0
1558,74089,11.752378606647742,13,0.12019312500000001,2.8753599325815835,1
1559,74111,20.385259965275978,22,0.11993187500000002,3.0281782150268555,1
1560,74129,16.183813939987264,18,0.11971812500000012,2.5939774036407472,1
1561,74155,24.1430197148688,26,0.11940937500000004,2.7099317709604898,1
1562,74168,11.585005670125971,13,0.119255,3.197836458683014,1
1563,74179,9.951092017154549,11,0.11912437499999995,2.139841318130493,1
1564,74198,16.172941747030286,19,0.11889874999999994,2.102372884750366,1
1565,74204,4.557413715999861,6,0.11882750000000009,2.267819881439209,1
1566,74223,17.551543972070323,19,0.11860187500000008,2.963289201259613,1
1567,74237,12.35633204156032,14,0.11843562500000004,2.796348810195923,1
1568,74257,18.387843101360975,20,0.11819812500000004,2.6438073396682737,1
1569,74269,10.952921310355565,12,0.11805562500000011,2.1578460931777954,1
1570,74274,3.1960102478807153,5,0.11799625000000014,3.0529332160949707,1
1571,74281,4.797085701087488,7,0.11791312500000006,2.4067455530166626,1
1572,74297,14.507677781251733,16,0.11772312500000004,2.136967182159424,1
1573,74315,16.953472310181375,18,0.11750937500000003,3.257856011390686,1
1574,74332,14.956939491623935,17,0.11730750000000001,2.298112487792969,1
1575,74349,14.001635856230974,17,0.1171056250000001,2.278201252222061,1
1576,74363,12.751423828126393,14,0.11693937500000007,2.1958158810933432,1
1577,74374,8.166909652948693,11,0.11680875000000002,2.94765837987264,1
1578,74382,6.358018218048502,8,0.11671375000000006,1.6791953444480896,1
1579,74385,1.7649228101313175,3,0.11667812499999997,2.673175811767578,1
1580,74395,9.273765163560853,10,0.11655937500000002,2.423626661300659,1
1581,74407,10.556017454904284,12,0.11641687500000009,2.3802947203318277,1
1582,74434,21.96047991534919,27,0.11609625000000012,3.0958881037575856,1
1583,74446,10.557584436381877,12,0.11595374999999997,3.6949199040730796,1
1584,74454,6.955583519957183,8,0.11585875000000001,3.043563723564148,1
1585,74461,5.955584371225402,7,0.11577562500000005,2.501097321510315,1
1586,74477,14.943930774318686,16,0.11558562500000003,2.3477418422698975,1
1587,74490,11.953729011700306,13,0.1154312500000001,3.027153253555298,1
1588,74515,23.004441414821756,25,0.11513437500000001,3.226751446723938,1
1589,74540,21.651008280158752,25,0.11483750000000004,2.1908005816595897,1
1590,74570,26.393103093919283,30,0.11448125000000009,2.389826910836356,0
1591,74576,4.759309594801101,6,0.11441000000000001,2.2504217624664307,1
1592,74584,5.592293457052711,8,0.11431500000000006,2.7545171976089478,1
1593,74595,8.004284268847352,11,0.114184375,1.9568220973014832,1
1594,74612,15.7507808418362,17,0.1139825000000001,2.4166094064712524,1
1595,74616,3.123423724599727,4,0.11393500000000012,2.579371929168701,1
1596,74624,6.56145965956487,8,0.11384000000000005,2.034070611000061,1
1597,74642,16.35044611729445,18,0.11362625000000004,2.049360692501068,1
1598,74654,10.95532364825162,12,0.1134837500000001,2.5610607465108237,1
1599,74667,11.792418729378523,13,0.11332937499999995,2.462010701497396,1
1600,74677,8.75395562702326,10,0.11321062500000012,1.5364194711049397,1
1601,74695,15.156711904199826,18,0.112996875,2.9809986352920532,1
1602,74703,6.989439821899443,8,0.11290187500000004,3.393163561820984,1
1603,74717,12.754346048225427,14,0.112735625,2.9580447375774384,1
1604,74729,10.980581495424241,12,0.11259312500000007,2.1432219743728638,1
1605,74738,7.9590122436400925,9,0.11248625000000012,3.688284754753113,1
1606,74750,10.402212158112931,12,0.11234375000000008,3.640796343485514,1
1607,74762,10.955316141548371,12,0.11220125000000003,2.5688732465108237,1
1608,74776,12.15763735498244,14,0.1120350000000001,3.0056869983673096,1
1609,74806,26.56585679724806,30,0.11167875000000005,2.700725896017892,0
1610,74819,11.400869115105843,13,0.11152437500000001,2.032882650693258,1
1611,74849,26.97810800022343,30,0.11116812500000006,2.0629906207323074,1
1612,74856,5.959013234599721,7,0.1110850000000001,3.3727387189865112,1
1613,74870,12.949487331136341,14,0.11091875000000007,3.3847132523854575,1
1614,74879,7.674682740689395,9,0.11081187500000012,2.8143601417541504,1
1615,74903,19.967933969081226,24,0.11052687500000002,2.228100577990214,1
1616,74917,11.361177432561865,14,0.1103606250000001,1.6210034489631653,1
1617,74939,20.794371103903618,22,0.110099375,2.366594123840332,1
1618,74945,4.0056818181818175,6,0.11002812500000003,2.6273767948150635,1
1619,74966,18.077683394247817,21,0.10977875000000004,2.3290127754211425,1
1620,74973,5.984052884811511,7,0.10969562500000007,2.1798729300498962,1
1621,74988,13.750916928926477,15,0.10951750000000005,2.7875295281410217,1
1622,75003,10.4492712368278,15,0.10933937500000002,2.3438467582066855,1
1623,75033,29.74707701625625,30,0.10898312499999996,2.326022729277611,0
1624,75049,13.554230465064872,16,0.10879312500000005,2.531708538532257,1
1625,75079,25.17903467679685,30,0.10843687499999999,2.882014444896153,0
1626,75086,5.40407051743883,7,0.10835375000000003,3.1445279121398926,1
1627,75109,22.1160161337191,23,0.10808062500000004,2.3977936108907065,1
1628,75118,7.362427278052968,9,0.10797375000000009,2.606589674949646,1
1629,75125,4.966835016096629,7,0.10789062500000002,2.97505784034729,1
1630,75155,27.784247948834174,30,0.10753437499999996,2.631395765713283,0
1631,75174,18.052262899164898,19,0.10730874999999995,2.7623581886291504,1
1632,75185,9.35515548476789,11,0.10717812500000001,1.7972464164098103,1
1633,75198,11.95003371039563,13,0.10702375000000008,2.1797244548797607,1
1634,75210,10.752218238887124,12,0.10688125000000004,2.539828062057495,1
1635,75231,19.354682590663394,21,0.10663187500000004,2.2756907463073732,1
1636,75241,8.713073706088455,10,0.1065131250000001,2.5180183251698813,1
1637,75260,15.56513098270477,19,0.10628750000000009,2.1766375303268433,1
1638,75289,27.94762176823405,29,0.10594312500000003,3.057936191558838,1
1639,75295,4.955064039787177,6,0.10587187500000006,1.2811839580535889,1
1640,75324,27.535304688337533,29,0.1055275,3.0400181114673615,1
1641,75333,6.107326962963924,9,0.10542062500000005,2.1365967988967896,1
1642,75344,9.995091878436654,11,0.1052900000000001,2.596045970916748,1
1643,75352,6.955047971433825,8,0.10519500000000004,2.146877706050873,1
1644,75362,8.753042633677072,10,0.1050762500000001,2.5182347297668457,1
1645,75385,20.989431954417707,23,0.104803125,2.690430005391439,1
1646,75415,29.93364190317486,30,0.10444687500000005,2.1573883635657176,0
1647,75433,16.77867602029132,18,0.10423312500000004,2.7675378203392027,1
1648,75444,10.072136810220721,11,0.10410249999999999,2.8263457218805947,1
1649,75456,10.951873192635249,12,0.10396000000000005,2.814476490020752,1
1650,75465,7.433023972430903,9,0.10385312499999999,2.305694818496704,1
1651,75481,14.748704829962978,16,0.10366312500000008,1.9596654772758484,1
1652,75484,1.9602091714909529,3,0.1036275000000001,2.0389113426208496,1
1653,75514,29.72796607990007,30,0.10327125000000004,2.895484243120466,0
1654,75539,23.949760608561633,25,0.10297437500000006,2.388619542121887,1
1655,75546,6.118362487517236,7,0.1028912500000001,3.4727641344070435,1
1656,75556,8.675739985528528,10,0.10277250000000004,2.2774359782536826,1
1657,75578,20.353185506933176,22,0.10251125000000005,2.172520637512207,1
1658,75603,24.178919057256522,25,0.10221437500000008,2.387015700340271,1
1659,75624,19.550076479464817,21,0.10196499999999997,2.4313738346099854,1
1660,75635,9.503084315004935,11,0.10183437500000003,3.0976314544677734,1
1661,75649,12.951627591399582,14,0.10166812500000011,3.0155325531959534,1
1662,75659,8.748445006223706,10,0.10154937500000005,1.997933268547058,1
1663,75666,5.959013234599721,7,0.10146624999999998,1.4390981793403625,1
1664,75672,5.1234066663578846,6,0.10139500000000012,2.7637633085250854,1
1665,75694,20.936894368581108,22,0.10113375000000002,1.9427764892578125,1
1666,75702,6.9555749704764125,8,0.10103875000000007,3.5495738983154297,1
1667,75717,13.951372478393282,15,0.10086062500000004,2.3605878353118896,1
1668,75727,8.756068289701213,10,0.10074187499999998,3.168754816055298,1
1669,75756,22.42385496186682,29,0.10039750000000003,2.5967671871185303,1
1670,75762,4.957168006567855,6,0.10032625000000006,1.8331782817840576,1
1671,75767,3.9572014196905787,5,0.10026687500000009,2.3419852256774902,1
1672,75775,6.758308684802524,8,0.10017187500000013,2.000574231147766,1
1673,75801,20.36929360968806,26,0.09986312500000005,2.9147107090268816,1
1674,75828,25.74773116486146,27,0.09954250000000009,2.7850212029048373,1
1675,75844,12.73309555891099,16,0.09935250000000007,2.396670490503311,1
1676,75851,5.554613034670706,7,0.0992693750000001,2.4971063137054443,1
1677,75856,4.277200005325695,5,0.09921000000000002,2.05587100982666,1
1678,75870,12.953471032123412,14,0.0990437500000001,2.7571224371592202,1
1679,75900,29.146530111909303,30,0.09868750000000004,2.963924691081047,0
1680,75906,4.983915687950215,6,0.09861624999999996,3.5448784828186035,1
1681,75931,21.85351585739553,25,0.0983193750000001,3.3731755018234253,1
1682,75941,7.566450999798064,10,0.09820062500000004,2.884739955266317,1
1683,75971,29.934714461689435,30,0.09784437499999998,2.511403100831168,0
1684,76001,27.366929667230533,30,0.09748812500000004,2.507547453045845,1
1685,76003,1.1985551664893401,2,0.09746437500000005,nan,1
1686,76024,19.955311568921946,21,0.09721500000000005,2.650903364022573,1
1687,76049,18.266865719380537,25,0.09691812500000008,1.9475817680358887,1
1688,76070,19.949519608253997,21,0.09666874999999997,2.406919527053833,1
1689,76079,7.786488383465232,9,0.09656187500000002,2.110345959663391,1
1690,76101,17.094319622183825,22,0.09630062500000003,2.2879762053489685,1
1691,76106,3.9572063683176055,5,0.09624125000000006,2.5900282859802246,1
1692,76119,11.95531613994655,13,0.09608687500000002,2.0459081331888833,1
1693,76140,17.36892176920456,21,0.09583750000000002,1.791949063539505,1
1694,76152,10.56486219775607,12,0.09569500000000009,2.4099998474121094,1
1695,76171,16.76597809457547,19,0.09546937500000008,2.34662988781929,1
1696,76175,2.5990593639587067,4,0.0954218750000001,2.299588203430176,1
1697,76205,24.833182456754876,30,0.09506562500000004,2.6355219185352325,0
1698,76224,18.25848167051914,19,0.09484000000000004,2.472967600822449,1
1699,76237,11.202946735780362,13,0.094685625,3.0350189208984375,1
1700,76266,25.961560495509175,29,0.09434125000000004,2.3529616253716603,1
1701,76271,3.75812300647113,5,0.09428187499999996,2.6400740146636963,1
1702,76282,7.656950503192794,11,0.09415125000000013,2.458379586537679,1
1703,76306,21.876137531151706,24,0.09386625000000004,2.544747620820999,1
1704,76324,16.95347102397367,18,0.09365250000000014,1.8804432153701782,1
1705,76340,14.150659474889986,16,0.0934625,2.4149613082408905,1
1706,76356,12.566905247160047,16,0.09327249999999998,2.616562694311142,1
1707,76371,13.758298390872396,15,0.09309437500000006,1.4681172370910645,1
1708,76379,6.953480987377489,8,0.092999375,3.1548359394073486,1
1709,76390,8.00912799341078,11,0.09286875000000006,2.755328893661499,1
1710,76409,16.75594433372585,19,0.09264312500000005,2.4573622703552247,1
1711,76414,3.9590471683324666,5,0.09258375000000008,2.3255503177642822,1
1712,76426,10.845810636801705,12,0.09244125000000003,2.7373066743214927,1
1713,76450,20.3225269898141,24,0.09215625000000005,2.5711002151171365,1
1714,76462,10.794132033365432,12,0.09201375,2.6202710469563804,1
1715,76474,8.592517158253242,12,0.09187125000000007,2.457953770955404,1
1716,76504,27.352341782800437,30,0.09151500000000001,2.341247469186783,0
1717,76527,18.100090507533473,23,0.09124187500000003,2.8399444580078126,1
1718,76541,12.753953808570996,14,0.0910756250000001,1.8647123575210571,1
1719,76551,8.959012218924851,10,0.09095687500000005,2.6352875232696533,1
1720,76556,4.121550765822215,5,0.09089750000000008,2.132960796356201,1
1721,76566,8.358547900511763,10,0.09077875000000002,2.6064664125442505,1
1722,76572,4.19857945700365,6,0.09070750000000005,2.14481520652771,1
1723,76594,20.74445957726333,22,0.09044625000000006,3.2575724840164186,1
1724,76599,4.119973179378924,5,0.09038687499999998,2.8163204193115234,1
1725,76621,20.947677068876537,22,0.0901256250000001,2.4816931883494058,1
1726,76634,11.553531620544213,13,0.08997125000000006,2.7790492375691733,1
1727,76640,4.959018187143877,6,0.08990000000000009,2.6149615049362183,1
1728,76664,20.156273673032082,24,0.089615,1.9833709398905437,1
1729,76683,14.494704785895328,19,0.089389375,1.673861250281334,1
1730,76709,21.942333755691262,26,0.08908062500000014,2.390137263706752,1
1731,76722,11.97641538588317,13,0.08892624999999998,2.6861113707224527,1
1732,76728,4.9555822299708,6,0.08885500000000013,2.348344564437866,1
1733,76747,18.046452439816147,19,0.08862937500000012,2.521802067756653,1
1734,76761,11.124303969081605,14,0.08846312500000009,1.7791464626789093,1
1735,76777,14.359042346516988,16,0.08827312500000006,2.0982870161533356,1
1736,76783,5.054113464055959,6,0.08820187499999999,3.770834445953369,1
1737,76789,4.591710957008961,6,0.08813062500000013,2.1708743572235107,1
1738,76803,12.758298253346114,14,0.0879643750000001,2.337756315867106,1
1739,76832,21.91234263943783,29,0.08762000000000003,2.1630161702632904,1
1740,76842,9.275353116048414,10,0.08750125000000009,2.3610825538635254,1
1741,76872,29.53858513969121,30,0.08714500000000003,2.1539731174707413,0
1742,76902,23.88455039223957,30,0.08678875000000008,1.7742338180541992,0
1743,76932,27.755022686717584,30,0.08643250000000002,2.271587163209915,1
1744,76958,21.372964097566413,26,0.08612375000000005,2.371203343073527,1
1745,76977,17.349093737937395,19,0.08589812500000005,2.5245230436325072,1
1746,76983,4.756112614600217,6,0.08582687500000008,2.0268592834472656,1
1747,76989,4.957172438484455,6,0.085755625,2.3511133193969727,1
1748,77001,10.15513046775374,12,0.08561312500000007,2.3357991774876914,1
1749,77008,5.757924433802747,7,0.08553,2.062165379524231,1
1750,77010,0.9660165442504834,2,0.08550625000000012,nan,1
1751,77017,5.95717232116616,7,0.08542312500000004,3.4397374391555786,1
1752,77032,13.949519629268307,15,0.08524500000000002,2.5835310220718384,1
1753,77059,25.94551934142599,27,0.08492437500000005,2.2134862740834556,1
1754,77076,15.681794107268779,17,0.08472250000000003,2.2602912187576294,1
1755,77079,1.9583725634928275,3,0.08468687499999994,nan,1
1756,77092,10.798020432901597,13,0.08453250000000001,2.2901203334331512,1
1757,77102,8.760148607276456,10,0.08441374999999995,2.286080241203308,1
1758,77113,9.947668316071452,11,0.08428312500000013,3.6212851206461587,1
1759,77126,11.550815875541495,13,0.08412874999999997,2.4517279465993247,1
1760,77147,17.745862629021808,21,0.08387937500000009,2.344532608985901,1
1761,77154,5.95716295071267,7,0.08379625000000002,2.776171922683716,1
1762,77184,28.946071183192966,30,0.08344000000000007,2.3711326271295547,1
1763,77202,17.271366624373755,18,0.08322625000000006,2.626699149608612,1
1764,77215,11.352055191473617,13,0.08307187500000002,2.7794754902521768,1
1765,77245,29.544129622977316,30,0.08271562500000007,2.6601629108190536,0
1766,77275,29.553513760225478,30,0.08235937500000001,2.8223876782826016,0
1767,77283,6.752652697653767,8,0.08226437500000006,2.6719300150871277,1
1768,77313,27.68020905860956,30,0.081908125,2.6900264769792557,0
1769,77326,11.556427963699125,13,0.08175375000000007,2.1877931356430054,1
1770,77336,7.193888814700205,10,0.08163500000000001,2.473241170247396,1
1771,77353,15.750651146091986,17,0.0814331250000001,2.7536091208457947,1
1772,77358,3.4075139079838523,5,0.08137375000000002,2.0846996307373047,1
1773,77388,21.44667301905382,30,0.08101749999999996,2.1713126450777054,0
1774,77406,14.601358864312282,18,0.08080375000000006,2.751406192779541,1
1775,77412,4.9534802712298145,6,0.08073249999999998,3.261029601097107,1
1776,77422,9.076489483922405,10,0.08061375000000004,2.405915141105652,1
1777,77439,15.5555235157483,17,0.08041187500000002,2.655137062072754,1
1778,77449,7.954466696931579,10,0.08029312499999997,2.984288454055786,1
1779,77479,28.95134590941649,30,0.07993687500000013,2.2066304853984287,0
1780,77489,8.955047802071096,10,0.07981812500000007,1.5887720386187236,1
1781,77503,11.536762101032851,14,0.07965187500000004,2.15664674838384,1
1782,77518,13.775646125290557,15,0.07947375000000001,3.335286557674408,1
1783,77527,7.957166494980669,9,0.07936687500000006,2.360352635383606,1
1784,77545,16.945820135377208,18,0.07915312500000005,2.647346353530884,1
1785,77575,29.941259555623756,30,0.07879687499999999,2.6605833428246632,0
1786,77585,7.208008769426082,10,0.07867812500000004,2.4022379318873086,1
1787,77598,9.94307399561708,13,0.07852375,3.5538578828175864,1
1788,77615,15.871717193610229,17,0.0783218750000001,2.8605236411094666,1
1789,77628,11.95558334452902,13,0.07816749999999995,2.354627847671509,1
1790,77658,29.930489051808866,30,0.07781125000000011,2.434886710984366,0
1791,77672,12.741541052820923,14,0.07764500000000008,2.4485598504543304,1
1792,77702,28.751840847931824,30,0.07728875000000002,2.090302433286394,0
1793,77724,17.923625259429183,22,0.07702750000000003,2.543018857638041,1
1794,77735,9.758306954815929,11,0.07689687499999998,2.5102732181549072,1
1795,77741,4.562312307283886,6,0.07682562500000012,2.9912562370300293,1
1796,77746,3.9590471683324666,5,0.07676625000000004,1.2605557441711426,1
1797,77764,15.969493049383445,18,0.07655250000000002,2.6174502849578856,1
1798,77794,28.390422715025633,30,0.07619625000000008,2.9792471613202776,0
1799,77803,7.757918634927063,9,0.07608937500000001,2.3208762407302856,1
1800,77824,19.39284891416749,21,0.07584000000000002,2.5591723720232644,1
1801,77849,23.350946097731065,25,0.07554312500000004,2.1528425216674805,1
1802,77866,14.973250739528153,17,0.07534125000000003,2.275262266397476,1
1803,77880,12.957171296997535,14,0.07517499999999999,2.5743093490600586,1
1804,77910,26.33130063038,30,0.07481875000000004,1.7350713610649109,0
1805,77928,15.441153071770549,18,0.07460500000000003,3.002395820617676,1
1806,77937,7.95397591454085,9,0.07449812499999997,2.1000022888183594,1
1807,77967,25.21508763825206,30,0.07414187500000002,2.274090596607753,0
1808,77972,3.7562653400402612,5,0.07408250000000005,2.2488420009613037,1
1809,77975,1.9602091714909529,3,0.07404687499999996,nan,1
1810,77989,12.9553116889065,14,0.07388062500000003,2.394981265068054,1
1811,78019,23.542543290945915,30,0.07352437500000009,2.639898794037955,0
1812,78023,2.957376534134098,4,0.07347687500000011,3.584394693374634,1
1813,78039,14.955574760312512,16,0.07328687500000008,3.269918978214264,1
1814,78068,24.88314805976277,29,0.07294250000000002,2.6445599272847176,1
1815,78087,17.750908630784043,19,0.07271687500000001,2.3308620154857635,1
1816,78099,11.07610027882024,12,0.07257437500000008,2.0359893639882407,1
1817,78124,18.987049198440083,25,0.0722775,2.0471629415239607,1
1818,78141,15.746290032663419,17,0.07207562500000009,3.1112319231033325,1
1819,78150,7.255135187284632,9,0.07196875000000003,2.7819920778274536,1
1820,78174,20.518504983258726,24,0.07168375000000005,2.2203656435012817,1
1821,78181,5.758472655685588,7,0.07160062499999997,1.6799436211585999,1
1822,78185,2.9592167598122607,4,0.071553125,1.6770267486572266,1
1823,78194,7.951883333757564,9,0.07144625000000004,2.6574299335479736,1
1824,78218,22.756068135722774,24,0.07116125000000006,2.811349093914032,1
1825,78236,16.955299515331152,18,0.07094750000000005,2.546616315841675,1
1826,78245,7.354661561874373,9,0.0708406250000001,3.337335705757141,1
1827,78251,4.953752974851815,6,0.07076937500000002,0.7778875827789307,1
1828,78258,5.556462917330285,7,0.07068625000000006,1.3867521286010742,1
1829,78279,17.276847715870613,21,0.07043687500000007,2.410397100448608,1
1830,78287,6.959012388268193,8,0.070341875,2.243022918701172,1
1831,78305,17.108613839615536,18,0.0701281250000001,1.985062801837921,1
1832,78329,22.94949707194916,24,0.069843125,3.004984458287557,1
1833,78341,10.953480773515329,12,0.06970062499999996,2.8451130390167236,1
1834,78371,29.34514042297435,30,0.06934437500000001,2.66329482623509,0
1835,78381,8.55456978080234,10,0.06922562500000007,2.3504255215326944,1
1836,78386,3.557624920501958,5,0.0691662500000001,3.3834025859832764,1
1837,78405,17.948157167292493,19,0.06894062500000009,2.6057770252227783,1
1838,78415,7.205773126475392,10,0.06882187500000003,1.7180941700935364,1
1839,78420,3.4809255885730557,5,0.06876250000000006,1.9714255928993225,1
1840,78437,15.186461505862852,17,0.06856062500000004,2.894019365310669,1
1841,78445,5.603091199118189,8,0.06846562500000009,2.3354986906051636,1
1842,78453,5.448166310398241,8,0.06837062500000002,3.333185315132141,1
1843,78474,18.680718098975337,21,0.06812125000000002,2.6819293975830076,1
1844,78487,12.197648577470444,13,0.0679668750000001,2.218274394671122,1
1845,78495,5.595334146710968,8,0.06787187500000003,2.719573497772217,1
1846,78508,10.15530271797928,13,0.0677175000000001,2.3200839459896088,1
1847,78531,22.044597214423096,23,0.067444375,2.0088681817054748,1
1848,78538,5.556462917330285,7,0.06736125000000004,2.0186502933502197,1
1849,78543,4.045883920966857,5,0.06730187499999996,3.338163375854492,1
1850,78552,7.760148751904556,9,0.067195,2.340165376663208,1
1851,78560,6.959012388268193,8,0.06710000000000005,2.8025591373443604,1
1852,78569,7.757918634927063,9,0.06699312499999999,3.1421730518341064,1
1853,78599,25.014379253470615,30,0.06663687500000004,2.330391764640808,0
1854,78614,13.389805768100056,15,0.06645875000000012,2.874012053012848,1
1855,78620,4.757953414991336,6,0.06638750000000004,3.44505774974823,1
1856,78650,20.454545454545464,30,0.06603124999999999,2.340199555669512,0
1857,78675,23.977026757041607,25,0.06573437500000012,2.800950586795807,1
1858,78684,7.19461710626958,9,0.06562750000000006,3.119530995686849,1
1859,78710,19.628251735292242,26,0.06531874999999998,2.7208120425542197,1
1860,78731,19.95162035909864,21,0.0650693750000001,2.365160584449768,1
1861,78742,8.950915354489144,11,0.06493875000000005,1.9125407934188843,1
1862,78772,29.942855140452625,30,0.06458249999999999,2.334074079990387,0
1863,78782,8.557197313470347,10,0.06446375000000004,1.670896828174591,1
1864,78789,5.153657570298199,7,0.06438062500000008,2.1767724752426147,1
1865,78805,13.563529355091633,16,0.06419062500000006,2.6731337308883667,1
1866,78835,28.27046324497267,30,0.06383437500000011,2.660885810852051,0
1867,78843,6.5030845877830865,8,0.06373937500000004,2.384019136428833,1
1868,78862,18.269532904983677,19,0.06351375000000004,2.481875443458557,1
1869,78892,24.472732777498912,30,0.06315750000000009,2.7425932437181473,0
1870,78903,9.985180589938087,11,0.06302687500000004,1.7498167753219604,1
1871,78912,7.989136748455963,9,0.06291999999999998,2.472602049509684,1
1872,78921,7.756077718669247,9,0.06281312500000003,3.6250743865966797,1
1873,78938,15.949517761339322,17,0.06261125000000012,2.6708370745182037,1
1874,78956,17.067145021068555,18,0.062397499999999995,1.8670745849609376,1
1875,78962,4.955062641786845,6,0.06232625000000003,1.2366116046905518,1
1876,78983,16.691050947012783,21,0.06207687500000003,2.9286468982696534,1
1877,79013,22.71728348717468,30,0.061720625000000084,2.4160297960042953,0
1878,79034,19.977144049112102,21,0.06147124999999998,2.956997871398926,1
1879,79052,16.784637997043564,18,0.061257500000000076,2.8582061529159546,1
1880,79082,28.796933336894348,30,0.06090125000000002,2.991358688899449,0
1881,79103,17.96668726911787,21,0.06065187500000002,3.103822612762451,1
1882,79133,29.948422224551422,30,0.060295625000000075,2.520661801099777,0
1883,79149,12.921077160040397,16,0.06010562500000005,2.7685884833335876,1
1884,79179,27.638243814423127,30,0.05974937499999999,2.2315841232027327,0
1885,79191,10.953209672905878,12,0.05960687500000006,2.2757439613342285,1
1886,79199,7.1175838778317395,8,0.05951187499999999,1.456170678138733,1
1887,79205,5.121560917698454,6,0.059440625000000136,2.1543240547180176,1
1888,79216,9.87539099329427,11,0.059310000000000085,1.4801635940869649,1
1889,79231,11.57160989217446,15,0.059131875000000056,2.323153853416443,1
1890,79261,27.544011380426767,30,0.058775625,2.6763456016778946,0
1891,79288,24.953459531507416,27,0.058455000000000035,2.8676531314849854,1
1892,79318,29.93813113376224,30,0.05809875000000009,2.2448779003960744,0
1893,79336,16.193829378934222,18,0.057884999999999964,2.72590594291687,1
1894,79343,6.054113264966196,7,0.057801875,1.9109636545181274,1
1895,79373,29.944208636159715,30,0.057445625000000056,2.278910681605339,0
1896,79395,19.483679321817494,22,0.057184375000000065,2.048066282272339,1
1897,79416,17.67886973338795,21,0.05693500000000007,2.6017337242762246,1
1898,79436,16.558191247432866,20,0.05669750000000007,2.7810391902923586,1
1899,79466,28.940394950715767,30,0.05634125000000001,2.181649156979152,0
1900,79476,7.372877355585862,10,0.05622249999999995,2.9324262936909995,1
1901,79484,6.584997169257232,8,0.0561275,2.942725896835327,1
1902,79490,4.957172438484455,6,0.05605625000000003,1.215939998626709,1
1903,79503,11.753022932653195,13,0.05590187499999999,3.8643978436787925,1
1904,79513,8.748414892734495,10,0.055783125000000044,2.360771656036377,1
1905,79543,29.54139702151225,30,0.0554268750000001,2.9850592272622243,0
1906,79561,15.744192805410192,18,0.055213124999999974,2.604954481124878,1
1907,79574,11.951610204121137,13,0.055058750000000045,2.414112369219462,1
1908,79587,11.957161889107448,13,0.054904375000000005,2.1856656074523926,1
1909,79592,3.9590471683324666,5,0.05484500000000003,1.8173375129699707,1
1910,79608,14.75619637080003,16,0.05465500000000001,2.320000112056732,1
1911,79629,19.946056237027204,21,0.05440562500000001,2.501095771789551,1
1912,79640,9.747870035692149,11,0.05427499999999996,2.499748786290487,1
1913,79670,29.737711905200726,30,0.053918750000000126,2.503902929169791,0
1914,79700,29.944232948398348,30,0.05356250000000007,2.555638089776039,0
1915,79730,29.194585392665342,30,0.05320625000000001,2.371654953275408,0
1916,79742,10.346230148616128,12,0.053063750000000076,2.6379857063293457,1
1917,79757,14.038767350711995,15,0.05288562500000005,2.9828898906707764,1
1918,79785,26.89636726939938,28,0.05255312499999998,2.401827233178275,1
1919,79807,19.55586621416573,22,0.0522918750000001,3.30351185798645,1
1920,79826,16.381277575216675,19,0.05206625000000009,2.1418878078460692,1
1921,79831,3.9556112295059234,5,0.05200687500000001,2.890293836593628,1
1922,79852,19.587591938200113,21,0.05175750000000001,3.1629136006037393,1
1923,79882,25.942093816607407,30,0.051401250000000065,2.4038829803466797,1
1924,79896,12.668256936494798,14,0.05123500000000003,3.6495394706726074,1
1925,79926,23.51866130947907,30,0.05087874999999997,3.2210926668984547,1
1926,79935,8.275344448970602,9,0.05077187500000002,3.3768686056137085,1
1927,79945,8.556428137266012,10,0.050653124999999966,2.4550939003626504,1
1928,79975,28.79832786403557,30,0.05029687500000013,2.5824500833238875,0
1929,80005,28.34118321636408,30,0.050000000000000044,2.997693121433258,0
1930,80020,13.754067922764964,15,0.050000000000000044,2.5988029837608337,1
1931,80045,18.692251403847454,25,0.050000000000000044,2.057055115699768,1
1932,80061,14.360185661951554,16,0.050000000000000044,3.267563223838806,1
1933,80074,11.95558334452902,13,0.050000000000000044,2.1784321467081704,1
1934,80104,25.18785306309279,30,0.050000000000000044,3.337022125720978,0
1935,80115,9.985739127356112,11,0.050000000000000044,2.1018110513687134,1
1936,80142,19.824795067175625,27,0.050000000000000044,2.6570502860205516,1
1937,80151,8.275343715970555,9,0.050000000000000044,3.2399702072143555,1
1938,80163,11.046471085467402,12,0.050000000000000044,3.3259158929189048,1
1939,80166,2.05230133899174,3,0.050000000000000044,1.6379340887069702,1
1940,80187,16.06078648700696,21,0.050000000000000044,2.8757944107055664,1
1941,80199,10.957161889249791,12,0.050000000000000044,2.136770566304525,1
1942,80209,8.955323653881388,10,0.050000000000000044,2.6193681557973227,1
1943,80227,15.362288496296598,18,0.050000000000000044,3.0198909640312195,1
1944,80247,18.951346899404076,20,0.050000000000000044,2.8147475719451904,1
1945,80265,16.944001268031684,18,0.050000000000000044,2.967512083053589,1
1946,80280,12.964694037106668,15,0.050000000000000044,2.7370340824127197,1
1947,80284,2.9592167598122607,4,0.050000000000000044,2.032120704650879,1
1948,80306,20.03966107873317,22,0.050000000000000044,1.86806161403656,1
1949,80311,3.9572063683176055,5,0.050000000000000044,3.2796738147735596,1
1950,80340,27.57373817773757,29,0.050000000000000044,2.9128856360912323,1
1951,80356,12.114424000507881,16,0.050000000000000044,2.0781413912773132,1
1952,80359,1.9602091714909529,3,0.050000000000000044,nan,1
1953,80368,8.275353120286042,9,0.050000000000000044,2.625560204188029,1
1954,80375,5.874615754323513,7,0.050000000000000044,2.8529887199401855,1
1955,80405,26.358531183192817,30,0.050000000000000044,2.8446122854948044,0
1956,80420,11.555232257749802,15,0.050000000000000044,1.8756135404109955,1
1957,80436,14.843403706949132,16,0.050000000000000044,2.782209873199463,1
1958,80441,3.565886881197478,5,0.050000000000000044,2.7449073791503906,1
1959,80462,20.195798252700264,21,0.050000000000000044,2.738214921951294,1
1960,80467,3.565886881197478,5,0.050000000000000044,2.215543270111084,1
1961,80478,9.983637195013987,11,0.050000000000000044,2.5187299251556396,1
1962,80490,10.360183733968617,12,0.050000000000000044,2.4958765109380088,1
1963,80503,11.951622398089354,13,0.050000000000000044,1.790613333384196,1
1964,80516,11.912232655263253,13,0.050000000000000044,2.3851418495178223,1
1965,80520,2.5634323146893294,4,0.050000000000000044,3.3153891563415527,1
1966,80529,7.9553158299025775,9,0.050000000000000044,2.38002210855484,1
1967,80541,11.275343726903472,12,0.050000000000000044,2.9593917528788247,1
1968,80571,23.699901611644712,30,0.050000000000000044,2.774815116609846,0
1969,80577,4.758342731953968,6,0.050000000000000044,2.078578472137451,1
1970,80607,29.953461620546232,30,0.050000000000000044,3.471266576222011,0
1971,80611,2.9557893636642034,4,0.050000000000000044,1.6780052185058594,1
1972,80628,14.95322101555143,17,0.050000000000000044,3.407997703552246,1
1973,80633,3.9590471683324666,5,0.050000000000000044,1.4980990886688232,1
1974,80659,24.949736828752332,26,0.050000000000000044,2.5505216916402182,1
1975,80678,16.959029519736784,19,0.050000000000000044,2.6601805210113527,1
1976,80684,4.959018187143877,6,0.050000000000000044,2.2409638166427612,1
1977,80714,22.513718769742912,30,0.050000000000000044,2.6214371408735,0
1978,80720,5.1957955760071854,6,0.050000000000000044,2.64729106426239,1
1979,80731,9.557199053775324,11,0.050000000000000044,4.234071969985962,1
1980,80761,25.49813315630578,30,0.050000000000000044,2.526601329445839,0
1981,80779,16.756451333569363,18,0.050000000000000044,3.132899820804596,1
1982,80785,4.754000811405059,6,0.050000000000000044,2.8907079696655273,1
1983,80808,20.15727935428979,23,0.050000000000000044,2.277403016885122,1
1984,80834,23.79559043130384,26,0.050000000000000044,2.29853089650472,1
1985,80843,6.8075600756017645,9,0.050000000000000044,3.65209424495697,1
1986,80853,8.95504905263113,10,0.050000000000000044,3.7294232845306396,1
1987,80863,7.283465068442313,10,0.050000000000000044,2.8200130462646484,1
1988,80888,21.96565489475769,25,0.050000000000000044,2.543907710484096,1
1989,80918,27.559183943985673,30,0.050000000000000044,2.1650558028902327,0
1990,80935,15.073746233487281,17,0.050000000000000044,2.85899555683136,1
1991,80949,12.551149598647397,14,0.050000000000000044,2.777639627456665,1
1992,80979,29.189048310145044,30,0.050000000000000044,2.504150084086827,0
1993,80994,12.392215679844867,15,0.050000000000000044,3.4223856925964355,1
1994,81024,28.94977075430701,30,0.050000000000000044,2.2222960293293,1
1995,81051,25.144944966858414,27,0.050000000000000044,2.709534486134847,1
1996,81081,28.779281236570135,30,0.050000000000000044,2.6180597245693207,0
1997,81102,14.831889574749734,21,0.050000000000000044,2.8022794246673586,1
1998,81132,29.551662417492942,30,0.050000000000000044,2.4221655875444412,0
1999,81146,11.128953994630427,14,0.050000000000000044,3.8832000096639,1
2000,81170,22.74721961938324,24,0.050000000000000044,2.334836562474569,1
2001,81200,24.655175946861956,30,0.050000000000000044,2.397582173347473,0
2002,81216,14.918611772167738,16,0.050000000000000044,1.8565899729728699,1
2003,81236,15.371908526502995,20,0.050000000000000044,2.8046186447143553,1
2004,81260,22.78144254638769,24,0.050000000000000044,2.9317477146784463,1
2005,81283,17.982936444218222,23,0.050000000000000044,2.7362958669662474,1
2006,81291,6.560895240058924,8,0.050000000000000044,2.4492554664611816,1
2007,81303,10.95532554848301,12,0.050000000000000044,3.1641093095143638,1
2008,81310,5.959013234599721,7,0.050000000000000044,1.8983169794082642,1
2009,81340,21.797479507899514,30,0.050000000000000044,2.655160441994667,0
2010,81349,8.275343712979213,9,0.050000000000000044,2.436007499694824,1
2011,81361,11.269262950776328,12,0.050000000000000044,1.7698020736376445,1
2012,81391,28.948173001815995,30,0.050000000000000044,2.9399145671299527,1
2013,81415,20.17307111246162,24,0.050000000000000044,2.5425543189048767,1
2014,81436,17.858458843927117,21,0.050000000000000044,2.5138809283574424,1
2015,81466,23.348627724970004,30,0.050000000000000044,2.1963668210165843,0
2016,81479,11.557199024234489,13,0.050000000000000044,2.236400604248047,1
2017,81499,18.554167486396146,20,0.050000000000000044,2.8701770305633545,1
2018,81504,3.9571975996624404,5,0.050000000000000044,2.5333482027053833,1
2019,81534,25.76043478510916,30,0.050000000000000044,2.989663941519601,0
2020,81546,10.45265900420864,12,0.050000000000000044,3.2779953479766846,1
2021,81570,21.869689910498604,24,0.050000000000000044,2.7308590412139893,1
2022,81574,2.9573710298187494,4,0.050000000000000044,3.0133578777313232,1
2023,81604,22.437886248390758,30,0.050000000000000044,3.162622094154358,0
2024,81622,15.590729707960206,18,0.050000000000000044,2.924612283706665,1
2025,81652,29.74283875172521,30,0.050000000000000044,2.6601378470659256,0
2026,81682,28.34015816558104,30,0.050000000000000044,3.026706406048366,0
2027,81712,28.859570604062316,30,0.050000000000000044,2.659938856959343,0
2028,81742,28.541033246457495,30,0.050000000000000044,2.60492696080889,0
2029,81766,20.20720096369268,24,0.050000000000000044,2.8289051055908203,1
2030,81770,2.9573710298187494,4,0.050000000000000044,2.1060752868652344,1
2031,81775,3.565886881197478,5,0.050000000000000044,2.099792957305908,1
2032,81796,19.2376942280754,21,0.050000000000000044,2.7574896216392517,1
2033,81826,23.98384258390144,30,0.050000000000000044,2.5815173387527466,0
2034,81856,29.943942250393203,30,0.050000000000000044,2.7491335272789,0
2035,81865,7.955312114889649,9,0.050000000000000044,2.4280096292495728,1
2036,81872,6.193932645164197,7,0.050000000000000044,2.576601505279541,1
2037,81877,4.273771171028523,5,0.050000000000000044,3.113875150680542,1
2038,81889,9.9550703314132,12,0.050000000000000044,2.8373515605926514,1
2039,81897,6.57813762732699,8,0.050000000000000044,2.3813600540161133,1
2040,81927,29.54244178626597,30,0.050000000000000044,2.5689429896218434,0
2041,81953,23.156297705470998,26,0.050000000000000044,2.4217505625316074,1
2042,81973,18.943113381265867,20,0.050000000000000044,2.234125220775604,1
2043,81980,5.95716303443921,7,0.050000000000000044,2.4114556312561035,1
2044,81990,8.389126282052047,10,0.050000000000000044,3.2920976877212524,1
2045,82010,16.770996146694433,20,0.050000000000000044,2.908929204940796,1
2046,82021,10.054113223966796,11,0.050000000000000044,2.9103161493937173,1
2047,82040,17.951862413874192,19,0.050000000000000044,2.713551092147827,1
2048,82045,4.054114629085036,5,0.050000000000000044,1.677940845489502,1
2049,82057,10.552744154899486,12,0.050000000000000044,4.011107444763184,1
2050,82079,15.443590369704069,22,0.050000000000000044,3.10743088722229,1
2051,82103,21.796380305240056,24,0.050000000000000044,2.60895570119222,1
2052,82133,28.947643344371407,30,0.050000000000000044,2.8073138147592545,1
2053,82163,25.975913581459544,30,0.050000000000000044,2.0879088640213013,0
2054,82171,7.123406168209652,8,0.050000000000000044,2.778993844985962,1
2055,82201,22.83305423597154,30,0.050000000000000044,2.0599984526634216,0
2056,82220,17.541925871665292,19,0.050000000000000044,2.750385284423828,1
2057,82238,16.15947170068099,18,0.050000000000000044,2.6098011881113052,1
2058,82255,15.947395111267065,17,0.050000000000000044,1.4790456146001816,1
2059,82261,4.957168006567855,6,0.050000000000000044,2.1404749155044556,1
2060,82268,5.593571954316847,7,0.050000000000000044,2.790509819984436,1
2061,82289,19.949775767261073,21,0.050000000000000044,2.9250072956085207,1
2062,82294,3.9572014196905787,5,0.050000000000000044,2.946080207824707,1
2063,82307,12.041918730355755,13,0.050000000000000044,2.47674032052358,1
2064,82317,8.953208229359685,10,0.050000000000000044,2.53383469581604,1
2065,82322,3.557624920501958,5,0.050000000000000044,1.7595118284225464,1
2066,82326,2.9592167598122607,4,0.050000000000000044,1.423140287399292,1
2067,82356,29.352642352178275,30,0.050000000000000044,2.684196688234806,0
2068,82374,13.996615591508522,18,0.050000000000000044,1.9573204517364502,1
2069,82389,12.564449242906012,15,0.050000000000000044,2.7943300008773804,1
2070,82391,0.9850976595546611,2,0.050000000000000044,nan,1
2071,82421,29.746392688488676,30,0.050000000000000044,2.680100843310356,0
2072,82436,12.549496398519489,15,0.050000000000000044,2.936182141304016,1
2073,82445,7.955316190091163,9,0.050000000000000044,2.253428339958191,1
2074,82458,12.195794781224608,13,0.050000000000000044,2.058802286783854,1
2075,82485,21.024823556135253,27,0.050000000000000044,2.1901061705180576,1
2076,82499,12.7885963208238,14,0.050000000000000044,2.719782988230387,1
2077,82505,3.9959742442916064,6,0.050000000000000044,2.6533459424972534,1
2078,82521,13.952416674402937,16,0.050000000000000044,2.549778312444687,1
2079,82529,6.718964058892025,8,0.050000000000000044,2.846182107925415,1
2080,82535,4.989439776723112,6,0.050000000000000044,1.9408031702041626,1
2081,82541,4.757953414991336,6,0.050000000000000044,2.769001007080078,1
2082,82546,3.9572063683176055,5,0.050000000000000044,3.884469985961914,1
2083,82568,20.758555531389845,22,0.050000000000000044,2.5022066036860147,1
2084,82582,12.959012213835136,14,0.050000000000000044,2.0937106609344482,1
2085,82594,10.95716201380008,12,0.050000000000000044,2.7978455225626626,1
2086,82624,24.101607223445384,30,0.050000000000000044,2.5370040610432625,0
2087,82647,21.194096766222472,23,0.050000000000000044,1.9447786331176757,1
2088,82677,27.194887176370273,30,0.050000000000000044,2.720286875963211,0
2089,82690,11.947919143041755,13,0.050000000000000044,2.305971066157023,1
2090,82699,7.996554846703921,9,0.050000000000000044,2.225933015346527,1
2091,82708,7.552486348052271,9,0.050000000000000044,2.976756731669108,1
2092,82721,11.953472213064735,13,0.050000000000000044,3.0913042227427163,1
2093,82751,28.737920744968115,30,0.050000000000000044,2.9152447836739674,0
2094,82761,8.957161897788737,10,0.050000000000000044,2.6165107091267905,1
2095,82769,6.957162188088722,8,0.050000000000000044,2.629927158355713,1
2096,82787,16.949484205535846,18,0.050000000000000044,2.040676325559616,1
2097,82817,28.591175264297508,30,0.050000000000000044,2.7737630009651184,0
2098,82847,29.540068797659526,30,0.050000000000000044,2.9345260688236783,0
2099,82866,17.94950972839087,19,0.050000000000000044,2.510032844543457,1
2100,82883,14.962093225804809,17,0.050000000000000044,2.3817315697669983,1
2101,82888,4.273513721036602,5,0.050000000000000044,1.7389445900917053,1
2102,82898,7.398679577868773,10,0.050000000000000044,2.1339210271835327,1
2103,82928,27.7576346799692,30,0.050000000000000044,2.360566034913063,0
2104,82958,29.744702665017787,30,0.050000000000000044,1.8446671281542097,0
2105,82978,18.005675844868733,20,0.050000000000000044,1.8701958417892457,1
2106,82993,10.656900296870806,15,0.050000000000000044,1.683324784040451,1
2107,83023,29.94425716758467,30,0.050000000000000044,3.023281046322414,0
2108,83027,2.9592167598122607,4,0.050000000000000044,2.7275595664978027,1
2109,83040,11.591695155889964,13,0.050000000000000044,3.175713837146759,1
2110,83053,11.786475246415916,13,0.050000000000000044,2.23665984471639,1
2111,83064,9.952921311077322,11,0.050000000000000044,2.945911486943563,1
2112,83078,12.041456494715604,14,0.050000000000000044,3.215546131134033,1
2113,83094,14.94288544446499,16,0.050000000000000044,2.7032204270362854,1
2114,83111,16.26769540529975,17,0.050000000000000044,2.3688490092754364,1
2115,83120,7.9590122436400925,9,0.050000000000000044,2.9098479747772217,1
2116,83137,15.716058584700841,17,0.050000000000000044,3.881164073944092,1
2117,83151,12.35659389237412,14,0.050000000000000044,2.7202306588490806,1
2118,83157,4.9555893528467045,6,0.050000000000000044,2.652457118034363,1
2119,83166,7.9590122436400925,9,0.050000000000000044,1.9636256098747253,1
2120,83172,4.957177290232426,6,0.050000000000000044,3.6987082958221436,1
2121,83192,17.846881814360703,20,0.050000000000000044,2.2388149976730345,1
2122,83211,14.776155346719912,19,0.050000000000000044,3.0620514154434204,1
2123,83221,8.959012218924851,10,0.050000000000000044,2.4212092558542886,1
2124,83228,5.955301344982779,7,0.050000000000000044,3.7567880153656006,1
2125,83255,25.14166906821285,27,0.050000000000000044,2.303696592648824,1
2126,83270,13.847197113591779,15,0.050000000000000044,3.009951591491699,1
2127,83275,3.984052395616735,5,0.050000000000000044,2.429854154586792,1
2128,83286,9.955328029760722,11,0.050000000000000044,3.5050007502237954,1
2129,83291,3.9571975996624404,5,0.050000000000000044,0.9100797176361084,1
2130,83319,26.749311059978638,28,0.050000000000000044,3.154858248574393,1
2131,83336,15.912021060520809,17,0.050000000000000044,3.0083852291107176,1
2132,83366,21.064144682305542,30,0.050000000000000044,2.797429050718035,0
2133,83371,3.984052395616735,5,0.050000000000000044,1.9755358695983887,1
2134,83401,29.938432655864688,30,0.050000000000000044,2.6621105819940567,0
2135,83419,16.951334475602646,18,0.050000000000000044,2.552569568157196,1
2136,83430,9.552851198513231,11,0.050000000000000044,2.9560234546661377,1
2137,83449,15.956005118830571,19,0.050000000000000044,2.4921264171600344,1
2138,83469,18.751149077578095,20,0.050000000000000044,2.6826422691345213,1
2139,83499,29.93285272208918,30,0.050000000000000044,2.8736823116030012,0
2140,83502,1.9602091714909529,3,0.050000000000000044,3.3982419967651367,1
2141,83518,14.959012213830917,16,0.050000000000000044,2.6512304842472076,1
2142,83523,4.121550765822215,5,0.050000000000000044,3.6399450302124023,1
2143,83542,17.754598707210615,19,0.050000000000000044,2.847468137741089,1
2144,83549,5.959013234599721,7,0.050000000000000044,3.3210034370422363,1
2145,83574,20.176165584012473,25,0.050000000000000044,2.8415492177009583,1
2146,83604,29.949220991822873,30,0.050000000000000044,3.1973972618579865,0
2147,83615,10.189976342702499,11,0.050000000000000044,1.7852880954742432,1
2148,83626,9.950011177629476,11,0.050000000000000044,3.805793841679891,1
2149,83656,26.525037171887345,30,0.050000000000000044,2.6742511987686157,0
2150,83683,23.960745113304792,27,0.050000000000000044,2.7877110640207925,1
2151,83709,24.945804186369667,26,0.050000000000000044,1.992369600704738,1
2152,83739,27.564870302819347,30,0.050000000000000044,2.678779363632202,0
2153,83748,7.957162655504025,9,0.050000000000000044,1.7744073867797852,1
2154,83778,29.743518628709882,30,0.050000000000000044,2.9636288370404924,0
2155,83791,11.753964059400898,13,0.050000000000000044,1.90105136235555,1
2156,83816,23.953460863516337,25,0.050000000000000044,2.3209140641348704,1
2157,83821,3.922329971258596,5,0.050000000000000044,3.718564987182617,1
2158,83831,9.05411322413658,10,0.050000000000000044,3.169142961502075,1
2159,83839,7.193960721487352,8,0.050000000000000044,2.6742743253707886,1
2160,83858,14.415591199118186,19,0.050000000000000044,2.379310703277588,1
2161,83878,18.553343687544576,20,0.050000000000000044,2.349856638908386,1
2162,83899,20.110224037970326,21,0.050000000000000044,3.0191176891326905,1
2163,83908,6.401993897106712,9,0.050000000000000044,2.768381675084432,1
2164,83914,5.195336268924597,6,0.050000000000000044,2.2317018508911133,1
2165,83944,29.74138036993776,30,0.050000000000000044,2.973492205142975,0
2166,83967,22.041354147643347,23,0.050000000000000044,3.465146207809448,1
2167,83989,20.558362208579133,22,0.050000000000000044,2.166471282641093,1
2168,83995,4.952939218797781,6,0.050000000000000044,2.4711978435516357,1
2169,84006,9.955311931569382,11,0.050000000000000044,3.0026243527730307,1
2170,84034,21.24239196674598,28,0.050000000000000044,3.0600617613111223,1
2171,84057,19.698883693424893,23,0.050000000000000044,1.9998185634613037,1
2172,84071,12.955308929762687,14,0.050000000000000044,2.168795426686605,1
2173,84091,16.49752990902661,20,0.050000000000000044,3.269638252258301,1
2174,84118,25.951095667830394,27,0.050000000000000044,2.6359688895089284,1
2175,84148,29.732287251062782,30,0.050000000000000044,2.24531190097332,0
2176,84166,16.751837805781935,18,0.050000000000000044,1.9349672049283981,1
2177,84196,28.744228005282,30,0.050000000000000044,3.2903248369693756,0
2178,84226,29.943962078871973,30,0.050000000000000044,2.1091063703809465,0
2179,84253,25.541600416992203,27,0.050000000000000044,2.2843328969819203,1
2180,84272,17.662276623404857,19,0.050000000000000044,3.414411020278931,1
2181,84281,7.849055061704283,9,0.050000000000000044,2.9088679552078247,1
2182,84288,5.718966548476697,7,0.050000000000000044,2.4406787157058716,1
2183,84294,4.554774171006927,6,0.050000000000000044,2.6969704627990723,1
2184,84324,29.78146709526683,30,0.050000000000000044,2.222893327474594,0
2185,84350,24.951334471314553,26,0.050000000000000044,2.6866286794344583,1
2186,84355,3.7546839664486926,5,0.050000000000000044,1.9290990829467773,1
2187,84379,22.354646251934,24,0.050000000000000044,2.7566494941711426,1
2188,84396,15.199876021680073,17,0.050000000000000044,2.5673012018203734,1
2189,84409,12.114990967274903,13,0.050000000000000044,2.9477384885152182,1
2190,84439,29.555070583586343,30,0.050000000000000044,3.183140363012041,0
2191,84457,15.157310455366071,18,0.050000000000000044,3.1125885009765626,1
2192,84471,12.953485483139785,14,0.050000000000000044,2.6685953934987388,1
2193,84501,29.346858410688213,30,0.050000000000000044,2.6933532655239105,0
2194,84522,19.942696051570664,21,0.050000000000000044,2.918985366821289,1
2195,84534,10.159481283605462,12,0.050000000000000044,3.3724560737609863,1
2196,84555,19.94264193136226,21,0.050000000000000044,2.898184561729431,1
2197,84559,2.9592167598122607,4,0.050000000000000044,2.5843284130096436,1
2198,84569,8.95716191389576,10,0.050000000000000044,2.694195032119751,1
2199,84572,1.9602091714909529,3,0.050000000000000044,3.5433077812194824,1
2200,84577,3.9590471683324666,5,0.050000000000000044,1.9771604537963867,1
2201,84581,3.0505961767749987,4,0.050000000000000044,3.203791618347168,1
2202,84602,19.15367315061506,21,0.050000000000000044,2.386270272731781,1
2203,84626,22.94370529742477,24,0.050000000000000044,2.7708014249801636,1
2204,84634,6.95530467113273,8,0.050000000000000044,2.2160667181015015,1
2205,84660,21.783128129959014,26,0.050000000000000044,2.484000257083348,1
2206,84690,29.741253383300013,30,0.050000000000000044,2.339165006365095,0
2207,84708,16.552727735921792,18,0.050000000000000044,2.527855968475342,1
2208,84713,3.987566273103037,5,0.050000000000000044,3.013657569885254,1
2209,84738,23.789081490312093,25,0.050000000000000044,1.9620407621065776,1
2210,84764,24.53320397492569,26,0.050000000000000044,2.6840989930289134,1
2211,84794,28.116648709715523,30,0.050000000000000044,2.9674947943006242,0
2212,84802,6.953735519775307,8,0.050000000000000044,2.284263253211975,1
2213,84814,10.951631214724866,12,0.050000000000000044,3.006901820500692,1
2214,84838,20.96432912706483,24,0.050000000000000044,2.3104034662246704,1
2215,84851,12.040547053299772,13,0.050000000000000044,3.5869126319885254,1
2216,84881,29.75250647877277,30,0.050000000000000044,2.2765188813209534,0
2217,84904,21.574699065234224,23,0.050000000000000044,2.555217683315277,1
2218,84931,25.53700952028989,27,0.050000000000000044,2.2677531441052756,1
2219,84956,20.534483654684436,25,0.050000000000000044,2.8259551354816983,1
2220,84967,9.953448952391586,11,0.050000000000000044,2.010716736316681,1
2221,84984,15.946023270600474,17,0.050000000000000044,3.054082727432251,1
2222,85014,28.951382917276106,30,0.050000000000000044,2.523847426686968,0
2223,85044,29.94084344147344,30,0.050000000000000044,2.1988207548856735,0
2224,85049,3.3619134677517817,5,0.050000000000000044,2.826329469680786,1
2225,85069,18.593139068325694,20,0.050000000000000044,2.5511672496795654,1
2226,85080,9.757918465583721,11,0.050000000000000044,3.3805270989735923,1
2227,85110,29.94081294808726,30,0.050000000000000044,2.770509958267212,0
2228,85125,13.55546958421839,15,0.050000000000000044,3.237979233264923,1
2229,85133,7.115731333708089,8,0.050000000000000044,1.5785449147224426,1
2230,85135,0.9660165442504834,2,0.050000000000000044,nan,1
2231,85151,14.848592127166674,16,0.050000000000000044,2.630594164133072,1
2232,85160,7.788346068558313,9,0.050000000000000044,2.5491923491160073,1
2233,85180,16.563279936193773,20,0.050000000000000044,2.840300703048706,1
2234,85187,5.959013234599721,7,0.050000000000000044,4.249078273773193,1
2235,85209,19.441528768715948,22,0.050000000000000044,2.8831068674723306,1
2236,85223,12.955333010227692,14,0.050000000000000044,2.8139416376749673,1
2237,85253,29.744278357907135,30,0.050000000000000044,2.5535157322883606,0
2238,85259,3.8489217864473027,6,0.050000000000000044,2.956785202026367,1
2239,85265,4.788345797603082,6,0.050000000000000044,2.8601455688476562,1
2240,85287,16.13604607037691,22,0.050000000000000044,2.8780745029449464,1
2241,85317,28.07218166272246,30,0.050000000000000044,3.4600465893745422,0
2242,85347,27.35118437815612,30,0.050000000000000044,2.5638656275612965,1
2243,85356,7.391376804091973,9,0.050000000000000044,2.6214104493459067,1
2244,85377,19.940853962011467,21,0.050000000000000044,3.017649459838867,1
2245,85385,6.556433936141696,8,0.050000000000000044,2.4360889196395874,1
2246,85415,22.55208547801731,30,0.050000000000000044,2.6669159616742815,0
2247,85419,2.7591154181621453,4,0.050000000000000044,2.496677875518799,1
2248,85427,6.552997031821812,8,0.050000000000000044,3.7079386711120605,1
2249,85437,8.752105096215896,10,0.050000000000000044,2.5019152959187827,1
2250,85442,3.9590471683324666,5,0.050000000000000044,3.0524938106536865,1
2251,85450,6.756069281516352,8,0.050000000000000044,3.680464267730713,1
2252,85466,14.752501416862124,16,0.050000000000000044,2.5212455689907074,1
2253,85485,17.748545310366833,19,0.050000000000000044,2.7213621139526367,1
2254,85512,25.95134725126964,27,0.050000000000000044,2.2729530334472656,1
2255,85521,7.753964241045095,9,0.050000000000000044,3.4085174798965454,1
2256,85529,6.957162188088722,8,0.050000000000000044,2.8102980852127075,1
2257,85535,4.957172438484455,6,0.050000000000000044,4.001736164093018,1
2258,85545,8.957162630788783,10,0.050000000000000044,2.819000800450643,1
2259,85575,28.95506953551178,30,0.050000000000000044,2.4031528064182828,0
2260,85585,8.95163382450356,10,0.050000000000000044,3.1794822216033936,1
2261,85615,26.909187125315068,30,0.050000000000000044,2.3525385005133495,0
2262,85642,25.973833284597042,27,0.050000000000000044,2.6241829224995206,1
2263,85658,14.957161892694803,16,0.050000000000000044,2.841281294822693,1
2264,85686,25.869095032458386,28,0.050000000000000044,3.369142600468227,1
2265,85699,11.561284941974034,13,0.050000000000000044,2.29075292746226,1
2266,85720,19.945248486140848,21,0.050000000000000044,2.8088151613871255,1
2267,85750,23.353679532622003,30,0.050000000000000044,3.081933174814497,0
2268,85755,3.786471570541958,5,0.050000000000000044,2.1648809909820557,1
2269,85778,21.751674943322378,23,0.050000000000000044,2.1337790290514627,1
2270,85800,20.949748945305767,22,0.050000000000000044,2.5768665870030723,1
2271,85824,19.481131337244722,24,0.050000000000000044,3.183098793029785,1
2272,85854,28.995971863162442,30,0.050000000000000044,2.2125055960246494,0
2273,85871,15.983162716513927,17,0.050000000000000044,2.8329541087150574,1
2274,85884,9.773653197914125,13,0.050000000000000044,2.2843525111675262,1
2275,85898,12.953460984190066,14,0.050000000000000044,2.572199741999308,1
2276,85928,22.082804149016322,30,0.050000000000000044,2.9169974625110626,0
2277,85931,1.9602091714909529,3,0.050000000000000044,nan,1
2278,85951,18.950043692593113,20,0.050000000000000044,3.018876647949219,1
2279,85963,8.92033167243839,12,0.050000000000000044,3.1898678143819175,1
2280,85993,29.749321551200737,30,0.050000000000000044,2.5943727493286133,0
2281,86006,11.942646097956024,13,0.050000000000000044,1.5617588758468628,1
2282,86030,22.151785437320193,24,0.050000000000000044,2.7806440194447837,1
2283,86052,20.940594417889816,22,0.050000000000000044,3.113131046295166,1
2284,86061,7.955299568501246,9,0.050000000000000044,2.246293783187866,1
2285,86081,18.549009549765028,20,0.050000000000000044,2.5045684337615968,1
2286,86111,24.30542758511199,30,0.050000000000000044,2.6817868777683804,0
2287,86124,12.044017154211982,13,0.050000000000000044,3.2873308062553406,1
2288,86131,5.753970287447671,7,0.050000000000000044,2.9840526580810547,1
2289,86151,18.95346124277991,20,0.050000000000000044,2.6333536386489866,1
2290,86181,23.63263806626938,30,0.050000000000000044,2.9879565834999084,0
2291,86204,21.9494933559243,23,0.050000000000000044,2.8791173497835794,1
2292,86214,8.955583349627183,10,0.050000000000000044,2.256323218345642,1
2293,86222,6.756199521081888,8,0.050000000000000044,4.019004821777344,1
2294,86240,14.840505539669543,18,0.050000000000000044,3.3582042694091796,1
2295,86270,29.536396186769466,30,0.050000000000000044,3.376578518322536,0
2296,86284,12.756077543677552,14,0.050000000000000044,3.4046180844306946,1
2297,86293,7.9590122436400925,9,0.050000000000000044,2.491698741912842,1
2298,86308,14.193685411173531,15,0.050000000000000044,2.528448760509491,1
2299,86327,17.955323628384956,19,0.050000000000000044,3.3438889384269714,1
2300,86349,19.549077228580035,22,0.050000000000000044,3.0442883570988974,1
2301,86354,4.275359108414245,5,0.050000000000000044,3.226315498352051,1
2302,86367,11.953733023061243,13,0.050000000000000044,3.4937864939371743,1
2303,86397,29.950033198197612,30,0.050000000000000044,3.0410957038402557,0
2304,86408,9.957161890554847,11,0.050000000000000044,2.5039432843526206,1
2305,86413,3.9572014196905787,5,0.050000000000000044,2.7316367626190186,1
2306,86442,27.728060894199686,29,0.050000000000000044,3.5091569423675537,1
2307,86452,8.9857270459652,10,0.050000000000000044,3.0844045082728067,1
2308,86472,18.942140257328195,20,0.050000000000000044,2.9761197566986084,1
2309,86502,28.542394692169964,30,0.050000000000000044,2.9697007962635587,1
2310,86508,4.957172438484455,6,0.050000000000000044,2.5741447806358337,1
2311,86533,21.372022488208554,25,0.050000000000000044,2.9146116574605307,1
2312,86547,12.996934616948105,14,0.050000000000000044,2.0754977464675903,1
2313,86575,26.94584353660656,28,0.050000000000000044,3.0201846190861295,1
2314,86592,15.94923296701043,17,0.050000000000000044,2.795488214492798,1
2315,86602,8.163563641689331,10,0.050000000000000044,3.3307818174362183,1
2316,86611,7.159512633738556,9,0.050000000000000044,3.4003931283950806,1
2317,86616,3.9556185106781476,5,0.050000000000000044,3.8173739910125732,1
2318,86645,27.107511586103477,29,0.050000000000000044,3.0123904091971263,1
2319,86666,18.565116559110205,21,0.050000000000000044,2.7089030265808107,1
2320,86671,3.9572014196905787,5,0.050000000000000044,2.5443115234375,1
2321,86678,5.9550588766979375,7,0.050000000000000044,2.8507694005966187,1
2322,86708,29.541053389024132,30,0.050000000000000044,2.924519509077072,0
2323,86721,11.755326616693077,13,0.050000000000000044,3.2337136268615723,1
2324,86738,15.795110715596028,17,0.050000000000000044,2.7230076789855957,1
2325,86748,7.3635697156336555,10,0.050000000000000044,2.662877003351847,1
2326,86755,5.7560835374802775,7,0.050000000000000044,2.7781901359558105,1
2327,86772,14.40194719920855,17,0.050000000000000044,2.639569902420044,1
2328,86791,17.947660639555536,19,0.050000000000000044,2.2861254513263702,1
2329,86798,5.453105271670775,7,0.050000000000000044,3.0772541761398315,1
2330,86818,18.95504754105998,20,0.050000000000000044,2.8665703535079956,1
2331,86840,20.95162373044151,22,0.050000000000000044,2.9116212129592896,1
2332,86870,29.34680559303913,30,0.050000000000000044,3.0301521675927297,0
2333,86888,16.551408601916854,18,0.050000000000000044,2.479868173599243,1
2334,86900,9.361208550039258,12,0.050000000000000044,3.8141730626424155,1
2335,86914,12.951346304168782,14,0.050000000000000044,3.11684242884318,1
2336,86921,5.959013234599721,7,0.050000000000000044,2.37160587310791,1
2337,86951,26.24634136366619,30,0.050000000000000044,2.8593602861676897,0
2338,86973,20.951070944298078,22,0.050000000000000044,2.6075405875841775,1
2339,87003,26.014740273284694,30,0.050000000000000044,2.884162323815482,0
2340,87031,26.367424714749088,28,0.050000000000000044,2.6590802328927174,1
2341,87047,14.947390205312782,16,0.050000000000000044,3.291774034500122,1
2342,87057,8.959012218924851,10,0.050000000000000044,2.7347164154052734,1
2343,87077,19.18785773181216,20,0.050000000000000044,2.7281025886535644,1
2344,87085,5.597529522407721,8,0.050000000000000044,3.692265272140503,1
2345,87095,8.953472257557891,10,0.050000000000000044,2.524674892425537,1
2346,87101,4.756112614600217,6,0.050000000000000044,2.378463089466095,1
2347,87112,9.953184802291096,11,0.050000000000000044,3.075261036554972,1
2348,87117,3.9572014196905787,5,0.050000000000000044,3.326314926147461,1
2349,87147,28.93869407219388,30,0.050000000000000044,2.37008649962289,1
2350,87156,7.955316177977673,9,0.050000000000000044,2.9436925252278647,1
2351,87175,14.085853896780547,19,0.050000000000000044,2.9736908674240112,1
2352,87185,8.953745527549842,10,0.050000000000000044,3.0245152711868286,1
2353,87190,3.9590471683324666,5,0.050000000000000044,1.9175721406936646,1
2354,87197,5.2031904491134595,7,0.050000000000000044,2.5575997829437256,1
2355,87201,2.5303362703391885,4,0.050000000000000044,3.8818721771240234,1
2356,87211,8.362422325508811,10,0.050000000000000044,3.135830879211426,1
2357,87231,14.822887903512894,20,0.050000000000000044,2.6304789543151856,1
2358,87242,9.760148582561214,11,0.050000000000000044,3.1321218013763428,1
2359,87254,10.953442112327924,12,0.050000000000000044,2.6908865769704184,1
2360,87271,15.193137626113572,17,0.050000000000000044,2.7493565380573273,1
2361,87295,21.65171288035163,24,0.050000000000000044,2.5728758573532104,1
2362,87304,7.788969957484212,9,0.050000000000000044,2.800541321436564,1
2363,87314,8.985475194136798,10,0.050000000000000044,2.770843982696533,1
2364,87344,29.943969326247725,30,0.050000000000000044,3.0117481648921967,0
2365,87350,4.951890637977286,6,0.050000000000000044,1.919872760772705,1
2366,87369,15.181508775355214,19,0.050000000000000044,2.6193018436431883,1
2367,87374,4.0493067424197795,5,0.050000000000000044,4.855963706970215,1
2368,87384,8.758468585890832,10,0.050000000000000044,2.5226997534434,1
2369,87406,20.945004739830583,22,0.050000000000000044,3.639380598068237,1
2370,87424,16.875098662196557,18,0.050000000000000044,3.2799915790557863,1
2371,87430,4.959018187143877,6,0.050000000000000044,3.3527467250823975,1
2372,87437,5.959013234599721,7,0.050000000000000044,3.161053419113159,1
2373,87457,18.947681920433148,20,0.050000000000000044,3.248014307022095,1
2374,87474,13.768082229970796,17,0.050000000000000044,2.8199222087860107,1
2375,87478,2.9592167598122607,4,0.050000000000000044,3.3663699626922607,1
2376,87502,22.953461616489257,24,0.050000000000000044,2.473568022251129,1
2377,87520,14.051477516630294,18,0.050000000000000044,3.0929064750671387,1
2378,87524,3.1205497226643177,4,0.050000000000000044,1.9001190662384033,1
2379,87532,6.9571666396087695,8,0.050000000000000044,3.9087427854537964,1
2380,87554,21.043257950426582,22,0.050000000000000044,3.0064324855804445,1
2381,87558,2.766160496208155,4,0.050000000000000044,3.708414316177368,1
2382,87573,11.40809179306517,15,0.050000000000000044,2.9600984156131744,1
2383,87585,10.752116321558159,12,0.050000000000000044,2.5364064375559487,1
2384,87591,5.121560917698454,6,0.050000000000000044,3.6540474891662598,1
2385,87613,20.944493321501483,22,0.050000000000000044,2.344732920328776,1
2386,87626,11.985716207415821,13,0.050000000000000044,2.5343557596206665,1
2387,87633,5.855289523048503,7,0.050000000000000044,2.9224787950515747,1
2388,87639,4.753985655276837,6,0.050000000000000044,4.098089218139648,1
2389,87648,8.078499992222827,9,0.050000000000000044,2.8891612688700357,1
2390,87678,29.542401136325484,30,0.050000000000000044,2.2940827437809537,0
2391,87685,5.953746755068342,7,0.050000000000000044,4.209228038787842,1
2392,87691,4.957168599026561,6,0.050000000000000044,2.236311435699463,1
2393,87698,6.273486489314548,7,0.050000000000000044,2.4980406761169434,1
2394,87718,16.61240436395529,20,0.050000000000000044,2.5171993136405946,1
2395,87748,28.575044379796413,30,0.050000000000000044,2.9465088844299316,0
2396,87757,7.955333043509096,9,0.050000000000000044,2.056747555732727,1
2397,87787,23.333389073463294,30,0.050000000000000044,2.846402815410069,1
2398,87800,12.26926217052446,13,0.050000000000000044,3.062578558921814,1
2399,87825,20.573864810158195,25,0.050000000000000044,2.6343165238698325,1
2400,87835,8.95716191389576,10,0.050000000000000044,3.2793819904327393,1
2401,87854,16.27872865855392,19,0.050000000000000044,3.324076509475708,1
2402,87860,4.957172438484455,6,0.050000000000000044,2.5607450008392334,1
2403,87889,27.53740649399742,29,0.050000000000000044,2.457441585404532,1
2404,87899,8.191616257278657,10,0.050000000000000044,2.7062461376190186,1
2405,87906,5.955057689223602,7,0.050000000000000044,2.4713233709335327,1
2406,87936,29.739017550032276,30,0.050000000000000044,2.8020480275154114,0
2407,87944,6.957162800132125,8,0.050000000000000044,4.328790187835693,1
2408,87950,4.757953414991336,6,0.050000000000000044,2.4560647010803223,1
2409,87957,4.80086558630402,7,0.050000000000000044,2.5842798948287964,1
2410,87971,11.356538599123732,14,0.050000000000000044,2.542372941970825,1
2411,88001,26.731611978679943,30,0.050000000000000044,2.8016934245824814,0
2412,88009,5.6034832237879835,8,0.050000000000000044,2.803776741027832,1
2413,88020,9.953733144867636,11,0.050000000000000044,2.7386682828267417,1
2414,88035,14.188406629723481,15,0.050000000000000044,2.6896650393803916,1
2415,88047,10.994701027995925,12,0.050000000000000044,2.932464122772217,1
2416,88055,6.204537386929878,8,0.050000000000000044,2.5232512950897217,1
2417,88085,29.941855137238726,30,0.050000000000000044,2.6231816858053207,0
2418,88097,9.36422629594532,12,0.050000000000000044,2.138286749521891,1
2419,88103,5.074256360377375,6,0.050000000000000044,2.845073699951172,1
2420,88108,4.197653101720811,5,0.050000000000000044,3.4134451150894165,1
2421,88126,17.11656692952433,18,0.050000000000000044,2.817171633243561,1
2422,88140,12.957162013655664,14,0.050000000000000044,2.8061937391757965,1
2423,88166,23.758043798919864,26,0.050000000000000044,2.668406387170156,1
2424,88195,26.748246872598614,29,0.050000000000000044,2.651873452322824,1
2425,88217,20.95504754105998,22,0.050000000000000044,2.302772661050161,1
2426,88224,5.95716303443921,7,0.050000000000000044,2.8133572340011597,1
2427,88254,29.7360640953263,30,0.050000000000000044,2.547875336238316,0
2428,88277,21.940792227170686,23,0.050000000000000044,2.0848228534062705,1
2429,88296,15.330609010380888,19,0.050000000000000044,2.678632044792175,1
2430,88317,19.951610936006404,21,0.050000000000000044,3.0159011363983153,1
2431,88346,26.99458065034125,29,0.050000000000000044,2.406292268208095,1
2432,88350,2.957376534134098,4,0.050000000000000044,2.407776355743408,1
2433,88358,6.9571666396087695,8,0.050000000000000044,3.5372185707092285,1
2434,88383,23.388654058006946,25,0.050000000000000044,2.909725228945414,1
2435,88413,29.349198430361657,30,0.050000000000000044,2.721392035484314,0
2436,88418,4.277200005325695,5,0.050000000000000044,3.6811726093292236,1
2437,88437,17.95161105178646,19,0.050000000000000044,3.331040954589844,1
2438,88447,8.753265028021094,10,0.050000000000000044,3.9775805473327637,1
2439,88469,18.234989753759304,22,0.050000000000000044,3.030468503634135,1
2440,88480,9.758306954815929,11,0.050000000000000044,3.1167412598927817,1
2441,88503,21.940279328167648,23,0.050000000000000044,2.7117502212524416,1
2442,88514,8.976101712143794,11,0.050000000000000044,2.601177136103312,1
2443,88541,26.180479032717443,27,0.050000000000000044,3.0886202539716447,1
2444,88557,14.746575738555366,16,0.050000000000000044,2.697745978832245,1
2445,88582,20.493869407512218,25,0.050000000000000044,2.564486583073934,1
2446,88612,29.94525582538048,30,0.050000000000000044,3.165294826030731,0
2447,88641,27.589985119389215,29,0.050000000000000044,2.7203540802001953,1
2448,88663,20.989428802581237,22,0.050000000000000044,2.632320833206177,1
2449,88688,23.94766960979956,25,0.050000000000000044,3.423857535634722,1
2450,88705,15.746013400802498,17,0.050000000000000044,3.090976059436798,1
2451,88728,21.752226745213118,23,0.050000000000000044,2.085629721482595,1
2452,88743,13.95344919182821,15,0.050000000000000044,3.0901883443196616,1
2453,88773,28.95202451140659,30,0.050000000000000044,3.004204109311104,0
2454,88791,16.750528138286462,18,0.050000000000000044,2.3988155126571655,1
2455,88813,20.75034570445155,22,0.050000000000000044,3.0178824265797934,1
2456,88816,1.9583725634928275,3,0.050000000000000044,3.743128776550293,1
2457,88837,19.750900798419483,21,0.050000000000000044,3.038603115081787,1
2458,88841,3.121565971789078,4,0.050000000000000044,1.6019940376281738,1
2459,88848,6.048139372568919,7,0.050000000000000044,2.4856679439544678,1
2460,88878,29.94262093842184,30,0.050000000000000044,2.115045292036874,0
2461,88886,6.161532097380221,8,0.050000000000000044,3.0056499242782593,1
2462,88890,2.853067587644767,4,0.050000000000000044,4.960471153259277,1
2463,88894,2.9875924206988147,4,0.050000000000000044,2.1102726459503174,1
2464,88907,11.955312300691977,13,0.050000000000000044,3.70201309521993,1
2465,88930,22.26373514806366,23,0.050000000000000044,2.2229698499043784,1
2466,88943,11.955311961981169,13,0.050000000000000044,3.2251392205556235,1
2467,88973,29.941815258866544,30,0.050000000000000044,2.438442811369896,0
2468,88976,1.7953289908768333,3,0.050000000000000044,2.8386621475219727,1
2469,88991,14.26981226733182,15,0.050000000000000044,2.7438952922821045,1
2470,89005,12.953984463456479,14,0.050000000000000044,1.9721280634403229,1
2471,89016,9.750551251632126,11,0.050000000000000044,3.1245926221211753,1
2472,89040,22.15498162369791,24,0.050000000000000044,2.5238266388575235,1
2473,89061,20.10802238498485,21,0.050000000000000044,2.324097418785095,1
2474,89079,15.95269354748282,18,0.050000000000000044,2.634268194437027,1
2475,89104,24.11731520059708,25,0.050000000000000044,2.85142605645316,1
2476,89120,14.913054196049913,16,0.050000000000000044,2.902304708957672,1
2477,89140,18.948159012536646,20,0.050000000000000044,3.7206340193748475,1
2478,89158,16.444560668774425,18,0.050000000000000044,3.0519664883613586,1
2479,89172,13.039578477490803,14,0.050000000000000044,3.325685977935791,1
2480,89180,5.728251989915124,8,0.050000000000000044,2.1398757696151733,1
2481,89188,7.121555826194297,8,0.050000000000000044,2.884744644165039,1
2482,89192,2.9592167598122607,4,0.050000000000000044,3.1596250534057617,1
2483,89208,14.947638453663053,16,0.050000000000000044,2.462708503007889,1
2484,89235,23.02436678324003,27,0.050000000000000044,3.122371335824331,1
2485,89243,6.959012388268193,8,0.050000000000000044,2.182279348373413,1
2486,89269,24.942140636864846,26,0.050000000000000044,3.3564668893814087,1
2487,89284,13.752631055661254,15,0.050000000000000044,3.047072947025299,1
2488,89314,29.943152762151808,30,0.050000000000000044,2.610129714012146,0
2489,89340,24.941817885099553,26,0.050000000000000044,2.2362874916621616,1
2490,89344,3.275379417844259,4,0.050000000000000044,2.3433408737182617,1
2491,89368,22.66147119274689,24,0.050000000000000044,2.96121076742808,1
2492,89392,22.94210542311255,24,0.050000000000000044,2.3723520239194236,1
2493,89404,10.953472231639232,12,0.050000000000000044,1.7949963013331096,1
2494,89414,9.05411322413658,10,0.050000000000000044,1.8203821182250977,1
2495,89426,10.75448102635133,12,0.050000000000000044,2.3501847982406616,1
2496,89433,5.959013234599721,7,0.050000000000000044,2.3492491245269775,1
2497,89442,7.354915089065883,9,0.050000000000000044,2.9209872484207153,1
2498,89456,13.188023462880874,14,0.050000000000000044,3.403550863265991,1
2499,89486,29.935016979968385,30,0.050000000000000044,2.851429292133876,0
2500,89516,29.547823034034984,30,0.050000000000000044,2.440929412841797,0
2501,89530,12.756068135766318,14,0.050000000000000044,3.0412396589914956,1
2502,89560,29.93630268750884,30,0.050000000000000044,3.4176728427410126,0
2503,89564,3.0522756612359205,4,0.050000000000000044,3.32012677192688,1
2504,89594,29.942115770859232,30,0.050000000000000044,2.319255931036813,0
2505,89611,15.784657421541402,17,0.050000000000000044,2.3568124771118164,1
2506,89634,21.951359336569688,23,0.050000000000000044,2.68012535572052,1
2507,89664,29.737610363896085,30,0.050000000000000044,2.765087902545929,0
2508,89680,14.353864099620337,16,0.050000000000000044,2.10282501578331,1
2509,89708,27.25001768456924,28,0.050000000000000044,3.0142307622092113,1
2510,89723,14.11312886009775,15,0.050000000000000044,2.7430479526519775,1
2511,89753,29.548759648785534,30,0.050000000000000044,2.647586703300476,0
2512,89757,2.9928761909786843,4,0.050000000000000044,2.3035988807678223,1
2513,89763,4.953752974851815,6,0.050000000000000044,2.40756893157959,1
2514,89781,16.747979133994445,18,0.050000000000000044,2.8191179275512694,1
2515,89811,29.542946981320775,30,0.050000000000000044,3.243239334651402,0
2516,89820,7.9590122436400925,9,0.050000000000000044,2.2621938387552896,1
2517,89850,29.34070275289058,30,0.050000000000000044,2.9855208567210605,0
2518,89868,14.962604016559377,18,0.050000000000000044,2.7164333343505858,1
2519,89898,29.949493919765004,30,0.050000000000000044,2.7977452278137207,0
2520,89912,13.189707304042306,14,0.050000000000000044,2.5770743787288666,1
2521,89930,16.152956170626332,18,0.050000000000000044,3.0388246178627014,1
2522,89956,24.146287870542324,26,0.050000000000000044,2.6043974672045027,1
2523,89965,7.182207049299043,9,0.050000000000000044,2.0634154081344604,1
2524,89979,12.760318168951295,14,0.050000000000000044,2.7496649424235025,1
2525,89999,18.951608625168035,20,0.050000000000000044,1.8168919086456299,1
2526,90006,5.953741500066897,7,0.050000000000000044,3.426732301712036,1
2527,90018,10.953184807628919,12,0.050000000000000044,3.3220359484354653,1
2528,90025,6.2771942064500115,7,0.050000000000000044,3.7584807872772217,1
2529,90048,21.744725344768263,23,0.050000000000000044,3.0215875109036765,1
2530,90062,12.957166465175712,14,0.050000000000000044,2.95686141649882,1
2531,90091,27.748399710150956,29,0.050000000000000044,2.7834820406777516,1
2532,90121,29.345630081713896,30,0.050000000000000044,2.1183412671089172,0
2533,90138,15.549047162456146,17,0.050000000000000044,2.594023883342743,1
2534,90151,11.361576355264749,13,0.050000000000000044,2.7180022398630777,1
2535,90181,25.80662225599069,30,0.050000000000000044,2.177080377936363,0
2536,90211,29.9516034222952,30,0.050000000000000044,2.093849037374769,0
2537,90233,20.95901221383079,22,0.050000000000000044,3.0460689067840576,1
2538,90255,20.945255471169922,22,0.050000000000000044,2.5214059829711912,1
2539,90264,7.957161922522981,9,0.050000000000000044,2.8282715876897178,1
2540,90273,7.957162655504025,9,0.050000000000000044,2.519588351249695,1
2541,90291,16.53902973566199,18,0.050000000000000044,2.9623740315437317,1
2542,90304,9.384256242279399,13,0.050000000000000044,2.475977838039398,1
2543,90322,16.953466192030145,18,0.050000000000000044,2.973633646965027,1
2544,90330,6.957171472012259,8,0.050000000000000044,3.039177179336548,1
2545,90360,29.347685241329298,30,0.050000000000000044,2.6392867267131805,0
2546,90365,3.9590471683324666,5,0.050000000000000044,2.3377933502197266,1
2547,90372,5.959013234599721,7,0.050000000000000044,3.2047650814056396,1
2548,90392,15.770699032909146,20,0.050000000000000044,3.1175604820251466,1
2549,90399,5.95716295071267,7,0.050000000000000044,2.114668130874634,1
2550,90429,29.94790677820226,30,0.050000000000000044,3.011809602379799,0
2551,90453,23.10660186525814,24,0.050000000000000044,2.22662286957105,1
2552,90483,29.94578423376417,30,0.050000000000000044,3.214067135538374,0
2553,90498,13.144976777623151,15,0.050000000000000044,2.938794881105423,1
2554,90513,13.944268290066287,15,0.050000000000000044,2.768415868282318,1
2555,90524,9.957166466041883,11,0.050000000000000044,2.8078891038894653,1
2556,90543,18.038517682922194,19,0.050000000000000044,2.8161932080984116,1
2557,90559,13.960608084813298,16,0.050000000000000044,2.521892160177231,1
2558,90589,29.945795181514626,30,0.050000000000000044,2.8632321804761887,0
2559,90599,8.358345769261296,10,0.050000000000000044,3.190187692642212,1
2560,90611,10.982278165152588,12,0.050000000000000044,3.1625428994496665,1
2561,90641,29.938105535995156,30,0.050000000000000044,2.2623483538627625,0
2562,90654,12.123406153226915,13,0.050000000000000044,2.4447536071141562,1
2563,90664,8.154665856019255,10,0.050000000000000044,2.554328123728434,1
2564,90680,14.543762058695695,16,0.050000000000000044,2.825603663921356,1
2565,90695,12.873815069229906,15,0.050000000000000044,3.56433097521464,1
2566,90709,12.947961906591894,14,0.050000000000000044,2.9896863400936127,1
2567,90734,23.942872471223545,25,0.050000000000000044,3.3468844095865884,1
2568,90741,5.955305517483177,7,0.050000000000000044,2.9865602254867554,1
2569,90746,3.9590471683324666,5,0.050000000000000044,4.839300155639648,1
2570,90765,17.947926213839605,19,0.050000000000000044,3.6246500968933106,1
2571,90780,13.943431448051822,15,0.050000000000000044,3.404630184173584,1
2572,90795,13.752360150192475,15,0.050000000000000044,3.214188893636068,1
2573,90810,13.951870615366339,15,0.050000000000000044,2.2978429198265076,1
2574,90840,29.93155210873805,30,0.050000000000000044,3.189753621816635,0
2575,90863,21.949772672468157,23,0.050000000000000044,3.2097585678100584,1
2576,90869,4.959018187143877,6,0.050000000000000044,2.7734111547470093,1
2577,90874,3.9572063683176055,5,0.050000000000000044,4.3321733474731445,1
2578,90886,11.19764857748641,12,0.050000000000000044,3.393104076385498,1
2579,90899,11.959012213856212,13,0.050000000000000044,1.7824251651763916,1
2580,90903,3.2753832378723966,4,0.050000000000000044,4.7489776611328125,1
2581,90923,18.947665395480932,20,0.050000000000000044,2.324394416809082,1
2582,90939,13.56288084262778,16,0.050000000000000044,2.3498285114765167,1
2583,90963,22.94766613164047,24,0.050000000000000044,2.655937135219574,1
2584,90985,20.747196462065396,22,0.050000000000000044,2.921247144540151,1
2585,90989,2.9592167598122607,4,0.050000000000000044,1.4016600847244263,1
2586,91006,15.754606736583609,17,0.050000000000000044,2.930097460746765,1
2587,91031,23.951368083005864,25,0.050000000000000044,2.7142101526260376,1
2588,91038,5.95532657664769,7,0.050000000000000044,3.431538462638855,1
2589,91048,8.952138512790585,10,0.050000000000000044,2.308235685030619,1
2590,91060,10.957166465320128,12,0.050000000000000044,3.379325350125631,1
2591,91072,10.952931559313527,12,0.050000000000000044,3.0710532665252686,1
2592,91096,22.949245598255622,24,0.050000000000000044,2.7025163571039834,1
2593,91112,14.953473328659609,16,0.050000000000000044,2.9790629148483276,1
2594,91120,5.6057189025033445,8,0.050000000000000044,2.073412537574768,1
2595,91126,4.957172438484455,6,0.050000000000000044,4.461049556732178,1
2596,91156,28.39393321796518,30,0.050000000000000044,2.7037968188524246,0
2597,91169,11.994704502967542,13,0.050000000000000044,2.505720535914103,1
2598,91199,26.722434463545298,30,0.050000000000000044,2.6679835319519043,1
2599,91214,14.117315200578261,15,0.050000000000000044,1.8613167107105255,1
2600,91221,5.556377340275702,7,0.050000000000000044,2.6443454027175903,1
2601,91238,15.201451693750357,17,0.050000000000000044,2.764297276735306,1
2602,91262,22.74152787457157,24,0.050000000000000044,3.0245583852132163,1
2603,91284,20.185401765476676,22,0.050000000000000044,2.905601143836975,1
2604,91300,15.27719403201263,16,0.050000000000000044,2.582295536994934,1
2605,91305,3.9590471683324666,5,0.050000000000000044,1.8332059383392334,1
2606,91331,24.93709474091082,26,0.050000000000000044,2.947888175646464,1
2607,91351,17.94513377308289,20,0.050000000000000044,3.0551952362060546,1
2608,91374,21.975657914966167,23,0.050000000000000044,2.2154052456219993,1
2609,91387,11.34911593707478,13,0.050000000000000044,2.035794973373413,1
2610,91392,3.560246286141126,5,0.050000000000000044,2.6861695051193237,1
2611,91408,14.9894398232584,16,0.050000000000000044,3.720309793949127,1
2612,91438,28.940256522829202,30,0.050000000000000044,3.0876210076468333,0
2613,91453,13.959012213831533,15,0.050000000000000044,2.7409779131412506,1
2614,91462,7.953472369200858,9,0.050000000000000044,1.7880818843841553,1
2615,91481,13.933317507942563,19,0.050000000000000044,2.7615335464477537,1
2616,91490,7.385336678645118,9,0.050000000000000044,2.7766984701156616,1
2617,91503,11.953461242500396,13,0.050000000000000044,2.2441746393839517,1
2618,91518,14.195798252690388,15,0.050000000000000044,2.966556191444397,1
2619,91548,20.886238081785933,30,0.050000000000000044,2.8007056415081024,0
2620,91560,11.046471165203942,12,0.050000000000000044,2.9499406814575195,1
2621,91575,13.909350553783025,15,0.050000000000000044,2.5038570562998452,1
2622,91585,8.983917369068099,10,0.050000000000000044,3.75042454401652,1
2623,91594,7.922684075437418,9,0.050000000000000044,1.9859432578086853,1
2624,91603,7.9531940306798425,9,0.050000000000000044,3.357649087905884,1
2625,91613,8.959012218924851,10,0.050000000000000044,3.695353349049886,1
2626,91643,26.396909458438277,30,0.050000000000000044,2.1927198682512556,1
2627,91663,18.951850718648554,20,0.050000000000000044,2.186404275894165,1
2628,91668,3.9947236057396234,5,0.050000000000000044,4.26573920249939,1
2629,91677,7.793214145826785,9,0.050000000000000044,2.759656071662903,1
2630,91691,12.953477699591183,14,0.050000000000000044,3.773576498031616,1
2631,91720,27.39503890338231,29,0.050000000000000044,3.4148082435131073,1
2632,91728,7.0504253523485145,8,0.050000000000000044,3.761739492416382,1
2633,91735,5.756074542195557,7,0.050000000000000044,3.9801864624023438,1
2634,91753,16.939491336376115,18,0.050000000000000044,2.968963384628296,1
2635,91783,29.742336220239483,30,0.050000000000000044,2.5404400314603532,0
2636,91803,18.947416072221852,20,0.050000000000000044,3.4817212581634522,1
2637,91816,11.756068569012484,13,0.050000000000000044,2.81931734085083,1
2638,91840,22.987291344197573,24,0.050000000000000044,3.7071072260538735,1
2639,91854,12.953729011660613,14,0.050000000000000044,2.681380351384481,1
2640,91866,10.981468008633351,12,0.050000000000000044,2.1185942888259888,1
2641,91873,5.95717232116616,7,0.050000000000000044,2.8408121466636658,1
2642,91903,25.677401725512077,30,0.050000000000000044,2.903645856039865,0
2643,91910,5.5546045608840835,7,0.050000000000000044,3.262342691421509,1
2644,91940,28.74348706394193,30,0.050000000000000044,2.3290403112769127,1
2645,91956,15.042787403063205,16,0.050000000000000044,2.6231939792633057,1
2646,91961,3.9590471683324666,5,0.050000000000000044,2.4300482273101807,1
2647,91974,11.95108314462133,13,0.050000000000000044,3.401461362838745,1
2648,91982,7.194208008982114,8,0.050000000000000044,3.4778149127960205,1
2649,91991,7.551943612676421,9,0.050000000000000044,3.2369322776794434,1
2650,91997,4.957172438484455,6,0.050000000000000044,1.8134676814079285,1
2651,92018,19.7544810069711,21,0.050000000000000044,3.0894161224365235,1
2652,92033,14.121555828476026,15,0.050000000000000044,3.8956186175346375,1
2653,92039,4.757953414991336,6,0.050000000000000044,3.539733409881592,1
2654,92044,3.760353123448624,5,0.050000000000000044,2.445737600326538,1
2655,92074,28.94312916113221,30,0.050000000000000044,3.0066582645688738,1
2656,92094,18.983624950308364,20,0.050000000000000044,2.5452252626419067,1
2657,92123,26.564731116332478,29,0.050000000000000044,2.526295014790126,1
2658,92139,14.957171296993303,16,0.050000000000000044,3.0613452792167664,1
2659,92153,12.6515289729356,14,0.050000000000000044,2.6263429522514343,1
2660,92180,26.178922362498206,27,0.050000000000000044,2.892865572656904,1
2661,92199,18.18952053447482,19,0.050000000000000044,2.771328628063202,1
2662,92218,17.746563972591414,19,0.050000000000000044,2.6108238220214846,1
2663,92247,26.353990244165203,29,0.050000000000000044,2.901072212627956,1
2664,92261,12.947403806992966,14,0.050000000000000044,2.7019338607788086,1
2665,92276,13.949520912537443,15,0.050000000000000044,2.7615631818771362,1
2666,92294,16.35147779670958,18,0.050000000000000044,3.3212711215019226,1
2667,92324,28.402815103033287,30,0.050000000000000044,3.38417811691761,0
2668,92354,29.935800678924085,30,0.050000000000000044,2.7389277049473355,0
2669,92380,24.749557700644793,26,0.050000000000000044,2.780269605772836,1
2670,92403,21.940795789213755,23,0.050000000000000044,2.4294852733612062,1
2671,92413,8.957166470265427,10,0.050000000000000044,3.270558516184489,1
2672,92432,17.752631574678762,19,0.050000000000000044,2.2835052728652956,1
2673,92436,3.1976750523948407,4,0.050000000000000044,1.355529546737671,1
2674,92448,10.55217725046589,12,0.050000000000000044,2.6671355565389,1
2675,92463,13.741300135137532,15,0.050000000000000044,2.874139944712321,1
2676,92483,17.286698650431145,20,0.050000000000000044,2.6834084033966064,1
2677,92489,4.959018187143877,6,0.050000000000000044,3.2542871236801147,1
2678,92496,6.046632914016666,7,0.050000000000000044,3.4839590787887573,1
2679,92505,8.078330425458274,9,0.050000000000000044,3.1679946184158325,1
2680,92510,3.9572014196905787,5,0.050000000000000044,3.870856285095215,1
2681,92529,17.115093631709644,19,0.050000000000000044,3.5511796474456787,1
2682,92532,2.0754725385630346,3,0.050000000000000044,3.570906400680542,1
2683,92549,14.672633324504613,17,0.050000000000000044,2.7482933402061462,1
2684,92569,18.98255838650744,20,0.050000000000000044,2.68387086391449,1
2685,92581,11.271926537343168,12,0.050000000000000044,3.421099583307902,1
2686,92602,20.19025185883471,21,0.050000000000000044,2.7970181941986083,1
2687,92612,8.95162242163604,10,0.050000000000000044,2.879809776941935,1
2688,92641,27.948425274510473,29,0.050000000000000044,2.9747689962387085,1
2689,92659,16.54952988248881,18,0.050000000000000044,2.678555488586426,1
2690,92679,18.943957551773032,20,0.050000000000000044,3.4925708293914797,1
2691,92694,13.957171296993922,15,0.050000000000000044,2.9326350688934326,1
2692,92710,13.79932043936243,16,0.050000000000000044,3.1185790300369263,1
2693,92714,2.7591154181621453,4,0.050000000000000044,2.803605079650879,1
2694,92727,11.959012213856212,13,0.050000000000000044,2.3514087200164795,1
2695,92734,5.955305517483177,7,0.050000000000000044,2.1838653683662415,1
2696,92743,7.754481216966649,9,0.050000000000000044,3.053715169429779,1
2697,92759,15.108646344452774,16,0.050000000000000044,2.6689226627349854,1
2698,92783,22.95162336029414,24,0.050000000000000044,3.5492282112439475,1
2699,92804,19.95133902784617,21,0.050000000000000044,3.6471362908681235,1
2700,92812,6.959012388268193,8,0.050000000000000044,2.107869327068329,1
2701,92819,5.959013234599721,7,0.050000000000000044,2.418482780456543,1
2702,92849,29.947380071210397,30,0.050000000000000044,2.7974009811878204,0
2703,92879,29.95161105897936,30,0.050000000000000044,2.950552225112915,0
2704,92900,17.203515146387588,21,0.050000000000000044,2.743821998437246,1
2705,92917,15.988687545030599,17,0.050000000000000044,2.6732876896858215,1
2706,92947,29.931584084037798,30,0.050000000000000044,2.483744263648987,0
2707,92958,9.951071623814007,11,0.050000000000000044,2.623832941055298,1
2708,92962,2.957376534134098,4,0.050000000000000044,2.0476388931274414,1
2709,92992,29.94184325827284,30,0.050000000000000044,2.939812421798706,0
2710,93010,17.192102563399608,18,0.050000000000000044,4.183358073234558,1
2711,93031,19.93816671815424,21,0.050000000000000044,2.2965068578720094,1
2712,93046,12.361912955361609,15,0.050000000000000044,3.722412884235382,1
2713,93073,21.7967244206513,27,0.050000000000000044,3.1675499507359097,1
2714,93096,20.061512187743606,23,0.050000000000000044,2.8438579638799033,1
2715,93118,20.14267242436666,22,0.050000000000000044,3.1634081840515136,1
2716,93148,28.163424108115613,30,0.050000000000000044,2.804657220840454,0
2717,93166,14.572654550780237,18,0.050000000000000044,2.6174515187740326,1
2718,93190,22.748678967988642,24,0.050000000000000044,2.8598628838857016,1
2719,93220,26.76166324596368,30,0.050000000000000044,3.007215529680252,0
2720,93230,9.275343708241268,10,0.050000000000000044,1.9094092845916748,1
2721,93244,12.949497655609663,14,0.050000000000000044,2.409920036792755,1
2722,93274,29.738067172772823,30,0.050000000000000044,2.694606236049107,0
2723,93287,11.953437909447135,13,0.050000000000000044,2.3654927015304565,1
2724,93296,7.949773269459859,9,0.050000000000000044,3.3906381924947104,1
2725,93311,13.55457763870557,15,0.050000000000000044,2.856793483098348,1
2726,93314,1.9583725634928275,3,0.050000000000000044,2.5233001708984375,1
2727,93321,5.955325375666705,7,0.050000000000000044,3.3407647609710693,1
2728,93328,5.953476636847956,7,0.050000000000000044,2.628731608390808,1
2729,93348,18.740209183864543,20,0.050000000000000044,2.971864366531372,1
2730,93378,28.985578296134555,30,0.050000000000000044,2.418531962803432,0
2731,93404,21.574250107883028,26,0.050000000000000044,2.6649526953697205,1
2732,93418,12.951071673096,14,0.050000000000000044,4.023583094278972,1
2733,93439,19.78753005150563,21,0.050000000000000044,3.154953455924988,1
2734,93458,17.792135102444142,19,0.050000000000000044,2.9818578720092774,1
2735,93472,12.74868226345415,14,0.050000000000000044,2.8767130374908447,1
2736,93491,17.949519914965418,19,0.050000000000000044,3.0631970167160034,1
2737,93508,14.996823137180112,17,0.050000000000000044,2.5654563188552855,1
2738,93515,5.955048838559909,7,0.050000000000000044,4.160981178283691,1
2739,93531,14.950011822072959,16,0.050000000000000044,3.4695109724998474,1
2740,93542,9.184862686216524,11,0.050000000000000044,1.390017365415891,1
2741,93550,6.754490617333125,8,0.050000000000000044,2.190842628479004,1
2742,93555,3.199682108644822,5,0.050000000000000044,3.692171096801758,1
2743,93582,24.938411276103995,27,0.050000000000000044,3.0756030763898576,1
2744,93593,9.754358950644194,11,0.050000000000000044,3.1695769230524697,1
2745,93606,12.052262860845989,13,0.050000000000000044,2.349482456843058,1
2746,93636,29.940792080293004,30,0.050000000000000044,2.951489120721817,0
2747,93641,3.756289207298002,5,0.050000000000000044,2.905488967895508,1
2748,93652,9.95531580096379,11,0.050000000000000044,3.4848239421844482,1
2749,93669,16.11082487958284,17,0.050000000000000044,3.3560585379600525,1
2750,93697,26.54205025644429,28,0.050000000000000044,2.792548026357378,1
2751,93727,29.737977424585186,30,0.050000000000000044,2.777735880443028,0
2752,93732,3.954020685998693,5,0.050000000000000044,3.5695648193359375,1
2753,93755,21.94659113444146,23,0.050000000000000044,3.207465934753418,1
2754,93777,20.944721003570386,22,0.050000000000000044,2.96266241868337,1
2755,93786,7.957166494980669,9,0.050000000000000044,3.268419027328491,1
2756,93812,24.945821054476333,26,0.050000000000000044,2.3950899158205305,1
2757,93818,4.757953414991336,6,0.050000000000000044,3.1653966903686523,1
2758,93826,6.95531669766902,8,0.050000000000000044,3.30131733417511,1
2759,93845,15.482361062112702,19,0.050000000000000044,2.1645145177841187,1
2760,93851,4.756112615352729,6,0.050000000000000044,3.689298629760742,1
2761,93860,7.402193008578739,9,0.050000000000000044,2.7848868370056152,1
2762,93869,7.951898658358202,9,0.050000000000000044,2.194235384464264,1
2763,93899,29.3441849253376,30,0.050000000000000044,2.993593760899135,0
2764,93919,18.745497033371116,20,0.050000000000000044,2.310492205619812,1
2765,93937,17.1043988222207,18,0.050000000000000044,3.458978509902954,1
2766,93951,12.943717285032527,14,0.050000000000000044,2.8434042930603027,1
2767,93966,13.84162687539515,15,0.050000000000000044,3.2267183661460876,1
2768,93971,3.8511699714413705,5,0.050000000000000044,2.1298346519470215,1
2769,93996,23.935266712236714,25,0.050000000000000044,2.895949261529105,1
2770,94007,10.270071862452614,11,0.050000000000000044,3.35481595993042,1
2771,94036,27.94739539427013,29,0.050000000000000044,2.9026202261447906,1
2772,94056,18.947886053305755,20,0.050000000000000044,2.969739294052124,1
2773,94070,12.946346618997227,14,0.050000000000000044,3.0207632780075073,1
2774,94076,4.162011966691871,6,0.050000000000000044,2.597494602203369,1
2775,94098,19.799498016465858,22,0.050000000000000044,4.322078800201416,1
2776,94111,9.608773017300015,13,0.050000000000000044,3.245561639467875,1
2777,94141,29.73296491634477,30,0.050000000000000044,2.5120804235339165,0
2778,94160,17.976499545398404,19,0.050000000000000044,3.263727045059204,1
2779,94179,17.147735484887633,19,0.050000000000000044,3.1305732131004333,1
2780,94194,13.16171675241205,15,0.050000000000000044,3.6070674061775208,1
2781,94208,12.75026698819555,14,0.050000000000000044,3.1379050612449646,1
2782,94221,12.27534370787049,13,0.050000000000000044,2.0015296141306558,1
2783,94236,13.752608883556237,15,0.050000000000000044,2.8124184012413025,1
2784,94261,23.149466853928427,25,0.050000000000000044,3.06196391582489,1
2785,94264,1.9602091714909529,3,0.050000000000000044,2.7295093536376953,1
2786,94276,9.600794806133935,12,0.050000000000000044,3.367541193962097,1
2787,94303,23.95862396758432,27,0.050000000000000044,2.754332423210144,1
2788,94320,15.455671951753791,17,0.050000000000000044,3.1503406047821043,1
2789,94331,9.924542519059022,11,0.050000000000000044,2.732158899307251,1
2790,94334,1.5974290027069835,3,0.050000000000000044,3.346642017364502,1
2791,94347,10.56697273259842,13,0.050000000000000044,3.1012632846832275,1
2792,94356,7.849331903094182,9,0.050000000000000044,3.217418114344279,1
2793,94377,19.951358977026647,21,0.050000000000000044,2.994835686683655,1
2794,94389,9.55870970979648,12,0.050000000000000044,2.3434836864471436,1
2795,94397,6.9204548024789405,8,0.050000000000000044,2.8077487349510193,1
2796,94406,7.761991551249615,9,0.050000000000000044,2.4333138465881348,1
2797,94423,16.046160392255203,17,0.050000000000000044,3.247500479221344,1
2798,94451,21.300566568054403,28,0.050000000000000044,3.6586604799543108,1
2799,94460,7.955583374486401,9,0.050000000000000044,2.6168182690938315,1
2800,94475,13.953198343627976,15,0.050000000000000044,3.17485777537028,1
2801,94485,7.960647594742269,10,0.050000000000000044,2.3613149921099343,1
2802,94492,5.984052884811511,7,0.050000000000000044,2.2749900817871094,1
2803,94510,16.955047541097226,18,0.050000000000000044,2.706075429916382,1
2804,94533,21.54582925901662,23,0.050000000000000044,3.3428994019826255,1
2805,94554,19.980201396721455,21,0.050000000000000044,3.157300329208374,1
2806,94578,22.11011439695447,24,0.050000000000000044,2.9643521904945374,1
2807,94582,2.957376534134098,4,0.050000000000000044,2.811941146850586,1
2808,94611,23.300274962862385,29,0.050000000000000044,2.9076571464538574,1
2809,94619,6.959012388268193,8,0.050000000000000044,2.088809311389923,1
2810,94649,29.19393254734811,30,0.050000000000000044,2.6219351291656494,0
2811,94667,16.953201813220918,18,0.050000000000000044,2.795683115720749,1
2812,94671,2.7572907203812167,4,0.050000000000000044,2.589322805404663,1
2813,94684,10.407930196582779,13,0.050000000000000044,2.131014406681061,1
2814,94692,7.050132489336815,8,0.050000000000000044,3.33544385433197,1
2815,94695,1.9602091714909529,3,0.050000000000000044,nan,1
2816,94713,16.949484907685758,18,0.050000000000000044,2.865579533576965,1
2817,94734,19.74290704961706,21,0.050000000000000044,2.850161409378052,1
2818,94764,29.342530960004,30,0.050000000000000044,3.188338592648506,0
2819,94792,25.55944251401212,28,0.050000000000000044,2.7727564573287964,1
2820,94797,3.9572063683176055,5,0.050000000000000044,2.4863486289978027,1
2821,94822,23.9426229159348,25,0.050000000000000044,2.581758896509806,1
2822,94845,21.944496978726807,23,0.050000000000000044,3.0106017788251243,1
2823,94875,29.555351069710525,30,0.050000000000000044,3.3628735882895335,0
2824,94905,29.941837060540042,30,0.050000000000000044,2.196445867419243,0
2825,94923,16.95717129699318,18,0.050000000000000044,3.5769571661949158,1
2826,94942,16.56288675083066,19,0.050000000000000044,3.2346915721893312,1
2827,94964,20.344391562988047,22,0.050000000000000044,2.78018589814504,1
2828,94984,15.221590909090905,20,0.050000000000000044,3.174549388885498,1
2829,95007,19.359541462225728,23,0.050000000000000044,3.6544587135314943,1
2830,95014,5.757924433802747,7,0.050000000000000044,3.1098943948745728,1
2831,95026,10.953454548234573,12,0.050000000000000044,2.728889544804891,1
2832,95042,14.945279469912421,16,0.050000000000000044,3.08070969581604,1
2833,95072,26.750568885966842,30,0.050000000000000044,3.0090658366680145,0
2834,95081,7.955047614577601,9,0.050000000000000044,3.835042715072632,1
2835,95105,22.941079788101298,24,0.050000000000000044,3.061382750670115,1
2836,95118,11.756720498067207,13,0.050000000000000044,3.869420846303304,1
2837,95127,7.9500520505396866,9,0.050000000000000044,3.071085810661316,1
2838,95134,5.913455342016412,7,0.050000000000000044,3.1102190017700195,1
2839,95145,9.851169166689537,11,0.050000000000000044,2.697451591491699,1
2840,95158,11.745524496356293,13,0.050000000000000044,2.0791123708089194,1
2841,95165,5.959013234599721,7,0.050000000000000044,3.289214611053467,1
2842,95172,5.756074253644861,7,0.050000000000000044,3.0359597206115723,1
2843,95185,12.195335495696382,13,0.050000000000000044,3.057971795399984,1
2844,95215,29.943944322891394,30,0.050000000000000044,3.293002094541277,0
2845,95221,5.269798645598293,6,0.050000000000000044,1.6737215518951416,1
2846,95225,2.9592167598122607,4,0.050000000000000044,2.064434766769409,1
2847,95255,29.926573605045856,30,0.050000000000000044,2.5003859656197682,0
2848,95264,7.953736224029977,9,0.050000000000000044,2.114511013031006,1
2849,95272,7.277194061821911,8,0.050000000000000044,2.272950768470764,1
2850,95282,7.677905812396315,10,0.050000000000000044,2.41766893863678,1
2851,95299,16.267414906587764,17,0.050000000000000044,2.497806265950203,1
2852,95327,26.982026476834005,28,0.050000000000000044,2.9141946179526195,1
2853,95350,21.933889117881694,23,0.050000000000000044,3.0573567350705466,1
2854,95366,15.114402884669639,16,0.050000000000000044,3.8563498854637146,1
2855,95396,25.46487907160142,30,0.050000000000000044,2.0976978093385696,0
2856,95415,18.178403595607822,19,0.050000000000000044,2.8769683837890625,1
2857,95435,18.235516857304063,20,0.050000000000000044,2.6643021583557127,1
2858,95459,17.34049743714703,24,0.050000000000000044,2.7365729212760925,1
2859,95486,26.189995815162188,27,0.050000000000000044,3.3435240473066057,1
2860,95493,5.2045115208127095,7,0.050000000000000044,2.416737198829651,1
2861,95507,11.874458160207844,14,0.050000000000000044,2.538776397705078,1
2862,95532,24.17813013195232,25,0.050000000000000044,3.358467834336417,1
2863,95539,5.552510323754559,7,0.050000000000000044,2.5229077339172363,1
2864,95569,26.76978208656821,30,0.050000000000000044,3.171775221824646,0
2865,95593,22.974354110593804,24,0.050000000000000044,2.8635085026423135,1
2866,95597,2.9592167598122607,4,0.050000000000000044,1.4832960367202759,1
2867,95609,10.95005468959307,12,0.050000000000000044,3.0872648557027182,1
2868,95629,18.94423774335234,20,0.050000000000000044,2.899367427825928,1
2869,95647,16.551647833646264,18,0.050000000000000044,2.935269922018051,1
2870,95677,29.936555601717142,30,0.050000000000000044,3.0539866983890533,0
2871,95686,7.951626918027379,9,0.050000000000000044,3.7085856199264526,1
2872,95709,19.94930104772726,23,0.050000000000000044,3.087780237197876,1
2873,95725,14.549132180218317,16,0.050000000000000044,2.521690011024475,1
2874,95755,28.54359935365716,30,0.050000000000000044,2.876504046576364,0
2875,95773,17.191635222097677,18,0.050000000000000044,3.31316819190979,1
2876,95778,3.9572014196905787,5,0.050000000000000044,4.579519748687744,1
2877,95784,4.957168599026561,6,0.050000000000000044,3.725771427154541,1
2878,95799,12.75270645898126,15,0.050000000000000044,4.158156712849935,1
2879,95829,29.736407158214647,30,0.050000000000000044,2.8653891682624817,0
2880,95833,2.5990593639587067,4,0.050000000000000044,1.732810378074646,1
2881,95863,29.258718079827645,30,0.050000000000000044,3.3635543414524625,1
2882,95884,18.757529595795685,21,0.050000000000000044,3.5165319045384726,1
2883,95912,26.941564747668043,28,0.050000000000000044,3.3318846906934465,1
2884,95926,11.954495143870298,14,0.050000000000000044,3.4821587403615317,1
2885,95956,29.933634943199703,30,0.050000000000000044,2.9157660603523254,0
2886,95964,6.959012388268193,8,0.050000000000000044,3.2257611751556396,1
2887,95971,6.195798509398459,7,0.050000000000000044,4.166131973266602,1
2888,95984,11.950287668980572,13,0.050000000000000044,3.1262111365795135,1
2889,96002,16.94020869524479,18,0.050000000000000044,2.497488021850586,1
2890,96031,27.71024738350849,29,0.050000000000000044,2.914850660732814,1
2891,96043,11.269550640344082,12,0.050000000000000044,3.8248669703801474,1
2892,96053,7.205363926390915,10,0.050000000000000044,2.600034316380819,1
2893,96067,12.951339844748427,14,0.050000000000000044,3.7237399419148765,1
2894,96075,6.5670974408446074,8,0.050000000000000044,2.779938220977783,1
2895,96088,11.989439823258202,13,0.050000000000000044,2.6619814932346344,1
2896,96107,14.774318738721787,19,0.050000000000000044,2.7132492065429688,1
2897,96125,17.05041295087766,18,0.050000000000000044,2.9493267059326174,1
2898,96134,8.27719403710667,9,0.050000000000000044,3.205191969871521,1
2899,96155,20.180743042081808,21,0.050000000000000044,2.91022264957428,1
2900,96161,4.955339689288721,6,0.050000000000000044,3.6791493892669678,1
2901,96173,11.119968680225826,12,0.050000000000000044,2.4796709616978965,1
2902,96202,26.389140342378024,29,0.050000000000000044,2.7588058028902327,1
2903,96232,29.547967737183562,30,0.050000000000000044,2.749636232852936,0
2904,96262,29.935219122101024,30,0.050000000000000044,3.178181324686323,0
2905,96273,9.955321097652497,11,0.050000000000000044,2.362278938293457,1
2906,96298,23.741263293416758,25,0.050000000000000044,1.9982639054457347,1
2907,96312,12.944267488029935,14,0.050000000000000044,2.2584352046251297,1
2908,96318,4.9555893528467045,6,0.050000000000000044,1.8534818887710571,1
2909,96336,16.94604674465152,18,0.050000000000000044,2.7234142303466795,1
2910,96354,16.754860834923395,18,0.050000000000000044,2.800665318965912,1
2911,96384,29.934911113248685,30,0.050000000000000044,2.6946523934602737,0
2912,96405,19.745220598342446,21,0.050000000000000044,2.7967236399650575,1
2913,96413,6.953728852906185,8,0.050000000000000044,2.199624180793762,1
2914,96428,13.948676767364514,15,0.050000000000000044,2.7867572605609894,1
2915,96433,3.9572063683176055,5,0.050000000000000044,3.4401509761810303,1
2916,96437,2.9224152236491903,4,0.050000000000000044,1.8182086944580078,1
2917,96461,22.902315581116827,24,0.050000000000000044,2.6610127687454224,1
2918,96466,3.199682108644822,5,0.050000000000000044,4.045655250549316,1
2919,96476,7.957381422816174,10,0.050000000000000044,2.921318292617798,1
2920,96490,12.951639463033265,14,0.050000000000000044,2.3565573692321777,1
2921,96520,29.747208634333948,30,0.050000000000000044,2.9041803032159805,0
2922,96525,3.75812300647113,5,0.050000000000000044,1.0969204902648926,1
2923,96555,29.940549030483957,30,0.050000000000000044,3.5282019206455777,0
2924,96585,28.548098839792818,30,0.050000000000000044,2.4869269132614136,0
2925,96591,4.9555893528467045,6,0.050000000000000044,3.5882375240325928,1
2926,96621,29.93261258354822,30,0.050000000000000044,2.9178417548537254,0
2927,96632,9.752642426541714,11,0.050000000000000044,2.8701260089874268,1
2928,96649,15.949493351314782,17,0.050000000000000044,2.6115605235099792,1
2929,96657,7.195798296520983,8,0.050000000000000044,2.610498547554016,1
2930,96687,29.548609952138044,30,0.050000000000000044,3.24723265852247,0
2931,96700,10.456905960391385,13,0.050000000000000044,1.8523827195167542,1
2932,96713,11.323226748279536,13,0.050000000000000044,2.578009923299154,1
2933,96723,8.959012218924851,10,0.050000000000000044,3.1696486473083496,1
2934,96743,18.953471399933097,20,0.050000000000000044,2.105713701248169,1
2935,96746,2.118334532290662,3,0.050000000000000044,3.8561601638793945,1
2936,96772,24.949760598208584,26,0.050000000000000044,2.8074224335806712,1
2937,96798,18.592321187679918,26,0.050000000000000044,2.833266337712606,1
2938,96817,17.947657278857275,19,0.050000000000000044,3.048076033592224,1
2939,96839,20.306068865484367,22,0.050000000000000044,2.4827628135681152,1
2940,96849,9.269528152960334,10,0.050000000000000044,3.1605692704518638,1
2941,96851,0.9163888583212717,2,0.050000000000000044,nan,1
2942,96855,2.957376534134098,4,0.050000000000000044,3.3434877395629883,1
2943,96874,17.95319759678105,19,0.050000000000000044,2.7605549335479735,1
2944,96904,27.79660626443443,30,0.050000000000000044,2.632628731429577,0
2945,96918,12.94794494852136,14,0.050000000000000044,2.208055257797241,1
2946,96948,26.53637341413,30,0.050000000000000044,2.6350446194410324,0
2947,96978,29.15328754605777,30,0.050000000000000044,2.590317964553833,0
2948,96982,2.9552714163121765,4,0.050000000000000044,3.0200304985046387,1
2949,96996,12.559049328629708,14,0.050000000000000044,2.6282628774642944,1
2950,97026,29.930441144764206,30,0.050000000000000044,2.413113500390734,0
2951,97031,4.195340020478854,5,0.050000000000000044,4.157243728637695,1
2952,97056,23.748807797648958,25,0.050000000000000044,2.5423785277775357,1
2953,97065,7.955583374486401,9,0.050000000000000044,3.2192611694335938,1
2954,97087,20.94976926645799,22,0.050000000000000044,2.5143460512161253,1
2955,97104,15.75288213124411,17,0.050000000000000044,3.200367259979248,1
2956,97109,3.788344476395097,5,0.050000000000000044,3.5793848037719727,1
2957,97139,29.95134689611166,30,0.050000000000000044,3.5161023480551585,0
2958,97154,12.167009816918293,15,0.050000000000000044,3.049093246459961,1
2959,97169,13.959012213831533,15,0.050000000000000044,3.2394601702690125,1
2960,97178,5.8862380817859234,9,0.050000000000000044,2.705244243144989,1
2961,97208,26.763047591737408,30,0.050000000000000044,2.9587439000606537,0
2962,97232,20.606162844505032,24,0.050000000000000044,3.013012687365214,1
2963,97247,13.75209612345156,15,0.050000000000000044,3.6473066806793213,1
2964,97254,5.959013234599721,7,0.050000000000000044,3.52548885345459,1
2965,97272,16.953470767545816,18,0.050000000000000044,4.261755132675171,1
2966,97282,8.754198837809069,10,0.050000000000000044,3.2961535453796387,1
2967,97299,15.788973422148382,17,0.050000000000000044,3.0723447799682617,1
2968,97312,11.955047548550029,13,0.050000000000000044,2.9866901636123657,1
2969,97328,14.982202578395745,16,0.050000000000000044,2.267941027879715,1
2970,97351,21.939749142035613,23,0.050000000000000044,3.5898787498474123,1
2971,97363,10.790435948896782,12,0.050000000000000044,2.828463872273763,1
2972,97393,29.941843836670937,30,0.050000000000000044,2.7610750645399094,0
2973,97416,21.75237652238174,23,0.050000000000000044,3.5471483866373696,1
2974,97446,29.337719457518276,30,0.050000000000000044,3.2384667226246426,0
2975,97455,6.595104158294495,9,0.050000000000000044,2.0594805479049683,1
2976,97482,26.11576202239989,27,0.050000000000000044,2.9688097068241666,1
2977,97496,12.947895756327197,14,0.050000000000000044,2.616725742816925,1
2978,97517,19.950048281262912,21,0.050000000000000044,2.8989073753356935,1
2979,97529,10.595146669310788,12,0.050000000000000044,2.6819722652435303,1
2980,97557,26.5471646467999,28,0.050000000000000044,3.109863076891218,1
2981,97568,9.983625495463391,11,0.050000000000000044,3.092184543609619,1
2982,97580,10.955323629144912,12,0.050000000000000044,2.4337430397669473,1
2983,97596,12.0099464652564,16,0.050000000000000044,2.68756103515625,1
2984,97608,10.955316523361375,12,0.050000000000000044,3.1232736905415854,1
2985,97638,29.949220615907528,30,0.050000000000000044,2.1001732604844228,0
2986,97650,10.551386821939298,12,0.050000000000000044,2.596768299738566,1
2987,97670,18.756449372935744,20,0.050000000000000044,3.197828006744385,1
2988,97681,8.011363636363635,11,0.050000000000000044,3.9479676882425943,1
2989,97698,12.455602335017506,17,0.050000000000000044,2.8949584364891052,1
2990,97705,5.959013234599721,7,0.050000000000000044,4.033691048622131,1
2991,97711,4.757953414991336,6,0.050000000000000044,2.538649082183838,1
2992,97722,9.55273717341131,11,0.050000000000000044,2.2256532112757363,1
2993,97752,29.750645401143622,30,0.050000000000000044,2.9637645184993744,0
2994,97759,5.790576140359475,7,0.050000000000000044,2.740109920501709,1
2995,97772,11.957166465196789,13,0.050000000000000044,3.14649760723114,1
2996,97783,9.953461376611866,11,0.050000000000000044,3.307859420776367,1
2997,97795,11.189984390451714,12,0.050000000000000044,2.98383100827535,1
2998,97798,2.277398577994079,3,0.050000000000000044,3.2424721717834473,1
2999,97816,17.273493397488696,18,0.050000000000000044,2.0890992879867554,1
3000,97826,8.95531198668284,10,0.050000000000000044,2.945249319076538,1
3001,97841,13.985479768033397,15,0.050000000000000044,2.877320021390915,1
3002,97852,9.959012214701307,11,0.050000000000000044,3.561038335164388,1
3003,97882,29.748435444569626,30,0.050000000000000044,2.478561980383737,0
3004,97912,29.54534294564809,30,0.050000000000000044,3.998007297515869,0
3005,97919,5.877266632260034,7,0.050000000000000044,3.023703098297119,1
3006,97942,21.743672057227688,23,0.050000000000000044,2.8586673736572266,1
3007,97954,10.76014857833767,12,0.050000000000000044,3.1382654507954917,1
3008,97972,16.950028001664183,18,0.050000000000000044,2.9152009963989256,1
3009,97983,10.052262860897557,11,0.050000000000000044,3.646789073944092,1
3010,98004,19.947917739190107,21,0.050000000000000044,2.7989041606585183,1
3011,98034,29.933414943077793,30,0.050000000000000044,3.061195339475359,0
3012,98038,2.9592167598122607,4,0.050000000000000044,2.9617233276367188,1
3013,98054,13.395638357406852,16,0.050000000000000044,4.0205078125,1
3014,98068,11.594770643182342,14,0.050000000000000044,2.749766618013382,1
3015,98087,17.76014857818891,19,0.050000000000000044,2.081264913082123,1
3016,98107,19.106467242612474,20,0.050000000000000044,2.8176748752593994,1
3017,98122,13.752505084101717,15,0.050000000000000044,2.502161741256714,1
3018,98136,12.957171296997535,14,0.050000000000000044,3.196600914001465,1
3019,98150,10.797160715550625,14,0.050000000000000044,2.6433040301005044,1
3020,98168,17.06319183802964,18,0.050000000000000044,2.1370650053024294,1
3021,98176,6.86990414181906,8,0.050000000000000044,3.2670092582702637,1
3022,98186,8.949517079482108,10,0.050000000000000044,1.5498690605163574,1
3023,98194,6.959012388268193,8,0.050000000000000044,3.294370651245117,1
3024,98209,13.752103719861013,15,0.050000000000000044,3.422830581665039,1
3025,98218,7.758307835648623,9,0.050000000000000044,2.3485054969787598,1
3026,98222,2.9592167598122607,4,0.050000000000000044,2.970905303955078,1
3027,98232,8.579610289260527,10,0.050000000000000044,3.374805768330892,1
3028,98238,4.7189810971576245,6,0.050000000000000044,2.6432478427886963,1
3029,98242,2.9205734152135783,4,0.050000000000000044,2.4018936157226562,1
3030,98264,19.75701264806891,22,0.050000000000000044,3.217753609021505,1
3031,98275,9.957171297866596,11,0.050000000000000044,2.8122141361236572,1
3032,98305,29.53791347993924,30,0.050000000000000044,3.145659476518631,0
3033,98335,29.942103779312486,30,0.050000000000000044,3.444155250276838,0
3034,98345,7.196438921729042,10,0.050000000000000044,3.137463132540385,1
3035,98351,4.753985655276837,6,0.050000000000000044,2.663559675216675,1
3036,98375,22.94370123943038,24,0.050000000000000044,2.650084654490153,1
3037,98399,23.18310961532345,24,0.050000000000000044,3.31103785832723,1
3038,98405,4.957177290232426,6,0.050000000000000044,2.6465563774108887,1
3039,98410,4.045644744759544,5,0.050000000000000044,2.2243845462799072,1
3040,98417,5.9550588766979375,7,0.050000000000000044,3.7104673385620117,1
3041,98447,29.93947514121648,30,0.050000000000000044,3.115394013268607,0
3042,98467,18.35489788464369,20,0.050000000000000044,3.9148063182830812,1
3043,98484,15.948196153202225,17,0.050000000000000044,3.0511419057846068,1
3044,98497,10.76187705851612,13,0.050000000000000044,3.2002818981806436,1
3045,98503,4.67857202608942,6,0.050000000000000044,4.339895248413086,1
3046,98514,9.953197367033013,11,0.050000000000000044,3.4232255617777505,1
3047,98528,12.00141811441198,14,0.050000000000000044,2.572962313890457,1
3048,98558,26.366128762308485,30,0.050000000000000044,3.420290674482073,1
3049,98562,2.9592167598122607,4,0.050000000000000044,2.4015865325927734,1
3050,98567,4.0522650029091345,5,0.050000000000000044,2.4613940715789795,1
3051,98575,6.754220886830321,8,0.050000000000000044,3.285803437232971,1
3052,98604,22.954490960448382,29,0.050000000000000044,4.039828836917877,1
3053,98616,10.95532364825162,12,0.050000000000000044,3.0760905742645264,1
3054,98644,26.93074929029515,28,0.050000000000000044,2.5104040588651384,1
3055,98657,11.953197236517708,13,0.050000000000000044,1.928030014038086,1
3056,98679,19.010264752750093,22,0.050000000000000044,3.659128189086914,1
3057,98699,18.466059202114735,20,0.050000000000000044,2.883114790916443,1
3058,98714,13.752125269349149,15,0.050000000000000044,2.9735562205314636,1
3059,98726,10.982300801912938,12,0.050000000000000044,2.844693183898926,1
3060,98736,8.955047802071096,10,0.050000000000000044,2.6511858304341636,1
3061,98764,26.94214473040031,28,0.050000000000000044,3.068612950188773,1
3062,98774,8.750268022461631,10,0.050000000000000044,2.6134217977523804,1
3063,98780,5.2737576534473165,6,0.050000000000000044,3.5378057956695557,1
3064,98804,22.953461636823178,24,0.050000000000000044,2.6581023534139,1
3065,98825,19.953724439176113,21,0.050000000000000044,3.400084114074707,1
3066,98834,6.409090909090907,9,0.050000000000000044,3.4730868339538574,1
3067,98856,18.189969717973725,22,0.050000000000000044,3.0793588757514954,1
3068,98864,6.953212242025509,8,0.050000000000000044,1.6287274956703186,1
3069,98894,29.935248913444674,30,0.050000000000000044,3.2582198211124966,0
3070,98923,28.101462162275574,29,0.050000000000000044,2.82183883871351,1
3071,98931,6.959012388268193,8,0.050000000000000044,2.6210553646087646,1
3072,98961,29.74533458978753,30,0.050000000000000044,3.147154539823532,0
3073,98982,19.94556426439654,21,0.050000000000000044,3.0801684856414795,1
3074,98988,4.051449313330537,6,0.050000000000000044,2.9604201316833496,1
3075,98996,6.957162086763046,8,0.050000000000000044,3.114920496940613,1
3076,99017,19.945277736294173,21,0.050000000000000044,3.5461470603942873,1
3077,99024,5.406182427161682,7,0.050000000000000044,2.7392176389694214,1
3078,99054,28.751175827764836,30,0.050000000000000044,2.5847525341170177,0
3079,99070,15.042167585396735,16,0.050000000000000044,3.5624030232429504,1
3080,99088,17.188655964948687,18,0.050000000000000044,3.1566153049468992,1
3081,99101,11.760148581716122,13,0.050000000000000044,2.983325242996216,1
3082,99113,10.95716190884756,12,0.050000000000000044,3.738578955332438,1
3083,99120,5.556462917330285,7,0.050000000000000044,2.4814488887786865,1
3084,99132,11.19368390492319,12,0.050000000000000044,3.371830622355143,1
3085,99152,18.943705550224916,20,0.050000000000000044,3.3724297523498534,1
3086,99166,12.953194000874886,14,0.050000000000000044,4.476527372996013,1
3087,99196,29.94214805702299,30,0.050000000000000044,2.578089565038681,0
3088,99207,9.981973196451058,11,0.050000000000000044,3.83716881275177,1
3089,99218,10.04671440323229,11,0.050000000000000044,3.5408182938893638,1
3090,99222,2.9573710298187494,4,0.050000000000000044,2.745804786682129,1
3091,99239,16.043043934239343,17,0.050000000000000044,3.1448065638542175,1
3092,99265,24.94372598368576,26,0.050000000000000044,2.800263455935887,1
3093,99277,10.955311944474541,12,0.050000000000000044,2.6613757610321045,1
3094,99306,26.963974503959378,29,0.050000000000000044,3.0497888156345914,1
3095,99319,11.953477887379318,13,0.050000000000000044,2.4536773363749185,1
3096,99325,4.959018187143877,6,0.050000000000000044,3.7250202894210815,1
3097,99330,4.275349824749673,5,0.050000000000000044,2.1856017112731934,1
3098,99355,23.710957301785932,25,0.050000000000000044,2.8923261960347495,1
3099,99378,21.743620481616652,23,0.050000000000000044,3.108376940091451,1
3100,99394,14.750549217438802,16,0.050000000000000044,2.808937132358551,1
3101,99410,14.94187830636816,16,0.050000000000000044,3.3617103099823,1
3102,99426,14.950020050961287,16,0.050000000000000044,3.1960041522979736,1
3103,99445,18.05840383475824,19,0.050000000000000044,1.8328261256217957,1
3104,99462,12.858226868506241,17,0.050000000000000044,2.896474599838257,1
3105,99467,3.9590471683324666,5,0.050000000000000044,3.1554830074310303,1
3106,99485,16.764105614314996,18,0.050000000000000044,3.355086898803711,1
3107,99515,22.995432274371574,30,0.050000000000000044,3.544717788696289,1
3108,99521,4.757953414991336,6,0.050000000000000044,3.323388457298279,1
3109,99544,21.37899865087838,23,0.050000000000000044,3.0236286520957947,1
3110,99563,15.749138329801909,19,0.050000000000000044,2.9780383110046387,1
3111,99580,16.115465612466284,17,0.050000000000000044,2.3719897747039793,1
3112,99593,12.052262860845989,13,0.050000000000000044,3.7006379763285318,1
3113,99623,24.571975021304414,30,0.050000000000000044,2.4617362022399902,0
3114,99638,13.947418282497617,15,0.050000000000000044,2.1795029044151306,1
3115,99656,15.962843707293247,18,0.050000000000000044,3.125247621536255,1
3116,99672,14.952125555419563,16,0.050000000000000044,3.4595665335655212,1
3117,99693,20.043046486914943,21,0.050000000000000044,3.4383060932159424,1
3118,99702,7.005843663319724,9,0.050000000000000044,4.678126811981201,1
3119,99732,29.38844729929139,30,0.050000000000000044,3.0363694429397583,0
3120,99749,13.052227860010085,17,0.050000000000000044,2.96799299120903,1
3121,99763,12.951622130764472,14,0.050000000000000044,3.792147397994995,1
3122,99777,13.060917391499439,14,0.050000000000000044,2.7753424048423767,1
3123,99785,6.9571666396087695,8,0.050000000000000044,3.635610342025757,1
3124,99799,10.299188645456965,14,0.050000000000000044,2.9406102498372397,1
3125,99818,17.985715595953188,19,0.050000000000000044,3.272728705406189,1
3126,99827,8.119442989491759,9,0.050000000000000044,3.4521429538726807,1
3127,99834,5.955048838559909,7,0.050000000000000044,3.9850077629089355,1
3128,99864,29.74748122642959,30,0.050000000000000044,2.7270088493824005,0
3129,99880,14.942887589882378,16,0.050000000000000044,4.334272623062134,1
3130,99885,3.9590471683324666,5,0.050000000000000044,3.4336771965026855,1
3131,99915,28.939955501426375,30,0.050000000000000044,3.5055404731205533,0
3132,99925,8.567261910436905,10,0.050000000000000044,3.2802902857462564,1
3133,99955,29.735145656393268,30,0.050000000000000044,3.270503112248012,0
3134,99966,9.95531161068974,11,0.050000000000000044,2.3133785724639893,1
3135,99984,17.026513928263054,18,0.050000000000000044,2.7653032541275024,1
3136,100011,22.581902126326163,27,0.050000000000000044,4.100214282671611,1
3137,100025,12.953461262756452,14,0.050000000000000044,2.7894484102725983,1
3138,100035,8.959012218924851,10,0.050000000000000044,3.972046732902527,1
3139,100043,5.955515615283716,8,0.050000000000000044,3.405211567878723,1
3140,100054,9.54953969218902,11,0.050000000000000044,2.517990748087565,1
3141,100056,1.1962425239963657,2,0.050000000000000044,4.114839553833008,1
3142,100067,9.241848183942924,11,0.050000000000000044,3.0265413522720337,1
3143,100090,20.88290173430528,23,0.050000000000000044,2.7644755840301514,1
3144,100099,7.953744768939606,9,0.050000000000000044,1.8543751239776611,1
3145,100115,14.955316139921255,16,0.050000000000000044,2.5837884545326233,1
3146,100145,29.540315096059945,30,0.050000000000000044,3.081547275185585,0
3147,100175,29.942106634310935,30,0.050000000000000044,3.0722763878958568,0
3148,100197,20.952921261203148,22,0.050000000000000044,2.709685206413269,1
3149,100227,29.5520385435675,30,0.050000000000000044,2.889223085982459,0
3150,100234,5.7922828427609305,7,0.050000000000000044,2.9914116859436035,1
3151,100258,22.94398318484908,24,0.050000000000000044,3.004484534263611,1
3152,100279,17.959697252613935,21,0.050000000000000044,3.3168133020401003,1
3153,100286,5.98518057784979,7,0.050000000000000044,2.734381675720215,1
3154,100307,19.439178201069083,21,0.050000000000000044,3.1524349451065063,1
3155,100326,17.365735377569788,19,0.050000000000000044,3.9098175048828123,1
3156,100356,25.77035082519915,30,0.050000000000000044,3.4828463792800903,0
3157,100377,18.154227430950865,21,0.050000000000000044,2.721712112426758,1
3158,100385,6.953729568361608,8,0.050000000000000044,2.5775087475776672,1
3159,100391,4.98518051915004,6,0.050000000000000044,3.097210168838501,1
3160,100398,5.95716303443921,7,0.050000000000000044,2.5826706290245056,1
3161,100403,3.9590471683324666,5,0.050000000000000044,3.053356170654297,1
3162,100421,16.94607090003695,18,0.050000000000000044,3.176667881011963,1
3163,100448,24.75541569411614,27,0.050000000000000044,3.2395339693341936,1
3164,100453,3.9590471683324666,5,0.050000000000000044,3.4719741344451904,1
3165,100458,3.9572063683176055,5,0.050000000000000044,3.4198014736175537,1
3166,100479,19.955320972589604,21,0.050000000000000044,2.6372153759002686,1
3167,100489,8.953724123679443,10,0.050000000000000044,3.0894293785095215,1
3168,100519,26.24396690490001,30,0.050000000000000044,3.233630044119699,1
3169,100549,29.9436791028535,30,0.050000000000000044,2.727242648601532,0
3170,100554,3.9556185106781476,5,0.050000000000000044,2.910573959350586,1
3171,100582,22.287883711050284,28,0.050000000000000044,2.8278064216886247,1
3172,100587,3.9571975996624404,5,0.050000000000000044,3.2619025707244873,1
3173,100613,24.350134923454334,26,0.050000000000000044,2.4681590625217984,1
3174,100643,29.941831020513973,30,0.050000000000000044,2.616089344024658,0
3175,100666,21.34965578660602,23,0.050000000000000044,2.8514336347579956,1
3176,100680,9.735253049218008,14,0.050000000000000044,2.739717036485672,1
3177,100710,27.732869429981868,30,0.050000000000000044,3.8790314878736223,0
3178,100740,29.93601143721612,30,0.050000000000000044,2.9494641721248627,0
3179,100762,20.15103347874924,22,0.050000000000000044,2.7021153211593627,1
3180,100781,17.94056220853262,19,0.050000000000000044,3.0349214553833006,1
3181,100800,18.1902582481377,19,0.050000000000000044,3.085950231552124,1
3182,100828,26.928974911418603,28,0.050000000000000044,2.5798601593290056,1
3183,100832,2.398545842333599,4,0.050000000000000044,1.2536728382110596,1
3184,100853,19.951611719091456,21,0.050000000000000044,3.2386852264404298,1
3185,100865,11.1152544989092,12,0.050000000000000044,3.1525753339131675,1
3186,100877,9.960618496395126,12,0.050000000000000044,2.7465980847676597,1
3187,100907,29.93288027293054,30,0.050000000000000044,3.1450155462537492,0
3188,100922,13.951627003273178,15,0.050000000000000044,2.430354744195938,1
3189,100940,16.936085699063803,18,0.050000000000000044,2.5901106119155886,1
3190,100946,4.756112615352729,6,0.050000000000000044,4.327173233032227,1
3191,100959,11.951343695726578,13,0.050000000000000044,2.2725350062052407,1
3192,100973,12.756060775422004,14,0.050000000000000044,3.1354487538337708,1
3193,100976,1.9602091714909529,3,0.050000000000000044,1.5619988441467285,1
3194,100987,9.556654656715095,11,0.050000000000000044,2.7767372131347656,1
3195,101005,16.949780968021315,18,0.050000000000000044,2.523178482055664,1
3196,101012,6.07081762800365,7,0.050000000000000044,2.6861443519592285,1
3197,101020,6.754231318229844,8,0.050000000000000044,2.9884700775146484,1
3198,101044,22.944208435846036,24,0.050000000000000044,3.5483786861101785,1
3199,101052,6.5555926084178004,8,0.050000000000000044,3.176523804664612,1
3200,101054,0.9660165442504834,2,0.050000000000000044,nan,1
3201,101081,25.658336282894517,27,0.050000000000000044,1.9859353985105241,1
3202,101086,4.052268880380898,5,0.050000000000000044,2.593839168548584,1
3203,101097,9.955047549395125,11,0.050000000000000044,3.5948521296183267,1
3204,101127,29.936008761120984,30,0.050000000000000044,3.1581777163914273,0
3205,101133,4.959018187143877,6,0.050000000000000044,4.0550572872161865,1
3206,101146,11.358456659159037,13,0.050000000000000044,1.318351149559021,1
3207,101154,5.592457445492242,8,0.050000000000000044,3.3853542804718018,1
3208,101164,8.953724868482524,10,0.050000000000000044,3.384206771850586,1
3209,101179,13.348730275333025,15,0.050000000000000044,3.0674448013305664,1
3210,101192,11.950284653740495,13,0.050000000000000044,3.3773762583732605,1
3211,101213,19.94443610249208,21,0.050000000000000044,2.367026925086975,1
3212,101219,4.957172438484455,6,0.050000000000000044,4.71073579788208,1
3213,101249,29.53565179766871,30,0.050000000000000044,3.1424997448921204,0
3214,101271,19.556562347726928,22,0.050000000000000044,2.724204444885254,1
3215,101282,10.191004955912193,11,0.050000000000000044,3.697093407313029,1
3216,101291,7.953984494101851,9,0.050000000000000044,3.6500134468078613,1
3217,101317,22.438583250717343,26,0.050000000000000044,3.6040000915527344,1
3218,101342,23.94581809901296,25,0.050000000000000044,2.6367070277531943,1
3219,101348,5.277195052781539,6,0.050000000000000044,2.8359599113464355,1
3220,101359,9.163558689145175,11,0.050000000000000044,2.655465245246887,1
3221,101368,8.275353120286042,9,0.050000000000000044,2.6720739205678306,1
3222,101392,22.500549556106158,24,0.050000000000000044,2.615698973337809,1
3223,101402,8.95505781789726,10,0.050000000000000044,2.6357457637786865,1
3224,101432,29.17844565031513,30,0.050000000000000044,2.871758908033371,1
3225,101452,18.94525634173558,20,0.050000000000000044,2.896005082130432,1
3226,101463,9.983589217904552,11,0.050000000000000044,1.9607360363006592,1
3227,101486,21.944980367070404,23,0.050000000000000044,3.137141784032186,1
3228,101505,17.64236183721803,19,0.050000000000000044,3.279762125015259,1
3229,101528,22.042207257820394,23,0.050000000000000044,2.5380000670750937,1
3230,101558,28.957914182385785,30,0.050000000000000044,2.8548576661518643,0
3231,101567,7.98930659379944,9,0.050000000000000044,3.0155649185180664,1
3232,101583,14.953197231729401,16,0.050000000000000044,2.442080318927765,1
3233,101613,26.759737698427394,30,0.050000000000000044,2.8079175502061844,0
3234,101618,4.123409155965986,5,0.050000000000000044,1.8155336380004883,1
3235,101648,25.68739338114671,30,0.050000000000000044,3.750831514596939,0
3236,101655,5.953482026131685,7,0.050000000000000044,4.168033599853516,1
3237,101664,7.953206397886591,9,0.050000000000000044,2.7938853899637857,1
3238,101686,20.736820928613074,22,0.050000000000000044,2.6552499771118163,1
3239,101701,13.559440555758933,15,0.050000000000000044,2.117253601551056,1
3240,101725,23.267701628155024,24,0.050000000000000044,3.410723606745402,1
3241,101750,22.96099338647591,25,0.050000000000000044,3.2185713052749634,1
3242,101780,29.746678253910407,30,0.050000000000000044,3.0722679644823074,0
3243,101785,3.9590471683324666,5,0.050000000000000044,3.3899855613708496,1
3244,101795,7.600582143084988,10,0.050000000000000044,3.7350226640701294,1
3245,101825,29.938679042407916,30,0.050000000000000044,3.0814027786254883,0
3246,101835,8.758298407096982,10,0.050000000000000044,3.395687222480774,1
3247,101839,2.9592167598122607,4,0.050000000000000044,2.9089972972869873,1
3248,101856,15.776790261466497,17,0.050000000000000044,2.6353757977485657,1
3249,101871,13.87723114666711,15,0.050000000000000044,2.345304250717163,1
3250,101875,2.9592167598122607,4,0.050000000000000044,2.800823450088501,1
3251,101890,13.752379674119636,15,0.050000000000000044,2.4081491231918335,1
3252,101914,22.555469562661518,24,0.050000000000000044,2.63011634349823,1
3253,101926,10.758298253695813,12,0.050000000000000044,2.941939353942871,1
3254,101938,9.964695052781538,12,0.050000000000000044,2.585058808326721,1
3255,101966,27.25817264670682,28,0.050000000000000044,2.250417709350586,1
3256,101988,20.741655407224144,22,0.050000000000000044,3.578349550565084,1
3257,102001,11.94976487610861,13,0.050000000000000044,2.9492348035176597,1
3258,102019,16.55943572825681,18,0.050000000000000044,2.1906863003969193,1
3259,102049,29.94579604202165,30,0.050000000000000044,3.045719236135483,0
3260,102068,17.149869413397095,19,0.050000000000000044,2.5904175281524657,1
3261,102095,21.27038122461687,27,0.050000000000000044,2.0970792373021445,1
3262,102111,12.762636262924097,16,0.050000000000000044,2.9049110412597656,1
3263,102117,5.054113464055959,6,0.050000000000000044,2.9707125425338745,1
3264,102124,5.95716295071267,7,0.050000000000000044,3.8086788654327393,1
3265,102154,28.74865985197111,30,0.050000000000000044,2.5170282466070995,1
3266,102165,8.007283120370657,11,0.050000000000000044,3.1376463572184243,1
3267,102190,23.949509027338134,25,0.050000000000000044,2.593130807081858,1
3268,102215,23.949517666573872,25,0.050000000000000044,3.064041336377462,1
3269,102221,4.55663250881008,6,0.050000000000000044,3.1946157217025757,1
3270,102243,20.344087390679153,22,0.050000000000000044,3.183510446548462,1
3271,102268,23.955583344503445,25,0.050000000000000044,2.6814552886145457,1
3272,102284,14.949242546007087,16,0.050000000000000044,2.712816536426544,1
3273,102297,10.958613449969691,13,0.050000000000000044,2.8228277365366616,1
3274,102303,4.7601835319688295,6,0.050000000000000044,3.8212990760803223,1
3275,102316,12.050412323655022,13,0.050000000000000044,2.300167739391327,1
3276,102346,27.94800244184812,30,0.050000000000000044,3.2027855089732578,0
3277,102362,14.946079926144625,16,0.050000000000000044,2.6792749762535095,1
3278,102374,8.490264758416556,12,0.050000000000000044,3.4658166567484536,1
3279,102404,29.545556983631815,30,0.050000000000000044,3.0242949575185776,0
3280,102419,13.945804966122163,15,0.050000000000000044,3.056933641433716,1
3281,102435,12.013104548661259,16,0.050000000000000044,3.0641397833824158,1
3282,102451,14.953460886043514,16,0.050000000000000044,2.9003884196281433,1
3283,102481,29.38408575454457,30,0.050000000000000044,3.387254238128662,0
3284,102500,17.951351416119095,19,0.050000000000000044,2.4432996988296507,1
3285,102518,15.871020096680377,18,0.050000000000000044,3.2092783451080322,1
3286,102526,5.488636363636362,8,0.050000000000000044,2.6032848358154297,1
3287,102540,12.082143793075666,14,0.050000000000000044,1.622433841228485,1
3288,102555,13.7173432510067,15,0.050000000000000044,2.3386741876602173,1
3289,102585,29.151564135351535,30,0.050000000000000044,3.2686833813786507,0
3290,102598,9.8018852557928,13,0.050000000000000044,3.3836515744527182,1
3291,102628,28.95027558267324,30,0.050000000000000044,2.600313186645508,1
3292,102637,7.355646923820626,9,0.050000000000000044,3.8579699993133545,1
3293,102648,9.95557476725164,11,0.050000000000000044,2.787493944168091,1
3294,102671,17.448416669224326,23,0.050000000000000044,2.4858824729919435,1
3295,102677,4.989439776723112,6,0.050000000000000044,3.2216107845306396,1
3296,102681,3.0505961767749987,4,0.050000000000000044,1.008690595626831,1
3297,102699,16.944734180453985,18,0.050000000000000044,2.9730817079544067,1
3298,102707,5.607954545454544,8,0.050000000000000044,3.378674030303955,1
3299,102714,5.757924433802747,7,0.050000000000000044,2.226000726222992,1
3300,102717,1.9602091714909529,3,0.050000000000000044,3.941342830657959,1
3301,102747,27.362866082025718,30,0.050000000000000044,3.4504835265023366,0
3302,102762,13.950035172854541,15,0.050000000000000044,2.7818230986595154,1
3303,102769,5.95716295071267,7,0.050000000000000044,2.3815630674362183,1
3304,102794,18.34920467189527,25,0.050000000000000044,3.6747767627239227,1
3305,102800,5.1957955760071854,6,0.050000000000000044,2.5832395553588867,1
3306,102825,23.73234738659211,25,0.050000000000000044,3.663123925526937,1
3307,102843,12.669347963462673,18,0.050000000000000044,3.283501923084259,1
3308,102853,8.955574766461043,10,0.050000000000000044,3.362874905268351,1
3309,102883,27.926652189459677,30,0.050000000000000044,2.9804974624088834,0
3310,102900,15.949496320236728,17,0.050000000000000044,2.920015287399292,1
3311,102924,22.94263186510995,24,0.050000000000000044,2.922909657160441,1
3312,102941,15.74735185483042,17,0.050000000000000044,2.976035952568054,1
3313,102971,29.750276361803646,30,0.050000000000000044,3.017584068434579,0
3314,102979,6.9875664069229435,8,0.050000000000000044,3.6236013174057007,1
3315,102995,15.067352518908233,16,0.050000000000000044,3.5948728919029236,1
3316,103007,10.55642796792267,12,0.050000000000000044,2.3917597929636636,1
3317,103036,27.947646266880387,29,0.050000000000000044,2.9496966898441315,1
3318,103049,11.453441893962264,13,0.050000000000000044,3.1552677949269614,1
3319,103079,29.343556782864937,30,0.050000000000000044,2.900183950151716,0
3320,103086,5.955057689223602,7,0.050000000000000044,2.6425172090530396,1
3321,103116,29.32934790720744,30,0.050000000000000044,2.9733278900384903,0
3322,103136,17.471825856087523,20,0.050000000000000044,2.6057695627212523,1
3323,103148,10.555354334850486,12,0.050000000000000044,2.671278476715088,1
3324,103178,28.279516300446854,30,0.050000000000000044,3.0931599140167236,0
3325,103208,29.946079123673325,30,0.050000000000000044,2.737759977579117,0
3326,103213,3.7546839664486926,5,0.050000000000000044,2.3616254329681396,1
3327,103221,6.95531634221785,8,0.050000000000000044,3.1517385244369507,1
3328,103251,28.561549578652535,30,0.050000000000000044,2.562088659831456,1
3329,103272,19.945293832127795,21,0.050000000000000044,3.3563023805618286,1
3330,103297,21.526049928839424,25,0.050000000000000044,3.283378779888153,1
3331,103305,7.074242768015801,8,0.050000000000000044,3.3890573978424072,1
3332,103319,12.957161889087786,14,0.050000000000000044,3.218388001124064,1
3333,103349,29.54981167671967,30,0.050000000000000044,3.3001195788383484,0
3334,103363,12.953448798607988,14,0.050000000000000044,3.42830753326416,1
3335,103393,27.548413152341084,30,0.050000000000000044,3.273649126291275,1
3336,103414,18.84042350301578,21,0.050000000000000044,3.444475030899048,1
3337,103444,26.528114159699822,30,0.050000000000000044,3.1579515039920807,0
3338,103449,3.793357492619741,5,0.050000000000000044,1.6827311515808105,1
3339,103479,24.36949486862319,30,0.050000000000000044,2.9767842292785645,0
3340,103494,11.213673447956234,15,0.050000000000000044,3.245085895061493,1
3341,103517,20.562034946045074,23,0.050000000000000044,3.3645002047220864,1
3342,103547,26.960903387482595,30,0.050000000000000044,3.0261593886784146,0
3343,103558,9.752357895907835,11,0.050000000000000044,3.764533201853434,1
3344,103588,29.93234112807148,30,0.050000000000000044,2.8412330597639084,0
3345,103592,2.9592167598122607,4,0.050000000000000044,4.713430404663086,1
3346,103615,21.150653267165776,23,0.050000000000000044,3.2558522701263426,1
3347,103621,4.957168006567855,6,0.050000000000000044,3.173072576522827,1
3348,103632,9.959012214701307,11,0.050000000000000044,3.2131412029266357,1
3349,103650,14.928387625381838,18,0.050000000000000044,3.5393207669258118,1
3350,103656,4.957168599026561,6,0.050000000000000044,3.706482410430908,1
3351,103658,0.9660165442504834,2,0.050000000000000044,nan,1
3352,103662,2.9592167598122607,4,0.050000000000000044,2.413881301879883,1
3353,103692,28.150131412545104,30,0.050000000000000044,2.616165444254875,0
3354,103708,14.754217814180539,16,0.050000000000000044,3.222450077533722,1
3355,103735,22.963269410428502,27,0.050000000000000044,3.1532920201619468,1
3356,103754,17.349909630895954,19,0.050000000000000044,3.18967444896698,1
3357,103784,27.259276616902767,30,0.050000000000000044,2.905174672603607,0
3358,103796,9.789160575407074,12,0.050000000000000044,3.003907879193624,1
3359,103801,4.121563407283063,5,0.050000000000000044,2.0238049030303955,1
3360,103808,5.55538711120867,7,0.050000000000000044,2.0376016497612,1
3361,103818,8.955311718323417,10,0.050000000000000044,4.018752336502075,1
3362,103830,9.95860580955608,12,0.050000000000000044,1.9681369860967,1
3363,103840,8.557847697749141,10,0.050000000000000044,2.580037554105123,1
3364,103843,1.7649228101313175,3,0.050000000000000044,nan,1
3365,103873,27.881353337156742,30,0.050000000000000044,3.252295345067978,0
3366,103890,16.121555828432623,17,0.050000000000000044,3.054843246936798,1
3367,103920,26.284293901989237,30,0.050000000000000044,3.0686127096414566,0
3368,103935,12.79952574601972,15,0.050000000000000044,3.789166212081909,1
3369,103952,16.192098005432094,17,0.050000000000000044,3.3249229907989504,1
3370,103961,7.552992060836466,9,0.050000000000000044,4.168175101280212,1
3371,103977,12.175619420346575,16,0.050000000000000044,2.8449031710624695,1
3372,103990,11.95319728004062,13,0.050000000000000044,3.4989920457204184,1
3373,104001,9.955316141520719,11,0.050000000000000044,2.2626826763153076,1
3374,104014,11.953470620970721,13,0.050000000000000044,3.1860245863596597,1
3375,104026,10.748914696571791,12,0.050000000000000044,3.9475961526234946,1
3376,104036,8.35095577792523,10,0.050000000000000044,3.1533993085225425,1
3377,104057,19.750801005683556,21,0.050000000000000044,3.5598002910614013,1
3378,104070,11.95159216341718,13,0.050000000000000044,2.29012930393219,1
3379,104100,29.196459517017477,30,0.050000000000000044,2.803303360939026,0
3380,104122,20.97623594743172,22,0.050000000000000044,2.886149597167969,1
3381,104152,27.915440552461774,30,0.050000000000000044,3.037532925605774,0
3382,104182,29.537924920690457,30,0.050000000000000044,3.188832862036569,0
3383,104191,7.758307835648623,9,0.050000000000000044,2.4901400804519653,1
3384,104207,12.367463283232366,16,0.050000000000000044,2.7312163710594177,1
3385,104215,7.273486344686445,8,0.050000000000000044,3.2456142902374268,1
3386,104232,15.94950829953258,17,0.050000000000000044,2.8821341514587404,1
3387,104262,29.534671093647926,30,0.050000000000000044,2.8582840136119296,0
3388,104287,22.003082457357504,25,0.050000000000000044,3.4197907050450644,1
3389,104300,11.354909120846859,13,0.050000000000000044,3.0594730973243713,1
3390,104315,13.550051540011804,15,0.050000000000000044,4.106937964757283,1
3391,104345,23.824558726614036,30,0.050000000000000044,3.644608348608017,1
3392,104375,29.937132749216325,30,0.050000000000000044,2.568992188998631,0
3393,104389,11.960640549903149,14,0.050000000000000044,4.020353376865387,1
3394,104419,24.179251414282895,30,0.050000000000000044,2.6581142800194875,1
3395,104438,17.941840706478725,19,0.050000000000000044,4.045006442070007,1
3396,104463,21.3588829742965,25,0.050000000000000044,2.8917088905970254,1
3397,104487,22.58627643475458,24,0.050000000000000044,2.5419233242670694,1
3398,104502,13.042732689255336,15,0.050000000000000044,3.0509809851646423,1
3399,104524,21.11971007979841,22,0.050000000000000044,3.676090200742086,1
3400,104534,8.953198743385496,10,0.050000000000000044,2.0149152874946594,1
3401,104554,18.94208149612208,20,0.050000000000000044,3.283181667327881,1
3402,104584,28.038623818716086,30,0.050000000000000044,2.6839975118637085,0
3403,104596,10.349941436232147,12,0.050000000000000044,2.9645153681437173,1
3404,104606,8.516450932618985,10,0.050000000000000044,2.5806026458740234,1
3405,104622,14.955057812587082,16,0.050000000000000044,2.2615853548049927,1
3406,104631,7.957161939125285,9,0.050000000000000044,2.9583017826080322,1
3407,104661,28.93763234404313,30,0.050000000000000044,2.9619018733501434,1
3408,104675,12.951359460177743,14,0.050000000000000044,2.598081191380819,1
3409,104686,10.119705623826928,11,0.050000000000000044,3.0325581630071006,1
3410,104689,2.1939814742831913,3,0.050000000000000044,2.1312060356140137,1
3411,104713,19.642933571364885,24,0.050000000000000044,2.598220944404602,1
3412,104727,12.38101227427381,14,0.050000000000000044,2.828201095263163,1
3413,104732,3.9590471683324666,5,0.050000000000000044,3.420429825782776,1
3414,104762,26.949892338797518,30,0.050000000000000044,2.594482455934797,0
3415,104792,28.151146094034054,30,0.050000000000000044,3.1223563253879547,0
3416,104805,9.688288649788877,13,0.050000000000000044,4.111090421676636,1
3417,104813,7.273493181174501,8,0.050000000000000044,2.961608409881592,1
3418,104830,15.951626464182395,17,0.050000000000000044,3.396858811378479,1
3419,104849,17.776054057344748,19,0.050000000000000044,2.432692623138428,1
3420,104865,14.55111332005595,16,0.050000000000000044,2.8448950350284576,1
3421,104877,10.957161889249791,12,0.050000000000000044,3.2749122778574624,1
3422,104907,28.983403022716132,30,0.050000000000000044,3.0817922013146535,0
3423,104920,11.97429609125407,13,0.050000000000000044,3.999061346054077,1
3424,104928,6.7579194812585905,8,0.050000000000000044,3.490075945854187,1
3425,104947,17.152332594783594,19,0.050000000000000044,2.868171215057373,1
3426,104960,12.19208555180681,13,0.050000000000000044,3.199995756149292,1
3427,104984,22.942633899627786,24,0.050000000000000044,3.519238313039144,1
3428,104992,6.782959131434189,8,0.050000000000000044,3.4209775924682617,1
3429,105011,17.91542572621237,19,0.050000000000000044,3.70513916015625,1
3430,105019,6.566001632830874,8,0.050000000000000044,2.9407317638397217,1
3431,105025,4.757953414991336,6,0.050000000000000044,2.581281065940857,1
3432,105033,6.955299826692759,8,0.050000000000000044,2.6799405813217163,1
3433,105063,29.74682159668194,30,0.050000000000000044,3.591690710612706,0
3434,105071,6.953480987377489,8,0.050000000000000044,2.622012138366699,1
3435,105078,5.987640677644669,7,0.050000000000000044,3.613954544067383,1
3436,105104,19.618131889622624,26,0.050000000000000044,3.267138889857701,1
3437,105120,14.395267831679181,16,0.050000000000000044,2.6996965408325195,1
3438,105133,11.577856047951315,13,0.050000000000000044,2.5574079155921936,1
3439,105140,5.752394663533336,7,0.050000000000000044,4.628377199172974,1
3440,105167,24.49538568642814,27,0.050000000000000044,2.6801331440607705,1
3441,105172,4.271415896067582,5,0.050000000000000044,2.2086079716682434,1
3442,105196,22.150239054742645,24,0.050000000000000044,3.5077351331710815,1
3443,105206,8.951649224399327,10,0.050000000000000044,2.9690635204315186,1
3444,105236,25.29994933763007,30,0.050000000000000044,2.6766405254602432,0
3445,105242,4.001182834894192,6,0.050000000000000044,3.5520124435424805,1
3446,105259,15.716990785074193,17,0.050000000000000044,3.257127285003662,1
3447,105279,18.57642886968881,20,0.050000000000000044,4.005582523345947,1
3448,105307,23.497570056645184,28,0.050000000000000044,3.0204757111413136,1
3449,105319,10.754218851695914,12,0.050000000000000044,3.247823476791382,1
3450,105342,21.74735146381537,23,0.050000000000000044,2.70868710676829,1
3451,105354,10.393572528731358,12,0.050000000000000044,4.048641999562581,1
3452,105376,17.41139934197338,22,0.050000000000000044,3.0333237648010254,1
3453,105389,11.957161910342208,13,0.050000000000000044,3.0738839308420816,1
3454,105400,9.959012214701307,11,0.050000000000000044,2.2055648962656655,1
3455,105405,3.9572014196905787,5,0.050000000000000044,3.1117711067199707,1
3456,105425,19.27110307938496,20,0.050000000000000044,2.4939812421798706,1
3457,105455,29.748667965848433,30,0.050000000000000044,2.8449228831699918,0
3458,105462,5.9550588766979375,7,0.050000000000000044,4.227310419082642,1
3459,105492,29.5403319154884,30,0.050000000000000044,2.7894947230815887,0
3460,105509,15.151307470687167,17,0.050000000000000044,3.3361971974372864,1
3461,105539,25.803362523274494,30,0.050000000000000044,3.1605399676731656,0
3462,105569,26.122017664672875,30,0.050000000000000044,3.4236384332180023,0
3463,105592,21.940504231760457,23,0.050000000000000044,3.046974867582321,1
3464,105622,23.182209184679994,30,0.050000000000000044,3.6001882553100586,1
3465,105633,10.123406153299513,11,0.050000000000000044,2.841256062189738,1
3466,105663,23.707393235983798,30,0.050000000000000044,3.4261127540043423,0
3467,105693,29.929152661654793,30,0.050000000000000044,3.3060577139258385,0
3468,105697,2.987565628278572,4,0.050000000000000044,2.8977088928222656,1
3469,105714,13.172042491326396,17,0.050000000000000044,4.224302113056183,1
3470,105744,29.940523734111018,30,0.050000000000000044,3.020000457763672,0
3471,105764,18.164753605267478,20,0.050000000000000044,3.8699435234069823,1
3472,105785,20.07009153207277,21,0.050000000000000044,3.3982667446136476,1
3473,105789,3.0522756612359205,4,0.050000000000000044,4.020286560058594,1
3474,105804,13.957171296993922,15,0.050000000000000044,2.873312294483185,1
3475,105814,8.115880639142413,10,0.050000000000000044,5.049858093261719,1
3476,105837,22.273493382844602,23,0.050000000000000044,3.2633543014526367,1
3477,105844,5.994705705631865,7,0.050000000000000044,2.293345332145691,1
3478,105856,10.758298257201556,12,0.050000000000000044,3.8365182876586914,1
3479,105886,29.149835227693064,30,0.050000000000000044,3.560199431010655,0
3480,105916,26.59453086252795,30,0.050000000000000044,2.6756322383880615,0
3481,105931,13.547723750204147,15,0.050000000000000044,2.47514013449351,1
3482,105961,26.30334550415413,30,0.050000000000000044,2.6255634427070618,0
3483,105991,26.756753932670726,30,0.050000000000000044,3.2006581851414273,1
3484,106021,22.55729716344594,30,0.050000000000000044,3.242378056049347,0
3485,106038,15.155028568931963,17,0.050000000000000044,2.9143728017807007,1
3486,106045,5.95716303443921,7,0.050000000000000044,3.022665500640869,1
3487,106049,2.957376534134098,4,0.050000000000000044,4.4102373123168945,1
3488,106058,7.957162655504025,9,0.050000000000000044,2.965765655040741,1
3489,106074,13.765830400743031,16,0.050000000000000044,3.15001118183136,1
3490,106079,3.555800892602484,5,0.050000000000000044,3.7024664878845215,1
3491,106109,28.599811655285503,30,0.050000000000000044,3.1637695729732513,0
3492,106125,12.756680568900189,16,0.050000000000000044,3.925171732902527,1
3493,106134,7.957161940126091,9,0.050000000000000044,1.451939344406128,1
3494,106149,13.955047541081202,15,0.050000000000000044,2.3093931078910828,1
3495,106177,25.316032592848437,28,0.050000000000000044,2.6238852058138167,1
3496,106207,29.92887514098886,30,0.050000000000000044,2.8834850447518483,0
3497,106237,29.745621067074776,30,0.050000000000000044,3.508216053247452,0
3498,106242,3.7546839664486926,5,0.050000000000000044,3.666513442993164,1
3499,106253,9.917016873703435,11,0.050000000000000044,3.0352527697881064,1
3500,106260,5.95716303443921,7,0.050000000000000044,2.588379979133606,1
3501,106264,2.7591154181621453,4,0.050000000000000044,2.0135557651519775,1
3502,106290,24.639057527501304,26,0.050000000000000044,3.042134722073873,1
3503,106297,5.95717232116616,7,0.050000000000000044,4.03938901424408,1
3504,106307,8.955583349627183,10,0.050000000000000044,4.119703054428101,1
3505,106331,22.752112490882404,24,0.050000000000000044,2.7597312529881797,1
3506,106360,26.74951798757514,29,0.050000000000000044,3.4014291167259216,1
3507,106384,22.152479822276952,24,0.050000000000000044,3.1607258319854736,1
3508,106399,13.189905876164419,15,0.050000000000000044,3.2029239336649575,1
3509,106421,20.752372189947774,22,0.050000000000000044,3.5881468454996743,1
3510,106430,7.517445069833827,9,0.050000000000000044,3.9272485971450806,1
3511,106436,5.070575874484116,6,0.050000000000000044,3.343207359313965,1
3512,106444,6.781098078370641,8,0.050000000000000044,3.9628500938415527,1
3513,106458,12.983900938885235,14,0.050000000000000044,1.758275032043457,1
3514,106477,17.947897473413107,19,0.050000000000000044,3.455636405944824,1
3515,106484,6.0490637686188045,7,0.050000000000000044,2.5538772344589233,1
3516,106492,6.756186431961709,8,0.050000000000000044,4.161353826522827,1
3517,106500,7.191837847538929,8,0.050000000000000044,2.6521823406219482,1
3518,106530,25.44953696765268,30,0.050000000000000044,3.428540928023202,0
3519,106548,14.196837913168832,18,0.050000000000000044,3.005860924720764,1
3520,106553,3.9572014196905787,5,0.050000000000000044,2.5707850456237793,1
3521,106583,29.936022220848105,30,0.050000000000000044,4.183068650109427,0
3522,106613,29.938678970757916,30,0.050000000000000044,3.0204755663871765,0
3523,106627,12.953466199767592,14,0.050000000000000044,3.400515000025431,1
3524,106633,4.957177290232426,6,0.050000000000000044,4.24762225151062,1
3525,106662,27.453199222125086,29,0.050000000000000044,3.217206597328186,1
3526,106667,4.1205353024358065,5,0.050000000000000044,3.9288225173950195,1
3527,106678,9.953463182050655,11,0.050000000000000044,3.6248664061228433,1
3528,106686,6.757450212189858,8,0.050000000000000044,3.003882348537445,1
3529,106696,8.953198743385496,10,0.050000000000000044,3.3179439703623452,1
3530,106714,15.76215780073288,18,0.050000000000000044,3.5552024841308594,1
3531,106744,27.756928030243632,30,0.050000000000000044,3.5091282427310944,0
3532,106758,12.158415404949269,14,0.050000000000000044,3.341564973195394,1
3533,106772,12.760429120503634,14,0.050000000000000044,3.0194919109344482,1
3534,106802,24.693451733253482,30,0.050000000000000044,3.103363803454808,0
3535,106812,8.75606829053776,10,0.050000000000000044,1.6475691000620525,1
3536,106832,18.345694080432644,20,0.050000000000000044,2.990474891662598,1
3537,106845,12.116007779055446,13,0.050000000000000044,2.6303533713022866,1
3538,106861,14.94952255083289,16,0.050000000000000044,4.087494134902954,1
3539,106882,19.952921261210285,21,0.050000000000000044,2.7124068260192873,1
3540,106912,29.93868374334867,30,0.050000000000000044,2.606344595551491,0
3541,106919,5.355113661734267,7,0.050000000000000044,3.8994269371032715,1
3542,106933,12.752882102387565,14,0.050000000000000044,3.224535644054413,1
3543,106944,9.760148582561214,11,0.050000000000000044,3.065164883931478,1
3544,106974,28.944258189897425,30,0.050000000000000044,3.3577366215842113,1
3545,106999,22.361389451818567,25,0.050000000000000044,2.319553792476654,1
3546,107029,29.938422129174892,30,0.050000000000000044,3.6512789130210876,0
3547,107047,16.551392575762808,18,0.050000000000000044,2.5565000027418137,1
3548,107060,9.173945776110424,13,0.050000000000000044,3.187621772289276,1
3549,107071,9.957161909584332,11,0.050000000000000044,3.2557501792907715,1
3550,107088,15.943675185082391,17,0.050000000000000044,2.975982189178467,1
3551,107118,27.156221516774348,30,0.050000000000000044,2.929630092212132,0
3552,107125,5.951648394303191,7,0.050000000000000044,2.3606244325637817,1
3553,107138,11.95504754130338,13,0.050000000000000044,2.8935744762420654,1
3554,107144,4.361388145434872,6,0.050000000000000044,3.5126307010650635,1
3555,107155,9.959012214701307,11,0.050000000000000044,2.2399418354034424,1
3556,107167,11.116248238537034,12,0.050000000000000044,3.3408149083455405,1
3557,107177,8.95716191389576,10,0.050000000000000044,2.749286413192749,1
3558,107207,28.548247322299712,30,0.050000000000000044,3.013266478266035,0
3559,107232,20.972056358316614,25,0.050000000000000044,3.0347921677998135,1
3560,107262,26.54790050608616,30,0.050000000000000044,3.38641425541469,0
3561,107278,13.36282521049493,16,0.050000000000000044,3.1850709915161133,1
3562,107284,4.654200084358497,6,0.050000000000000044,2.191175699234009,1
3563,107309,23.745744273237783,25,0.050000000000000044,2.3441930413246155,1
3564,107322,11.715275342040147,13,0.050000000000000044,3.9164398511250815,1
3565,107331,7.152638828387029,9,0.050000000000000044,3.685176134109497,1
3566,107349,16.187528620207132,18,0.050000000000000044,3.692966651916504,1
3567,107366,13.490047356644734,17,0.050000000000000044,2.718866527080536,1
3568,107369,1.9583725634928275,3,0.050000000000000044,4.803919792175293,1
3569,107396,25.33011911246216,27,0.050000000000000044,3.3334638391222273,1
3570,107416,16.91474135872329,20,0.050000000000000044,2.9279906272888185,1
3571,107423,5.953190965060391,7,0.050000000000000044,3.9284110069274902,1
3572,107432,7.847201715035916,9,0.050000000000000044,2.946864207585653,1
3573,107436,2.7591154181621453,4,0.050000000000000044,2.593177080154419,1
3574,107446,8.596974001059836,10,0.050000000000000044,2.9985101222991943,1
3575,107476,29.940504786663116,30,0.050000000000000044,3.6865831911563873,0
3576,107504,26.57705234907913,28,0.050000000000000044,3.180688347135271,1
3577,107534,24.514285857248517,30,0.050000000000000044,3.3831653594970703,0
3578,107547,11.955312301426586,13,0.050000000000000044,2.9295769532521567,1
3579,107558,9.790435960892385,11,0.050000000000000044,3.0233442783355713,1
3580,107584,23.910533359558283,26,0.050000000000000044,2.9155215876443044,1
3581,107607,21.95161551519597,23,0.050000000000000044,3.7670461654663088,1
3582,107637,23.96962115362636,30,0.050000000000000044,3.0358523428440094,1
3583,107649,10.351471727442735,12,0.050000000000000044,3.2363866170247397,1
3584,107679,29.947934029290266,30,0.050000000000000044,3.595656701496669,0
3585,107701,20.951095667849792,22,0.050000000000000044,3.8374892473220825,1
3586,107705,2.7572907203812167,4,0.050000000000000044,3.3674449920654297,1
3587,107719,12.155183490863767,14,0.050000000000000044,2.5562287171681723,1
3588,107737,17.113350814808335,18,0.050000000000000044,4.017057657241821,1
3589,107745,6.992587175933735,8,0.050000000000000044,1.7650725841522217,1
3590,107775,25.010299524188454,30,0.050000000000000044,4.0483077594212125,0
3591,107786,9.553285606194153,11,0.050000000000000044,3.7270522912343345,1
3592,107792,4.959018187143877,6,0.050000000000000044,3.988191246986389,1
3593,107817,23.342486982869392,25,0.050000000000000044,3.145819346110026,1
3594,107847,29.74020164610614,30,0.050000000000000044,3.2600136484418596,0
3595,107856,7.957161939125285,9,0.050000000000000044,2.8135903676350913,1
3596,107874,16.951871475911847,18,0.050000000000000044,3.0424033403396606,1
3597,107888,12.356497097562125,14,0.050000000000000044,2.9014411568641663,1
3598,107893,4.121563407283063,5,0.050000000000000044,0.7804988026618958,1
3599,107923,29.546789243471135,30,0.050000000000000044,2.2059362275259837,0
3600,107928,3.994268219868442,5,0.050000000000000044,4.435481548309326,1
3601,107938,8.23336562904829,10,0.050000000000000044,3.1093873977661133,1
3602,107947,7.955321131355668,9,0.050000000000000044,2.8222906589508057,1
3603,107977,29.390582394992947,30,0.050000000000000044,3.493216350674629,0
3604,108007,29.944473194541843,30,0.050000000000000044,3.6614218779972623,0
3605,108016,7.9590122436400925,9,0.050000000000000044,3.085652987162272,1
3606,108034,15.085420681155432,18,0.050000000000000044,2.4844645261764526,1
3607,108055,16.83481311635684,21,0.050000000000000044,2.886897659301758,1
3608,108063,6.917026230184226,8,0.050000000000000044,3.3916141986846924,1
3609,108085,20.75856264145961,22,0.050000000000000044,3.209593415260315,1
3610,108108,19.153990108990993,23,0.050000000000000044,2.208713173866272,1
3611,108138,28.190188722084095,30,0.050000000000000044,3.188203743525914,0
3612,108157,15.96428661595365,19,0.050000000000000044,3.307560586929321,1
3613,108170,11.555358812946885,13,0.050000000000000044,2.5838014284769693,1
3614,108179,7.980513176813421,9,0.050000000000000044,3.8121273517608643,1
3615,108199,19.18657063976206,20,0.050000000000000044,3.4896842002868653,1
3616,108212,11.55457765858215,13,0.050000000000000044,2.4496541023254395,1
3617,108232,17.50556473661943,20,0.050000000000000044,3.022522497177124,1
3618,108241,7.156888476641602,9,0.050000000000000044,4.293399810791016,1
3619,108259,17.046447651263616,18,0.050000000000000044,3.8838159441947937,1
3620,108289,24.230618403659427,30,0.050000000000000044,3.5252493172883987,0
3621,108303,12.842464544164816,14,0.050000000000000044,4.670711835225423,1
3622,108312,8.268479248900551,9,0.050000000000000044,3.1931519508361816,1
3623,108326,12.754218244142555,14,0.050000000000000044,3.3964603741963706,1
3624,108356,25.01994954664024,30,0.050000000000000044,3.1945899575948715,0
3625,108372,14.20266017890779,16,0.050000000000000044,3.5980661511421204,1
3626,108394,19.539389203109295,22,0.050000000000000044,3.4075409412384032,1
3627,108410,14.515729292639973,16,0.050000000000000044,2.8268136382102966,1
3628,108434,22.54835544298863,24,0.050000000000000044,3.20583176612854,1
3629,108464,28.51955040901917,30,0.050000000000000044,2.5396399945020676,0
3630,108479,12.560300337317699,15,0.050000000000000044,2.8592999378840127,1
3631,108489,8.748966801793001,10,0.050000000000000044,3.0036215782165527,1
3632,108499,8.957162630788783,10,0.050000000000000044,2.8126180171966553,1
3633,108529,28.939227497225197,30,0.050000000000000044,3.142738237977028,1
3634,108547,16.75301825891944,18,0.050000000000000044,2.824546605348587,1
3635,108561,12.14828095559135,14,0.050000000000000044,2.3654229938983917,1
3636,108583,20.38777690835836,22,0.050000000000000044,3.4692288398742677,1
3637,108591,6.959012388268193,8,0.050000000000000044,3.0039337873458862,1
3638,108609,16.557736944124834,18,0.050000000000000044,2.931593585014343,1
3639,108639,26.833281465983656,30,0.050000000000000044,2.9901344094957625,0
3640,108648,7.645107438858496,9,0.050000000000000044,4.579374472300212,1
3641,108668,18.77118189460696,20,0.050000000000000044,2.356410098075867,1
3642,108678,8.39846243407981,10,0.050000000000000044,2.505502700805664,1
3643,108692,12.748407947686811,14,0.050000000000000044,2.64632448554039,1
3644,108706,12.953212063932055,14,0.050000000000000044,3.339139699935913,1
3645,108722,12.557217793767212,16,0.050000000000000044,4.088777303695679,1
3646,108749,25.18811993046364,27,0.050000000000000044,3.8719022955213274,1
3647,108760,9.71290715177446,11,0.050000000000000044,2.7651522954305015,1
3648,108780,18.15869432219768,20,0.050000000000000044,2.6525292873382567,1
3649,108801,19.703876330661238,21,0.050000000000000044,3.9847878932952883,1
3650,108810,6.573971089705028,9,0.050000000000000044,2.600221574306488,1
3651,108839,27.534763282236092,29,0.050000000000000044,3.5934890678950717,1
3652,108852,11.949254436345141,13,0.050000000000000044,2.221091538667679,1
3653,108882,29.74311695993687,30,0.050000000000000044,3.9786130360194614,0
3654,108894,10.760415945768672,12,0.050000000000000044,3.260575215021769,1
3655,108902,6.519306057887992,8,0.050000000000000044,3.3044530153274536,1
3656,108925,21.74286401474786,23,0.050000000000000044,2.4845356941223145,1
3657,108955,29.945529277507777,30,0.050000000000000044,2.674506255558559,0
3658,108985,29.945278278874223,30,0.050000000000000044,2.620201140642166,0
3659,109005,18.14629959306283,20,0.050000000000000044,3.9982954978942873,1
3660,109026,18.233662102766708,21,0.050000000000000044,3.3913281917572022,1
3661,109031,4.076135233173154,5,0.050000000000000044,4.1248674392700195,1
3662,109053,20.940005036002272,22,0.050000000000000044,2.7109734217325845,1
3663,109063,8.552737323446058,10,0.050000000000000044,2.7483514547348022,1
3664,109067,2.7591154181621453,4,0.050000000000000044,1.799881935119629,1
3665,109078,9.716629955621325,11,0.050000000000000044,3.1071155865987143,1
3666,109108,27.59114632128614,30,0.050000000000000044,3.091973166912794,0
3667,109125,12.662446487655721,17,0.050000000000000044,3.0329951643943787,1
3668,109143,15.751725692313043,18,0.050000000000000044,2.467263340950012,1
3669,109164,19.744440351943194,21,0.050000000000000044,3.0558688640594482,1
3670,109169,4.050135401384714,5,0.050000000000000044,3.2884154319763184,1
3671,109190,19.54084409871648,21,0.050000000000000044,2.3196701288223265,1
3672,109220,27.549258432811577,30,0.050000000000000044,3.005413606762886,0
3673,109238,16.94976798760609,18,0.050000000000000044,3.0981862545013428,1
3674,109267,27.34564538181734,29,0.050000000000000044,3.1306195003645763,1
3675,109295,26.943704288126128,28,0.050000000000000044,2.7948275804519653,1
3676,109302,5.356444907947596,7,0.050000000000000044,3.5847396850585938,1
3677,109332,28.949519790577227,30,0.050000000000000044,2.9993238896131516,1
3678,109346,11.160001456324773,14,0.050000000000000044,2.347629944483439,1
3679,109376,28.19211056934629,30,0.050000000000000044,3.3188800513744354,1
3680,109379,1.9583725634928275,3,0.050000000000000044,nan,1
3681,109409,27.164721046694407,30,0.050000000000000044,3.3526514768600464,0
3682,109420,9.754243730918544,11,0.050000000000000044,3.0777968168258667,1
3683,109450,29.55273671657604,30,0.050000000000000044,3.0476451771599904,0
3684,109466,14.952921261210413,16,0.050000000000000044,2.6558120250701904,1
3685,109475,7.557205645152713,9,0.050000000000000044,4.393139839172363,1
3686,109505,28.75091868528956,30,0.050000000000000044,3.523732751607895,0
3687,109511,4.560082178301063,6,0.050000000000000044,4.057568073272705,1
3688,109538,24.75635161451361,27,0.050000000000000044,3.3965666634695872,1
3689,109557,17.947663598426153,19,0.050000000000000044,2.8885842323303224,1
3690,109566,7.955057843661701,9,0.050000000000000044,1.8236164450645447,1
3691,109596,29.199880954494475,30,0.050000000000000044,3.3139980137348175,0
3692,109626,28.549945693418078,30,0.050000000000000044,3.1616127490997314,0
3693,109647,19.748554659522224,21,0.050000000000000044,3.394827461242676,1
3694,109677,29.544521511582452,30,0.050000000000000044,2.98622465133667,0
3695,109707,27.511955653266416,30,0.050000000000000044,3.484674726213728,0
3696,109717,8.953453779836332,10,0.050000000000000044,2.711085398991903,1
3697,109727,8.959012218924851,10,0.050000000000000044,2.9781346321105957,1
3698,109757,27.83207645418345,30,0.050000000000000044,3.3494317531585693,0
3699,109778,18.98114849790636,21,0.050000000000000044,3.6577261686325073,1
3700,109808,27.035926382424677,30,0.050000000000000044,3.5846936404705048,0
3701,109824,14.754334187011061,16,0.050000000000000044,2.8155206739902496,1
3702,109842,16.374937672491388,18,0.050000000000000044,3.325583517551422,1
3703,109864,20.5575843108358,22,0.050000000000000044,4.236942489941915,1
3704,109894,29.335097412553385,30,0.050000000000000044,2.242273245538984,0
3705,109924,29.06896317970331,30,0.050000000000000044,2.946181446313858,0
3706,109932,6.955057994429708,8,0.050000000000000044,3.060309886932373,1
3707,109962,27.03721514962182,30,0.050000000000000044,3.5781351157597134,0
3708,109979,16.182063767096842,17,0.050000000000000044,2.572501093149185,1
3709,109988,7.949748740996682,9,0.050000000000000044,2.753205180168152,1
3710,110013,23.34354251870123,25,0.050000000000000044,3.24942280848821,1
3711,110020,5.6466248324467365,7,0.050000000000000044,3.677431583404541,1
3712,110050,29.946059086189635,30,0.050000000000000044,3.1236367566244945,0
3713,110068,16.551119074205292,18,0.050000000000000044,3.3971273422241213,1
3714,110093,17.759251491206722,25,0.050000000000000044,3.259655714035034,1
3715,110103,8.957166470265427,10,0.050000000000000044,3.394299268722534,1
3716,110111,6.911625573986193,8,0.050000000000000044,2.774077892303467,1
3717,110141,28.980072316017395,30,0.050000000000000044,3.3930992484092712,0
3718,110171,25.409762477959465,30,0.050000000000000044,2.7394451584134782,0
3719,110180,8.197648581325453,9,0.050000000000000044,3.263897975285848,1
3720,110195,13.784760808996381,15,0.050000000000000044,3.1868156592051187,1
3721,110221,20.650356719043412,26,0.050000000000000044,3.2158307347978865,1
3722,110228,5.959013234599721,7,0.050000000000000044,2.922003984451294,1
3723,110258,29.74444671588619,30,0.050000000000000044,3.382419926779611,0
3724,110273,10.621879031151881,15,0.050000000000000044,3.228542745113373,1
3725,110292,17.550600546303123,19,0.050000000000000044,2.934042549133301,1
3726,110300,7.277194061821911,8,0.050000000000000044,2.4094963669776917,1
3727,110330,22.75893454020992,30,0.050000000000000044,3.935739517211914,0
3728,110335,3.9590471683324666,5,0.050000000000000044,2.515331745147705,1
3729,110354,17.520715600375933,19,0.050000000000000044,2.8188305377960203,1
3730,110363,7.758814411533859,9,0.050000000000000044,4.483168601989746,1
3731,110393,23.236207266613093,30,0.050000000000000044,3.4968923032283783,0
3732,110423,29.93575019146248,30,0.050000000000000044,2.955435105732509,0
3733,110441,12.583036655421795,18,0.050000000000000044,3.216595458984375,1
3734,110471,29.34060714827729,30,0.050000000000000044,3.9969845839909146,0
3735,110490,18.18814647884086,19,0.050000000000000044,2.6423130512237547,1
3736,110507,15.947921666195441,17,0.050000000000000044,2.4937896728515625,1
3737,110517,8.754198837809069,10,0.050000000000000044,2.4831478595733643,1
3738,110524,5.925616180143144,7,0.050000000000000044,3.190388798713684,1
3739,110535,9.752497013445709,11,0.050000000000000044,5.46355414390564,1
3740,110562,25.543696746090568,27,0.050000000000000044,2.4036602803639004,1
3741,110585,22.04273703189503,23,0.050000000000000044,2.874751408894857,1
3742,110614,27.139788618035645,29,0.050000000000000044,2.8930166278566634,1
3743,110643,26.9479264903279,29,0.050000000000000044,3.7036229201725552,1
3744,110655,11.070278329554643,12,0.050000000000000044,2.521981636683146,1
3745,110685,27.553396488417622,30,0.050000000000000044,3.320157065987587,1
3746,110698,11.758298272483923,13,0.050000000000000044,3.8276623090108237,1
3747,110713,13.943401210983906,15,0.050000000000000044,2.846083104610443,1
3748,110731,13.779335050674222,18,0.050000000000000044,3.018349289894104,1
3749,110747,14.551671498565334,16,0.050000000000000044,3.629598557949066,1
3750,110750,1.9583725634928275,3,0.050000000000000044,1.5167887210845947,1
3751,110756,4.957168599026561,6,0.050000000000000044,3.1554187536239624,1
3752,110763,5.955577277408231,7,0.050000000000000044,3.1907498836517334,1
3753,110780,13.174281654401915,17,0.050000000000000044,3.1142642498016357,1
3754,110810,28.76843375063558,30,0.050000000000000044,3.796656847000122,1
3755,110840,27.15759891060865,30,0.050000000000000044,3.5288504660129547,0
3756,110861,19.784866947749567,21,0.050000000000000044,2.5802560806274415,1
3757,110876,13.950274424420051,15,0.050000000000000044,3.3376949429512024,1
3758,110888,10.953480773515329,12,0.050000000000000044,2.8282769521077475,1
3759,110909,19.350203651605657,21,0.050000000000000044,2.7887078762054442,1
3760,110913,2.9851781656432337,4,0.050000000000000044,2.6011505126953125,1
3761,110929,14.950035241777279,16,0.050000000000000044,3.6135018467903137,1
3762,110938,6.957017181907477,9,0.050000000000000044,2.9991798400878906,1
3763,110946,7.123406168209652,8,0.050000000000000044,3.224831461906433,1
3764,110976,29.93656292718426,30,0.050000000000000044,3.311991959810257,0
3765,111006,25.903734353761386,30,0.050000000000000044,3.4868735585893904,0
3766,111008,0.9660165442504834,2,0.050000000000000044,3.0984530448913574,1
3767,111029,20.257925547310304,21,0.050000000000000044,2.6231244564056397,1
3768,111051,20.74495296230911,22,0.050000000000000044,3.1505246639251707,1
3769,111055,2.7591154181621453,4,0.050000000000000044,3.05039119720459,1
3770,111066,9.955299633482296,11,0.050000000000000044,3.218399961789449,1
3771,111081,13.547438568471058,15,0.050000000000000044,3.113255262374878,1
3772,111108,25.94184915846686,27,0.050000000000000044,3.291206649371556,1
3773,111112,2.7572907203812167,4,0.050000000000000044,2.6962833404541016,1
3774,111124,10.953185045149358,12,0.050000000000000044,2.818873564402262,1
3775,111130,4.959018187143877,6,0.050000000000000044,3.142488956451416,1
3776,111160,25.500221458984555,30,0.050000000000000044,3.3528577387332916,0
3777,111190,28.74007802278845,30,0.050000000000000044,3.2739180496760776,1
3778,111220,27.234901565392097,30,0.050000000000000044,3.537387490272522,0
3779,111234,10.40845664348539,14,0.050000000000000044,4.023303667704265,1
3780,111255,15.465160816728439,21,0.050000000000000044,2.9778234481811525,1
3781,111285,26.293063839359235,30,0.050000000000000044,3.0665984451770782,0
3782,111300,14.186570423649485,15,0.050000000000000044,3.019849866628647,1
3783,111328,26.744848439916154,28,0.050000000000000044,2.769526175090245,1
3784,111344,14.959012213830917,16,0.050000000000000044,3.2955762147903442,1
3785,111358,12.955323631869017,14,0.050000000000000044,3.3462984561920166,1
3786,111365,6.195335627829227,7,0.050000000000000044,3.0893372297286987,1
3787,111382,15.557843543283203,17,0.050000000000000044,3.310850441455841,1
3788,111399,14.197616860111415,17,0.050000000000000044,3.6204763650894165,1
3789,111418,17.38694181196608,19,0.050000000000000044,3.136390781402588,1
3790,111448,25.248834882476434,30,0.050000000000000044,3.27636855840683,0
3791,111478,29.153656698636766,30,0.050000000000000044,3.439333643232073,0
3792,111492,12.158040225568621,14,0.050000000000000044,2.8882458806037903,1
3793,111522,24.499176077747105,30,0.050000000000000044,3.5053672109331404,1
3794,111536,12.955583344507817,14,0.050000000000000044,2.9032783210277557,1
3795,111556,18.75421011094282,20,0.050000000000000044,3.300455617904663,1
3796,111559,1.7649228101313175,3,0.050000000000000044,nan,1
3797,111589,26.962155234022156,30,0.050000000000000044,3.477259039878845,0
3798,111611,20.744696864613864,22,0.050000000000000044,3.0452927708625794,1
3799,111641,27.681234866550483,30,0.050000000000000044,3.30727818608284,0
3800,111671,25.21254899700554,30,0.050000000000000044,3.5234306710106984,0
3801,111692,20.04881269843529,21,0.050000000000000044,3.214017848173777,1
3802,111707,13.559567047899877,15,0.050000000000000044,2.8141778310139975,1
3803,111725,15.159362029587292,18,0.050000000000000044,3.6721922397613525,1
3804,111737,10.94897849942399,12,0.050000000000000044,3.7654908498128257,1
3805,111746,7.955325578208121,9,0.050000000000000044,3.5540783405303955,1
3806,111776,23.24130756105721,30,0.050000000000000044,3.0195329934358597,0
3807,111806,29.74526702478772,30,0.050000000000000044,3.341569083077567,0
3808,111836,29.342790622548534,30,0.050000000000000044,3.48877389729023,0
3809,111854,16.755050085521862,18,0.050000000000000044,2.467092454433441,1
3810,111884,27.159326138958363,30,0.050000000000000044,3.3889142274856567,0
3811,111902,16.438502701982713,18,0.050000000000000044,3.1536506712436676,1
3812,111917,11.202074531732336,15,0.050000000000000044,2.923202097415924,1
3813,111937,17.91636421128682,20,0.050000000000000044,3.5806328773498537,1
3814,111967,29.94734614571267,30,0.050000000000000044,3.095503807067871,0
3815,111987,16.365234404279402,20,0.050000000000000044,3.0755461931228636,1
3816,111992,4.275354256666273,5,0.050000000000000044,2.6333014965057373,1
3817,112009,15.754227222474434,17,0.050000000000000044,3.355316460132599,1
3818,112034,20.363920838405214,25,0.050000000000000044,2.878368695576986,1
3819,112054,18.979672758779536,20,0.050000000000000044,1.5811122894287108,1
3820,112084,29.938681081753465,30,0.050000000000000044,2.737913280725479,0
3821,112090,5.054113464055959,6,0.050000000000000044,3.411034107208252,1
3822,112099,7.589476929956224,9,0.050000000000000044,3.0219390392303467,1
3823,112106,5.959013234599721,7,0.050000000000000044,1.898419737815857,1
3824,112126,18.601075769612564,20,0.050000000000000044,3.233203411102295,1
3825,112156,27.7150724076861,30,0.050000000000000044,3.069613829255104,0
3826,112172,13.962843727766149,16,0.050000000000000044,3.2898824214935303,1
3827,112202,25.13727806087907,30,0.050000000000000044,2.875231044633048,0
3828,112232,28.60201246803386,30,0.050000000000000044,3.510983556509018,0
3829,112262,29.346290676762933,30,0.050000000000000044,3.5236288138798306,0
3830,112292,25.489634604665092,30,0.050000000000000044,2.567307412624359,0
3831,112322,27.358760237198958,30,0.050000000000000044,2.9371723447527205,0
3832,112343,17.001231925959587,21,0.050000000000000044,3.292149209976196,1
3833,112373,29.726784302055783,30,0.050000000000000044,3.781917065382004,0
3834,112395,21.10062960983059,22,0.050000000000000044,2.8980972290039064,1
3835,112421,24.943970080417436,26,0.050000000000000044,3.495796407972063,1
3836,112437,14.747069088803421,16,0.050000000000000044,2.397655710577965,1
3837,112465,25.349484147979123,28,0.050000000000000044,3.224528891699655,1
3838,112495,27.39416301286233,30,0.050000000000000044,2.739426408495222,0
3839,112507,9.995121633487885,12,0.050000000000000044,2.484504739443461,1
3840,112537,28.752747273777707,30,0.050000000000000044,2.960738569498062,1
3841,112558,17.916582762099537,21,0.050000000000000044,3.120652914047241,1
3842,112563,3.9550916435570764,5,0.050000000000000044,2.967560291290283,1
3843,112576,12.193949042048777,13,0.050000000000000044,2.519678831100464,1
3844,112597,16.21497156554514,21,0.050000000000000044,2.8509777069091795,1
3845,112607,8.353604655714957,10,0.050000000000000044,2.0553016662597656,1
3846,112622,13.791355645230672,15,0.050000000000000044,3.517452299594879,1
3847,112629,5.959013234599721,7,0.050000000000000044,4.14475154876709,1
3848,112659,23.163610961489095,30,0.050000000000000044,4.0008977481297086,0
3849,112671,10.9513485233511,12,0.050000000000000044,3.570812145868937,1
3850,112675,2.9573710298187494,4,0.050000000000000044,2.3305540084838867,1
3851,112705,26.526367655193326,30,0.050000000000000044,2.793987959623337,1
3852,112717,8.807636653663643,12,0.050000000000000044,2.0859715143839517,1
3853,112746,26.99682715193655,29,0.050000000000000044,3.5119395596640453,1
3854,112776,27.078348018095987,30,0.050000000000000044,3.302417367696762,0
3855,112795,17.945553351565458,19,0.050000000000000044,3.205156087875366,1
3856,112806,10.048766767439028,11,0.050000000000000044,2.7996702988942466,1
3857,112820,11.556692742621268,14,0.050000000000000044,3.7385862469673157,1
3858,112829,7.563012160430643,9,0.050000000000000044,3.105138421058655,1
3859,112839,8.786988440502265,10,0.050000000000000044,2.9964298009872437,1
3860,112844,3.9556112295059234,5,0.050000000000000044,3.56502366065979,1
3861,112848,2.8547740943748914,4,0.050000000000000044,3.1344892978668213,1
3862,112858,9.191651311366975,10,0.050000000000000044,2.9296311140060425,1
3863,112862,2.9592167598122607,4,0.050000000000000044,4.315201759338379,1
3864,112892,25.77857864722455,30,0.050000000000000044,3.1522311568260193,0
3865,112914,21.116009850640445,22,0.050000000000000044,2.4562699794769287,1
3866,112944,28.94526843069361,30,0.050000000000000044,3.4245552122592926,1
3867,112955,10.072409046177167,11,0.050000000000000044,3.1149967908859253,1
3868,112985,27.16424295668936,30,0.050000000000000044,3.4221545457839966,0
3869,113015,28.758031709819967,30,0.050000000000000044,3.2957919665745328,0
3870,113029,12.546922126631793,14,0.050000000000000044,3.864395260810852,1
3871,113047,12.981740681760048,18,0.050000000000000044,3.4607112407684326,1
3872,113054,5.959013234599721,7,0.050000000000000044,3.986107110977173,1
3873,113068,12.951339038096624,14,0.050000000000000044,4.043541848659515,1
3874,113071,1.9583725634928275,3,0.050000000000000044,nan,1
3875,113101,28.956915391884053,30,0.050000000000000044,4.3405671417713165,0
3876,113122,19.907995071079053,21,0.050000000000000044,2.378053164482117,1
3877,113132,8.953207052996307,10,0.050000000000000044,2.936957359313965,1
3878,113139,4.862579093957157,7,0.050000000000000044,1.8239481449127197,1
3879,113161,20.385456817727068,22,0.050000000000000044,3.5616766015688577,1
3880,113171,8.753950709985848,10,0.050000000000000044,3.1817740201950073,1
3881,113181,8.952921553317559,10,0.050000000000000044,3.2326102256774902,1
3882,113189,6.9571666396087695,8,0.050000000000000044,3.0640575885772705,1
3883,113217,26.93499153655689,28,0.050000000000000044,3.000502484185355,1
3884,113234,15.98573919489573,17,0.050000000000000044,2.7425848245620728,1
3885,113242,7.072799169195671,8,0.050000000000000044,3.418501615524292,1
3886,113254,9.7524712783527,12,0.050000000000000044,3.8375699520111084,1
3887,113275,19.951347265495222,21,0.050000000000000044,3.8373336791992188,1
3888,113284,6.968080780477411,9,0.050000000000000044,3.231604973475138,1
3889,113287,1.9602091714909529,3,0.050000000000000044,nan,1
3890,113295,6.7526358098218315,8,0.050000000000000044,3.5104868412017822,1
3891,113315,17.60172122953232,20,0.050000000000000044,2.266450548171997,1
3892,113327,9.168599836220098,12,0.050000000000000044,3.758287270863851,1
3893,113333,4.955064039787177,6,0.050000000000000044,3.6428483724594116,1
3894,113350,15.753953795227089,17,0.050000000000000044,3.480351150035858,1
3895,113370,18.550612981678242,20,0.050000000000000044,2.261513090133667,1
3896,113384,11.353875284502708,14,0.050000000000000044,3.0665165185928345,1
3897,113405,19.14947117542995,21,0.050000000000000044,3.253179693222046,1
3898,113435,25.35880790520044,30,0.050000000000000044,3.4288051468985423,0
3899,113445,8.95347236472453,10,0.050000000000000044,3.697861353556315,1
3900,113463,16.756185411173455,18,0.050000000000000044,3.0031256079673767,1
3901,113493,29.933349257638476,30,0.050000000000000044,3.2559829652309418,0
3902,113500,5.955334150310479,7,0.050000000000000044,2.9150341749191284,1
3903,113513,11.752112914954195,13,0.050000000000000044,4.2416651248931885,1
3904,113529,12.725686880651278,16,0.050000000000000044,3.165960669517517,1
3905,113538,7.95717132690188,9,0.050000000000000044,2.931036055088043,1
3906,113548,8.959012218924851,10,0.050000000000000044,2.088708837827047,1
3907,113559,8.602031065619245,11,0.050000000000000044,4.382254719734192,1
3908,113569,8.959012218924851,10,0.050000000000000044,2.7308359146118164,1
3909,113578,7.957161939125285,9,0.050000000000000044,2.6201460361480713,1
3910,113598,18.151532461233998,20,0.050000000000000044,3.6940672159194947,1
3911,113627,24.886559077134244,29,0.050000000000000044,3.137534039361136,1
3912,113640,11.51372901484285,13,0.050000000000000044,2.881929039955139,1
3913,113670,29.736237732719193,30,0.050000000000000044,3.3346878460475375,0
3914,113696,23.90286971836955,26,0.050000000000000044,2.736374633652823,1
3915,113701,3.9590471683324666,5,0.050000000000000044,2.4106221199035645,1
3916,113731,29.17336103030522,30,0.050000000000000044,3.3160458292279924,0
3917,113760,27.147578931192612,29,0.050000000000000044,3.1897452622652054,1
3918,113780,18.594440853441032,20,0.050000000000000044,3.426845359802246,1
3919,113797,14.477787027804967,17,0.050000000000000044,2.1660070419311523,1
3920,113822,23.446234622526543,25,0.050000000000000044,2.3330349028110504,1
3921,113852,28.555612597762277,30,0.050000000000000044,2.94297856092453,0
3922,113861,6.421661863816022,9,0.050000000000000044,4.162374496459961,1
3923,113872,9.842423901699071,11,0.050000000000000044,2.26663867632548,1
3924,113900,25.26719326178032,28,0.050000000000000044,3.0024179220199585,1
3925,113913,11.161322055233295,13,0.050000000000000044,3.666133483250936,1
3926,113921,6.7579194812585905,8,0.050000000000000044,2.4772887229919434,1
3927,113943,19.401562485318248,22,0.050000000000000044,2.711136269569397,1
3928,113952,7.15234542608935,9,0.050000000000000044,3.0089313983917236,1
3929,113967,13.163815960102157,15,0.050000000000000044,2.632521390914917,1
3930,113995,27.25712324255651,28,0.050000000000000044,3.029488733836583,1
3931,114025,29.345917568415413,30,0.050000000000000044,3.1685799062252045,0
3932,114048,21.729934695289074,23,0.050000000000000044,3.1062512397766113,1
3933,114078,29.93258972310205,30,0.050000000000000044,2.6358086381639754,0
3934,114085,5.959013234599721,7,0.050000000000000044,2.3337570428848267,1
3935,114090,4.121563407283063,5,0.050000000000000044,3.0549440383911133,1
3936,114116,18.51277788660235,26,0.050000000000000044,3.9458331721169606,1
3937,114146,28.93417590822765,30,0.050000000000000044,3.2606257029942105,0
3938,114158,10.751827517081182,12,0.050000000000000044,3.1399720509847007,1
3939,114187,27.137836118485453,29,0.050000000000000044,2.680276938847133,1
3940,114217,23.037342644383127,30,0.050000000000000044,2.8421797156333923,0
3941,114232,11.555573635919473,15,0.050000000000000044,3.6636353135108948,1
3942,114262,25.429866736897534,30,0.050000000000000044,3.290583712714059,0
3943,114292,28.94324445414937,30,0.050000000000000044,3.4178292751312256,0
3944,114302,7.205363926390915,10,0.050000000000000044,3.3829293251037598,1
3945,114310,6.959012388268193,8,0.050000000000000044,2.2829811573028564,1
3946,114322,9.547439809841617,12,0.050000000000000044,2.7869905630747476,1
3947,114334,10.959012213979552,12,0.050000000000000044,3.574394941329956,1
3948,114341,5.9550588766979375,7,0.050000000000000044,2.025216221809387,1
3949,114364,21.949760713703647,23,0.050000000000000044,3.3743929862976074,1
3950,114388,20.56248135181855,24,0.050000000000000044,2.7132196029027305,1
3951,114414,23.94632860294145,26,0.050000000000000044,3.3312940994898477,1
3952,114418,2.761345535127316,4,0.050000000000000044,2.208972215652466,1
3953,114425,5.874615754323513,7,0.050000000000000044,2.2796964049339294,1
3954,114448,21.953724435214543,23,0.050000000000000044,3.0843196709950766,1
3955,114467,16.99749584181165,19,0.050000000000000044,3.0817623138427734,1
3956,114483,13.167004864374137,16,0.050000000000000044,3.5259085297584534,1
3957,114501,17.034120057753498,18,0.050000000000000044,3.2952319145202638,1
3958,114522,18.355826493646404,21,0.050000000000000044,2.769662022590637,1
3959,114537,14.042430782473312,15,0.050000000000000044,3.8210886120796204,1
3960,114566,26.445140751373067,29,0.050000000000000044,3.5925338608878,1
3961,114591,23.945002577359304,25,0.050000000000000044,2.459694782892863,1
3962,114611,18.743879283630072,20,0.050000000000000044,2.9922994136810304,1
3963,114633,20.947658299009763,22,0.050000000000000044,2.7496005296707153,1
3964,114663,29.732079942182146,30,0.050000000000000044,3.8477815559932163,0
3965,114693,28.98579541435318,30,0.050000000000000044,4.073502957820892,0
3966,114723,28.593045270526446,30,0.050000000000000044,3.742972425052098,0
3967,114753,24.463235041752192,30,0.050000000000000044,3.868883430957794,0
3968,114765,10.752515348114683,12,0.050000000000000044,3.132926265398661,1
3969,114779,12.555477167142785,14,0.050000000000000044,3.4525988896687827,1
3970,114809,29.54769052675338,30,0.050000000000000044,3.8722596764564514,0
3971,114837,26.146992646504263,28,0.050000000000000044,3.4673887320927212,1
3972,114858,18.16576875174029,21,0.050000000000000044,2.2500067234039305,1
3973,114876,15.671900598590842,18,0.050000000000000044,2.9414627075195314,1
3974,114881,3.9590471683324666,5,0.050000000000000044,1.8427932262420654,1
3975,114886,3.800076230137417,5,0.050000000000000044,5.174761772155762,1
3976,114904,14.970376024631827,18,0.050000000000000044,3.1646753311157227,1
3977,114917,11.953485483160861,13,0.050000000000000044,3.7938412030537925,1
3978,114921,2.9592167598122607,4,0.050000000000000044,2.7826943397521973,1
3979,114951,29.137908728075164,30,0.050000000000000044,3.086900166102818,0
3980,114969,16.646479447283742,18,0.050000000000000044,3.2566805362701414,1
3981,114999,28.94949657169047,30,0.050000000000000044,3.6210956232888356,1
3982,115026,26.112042838936144,27,0.050000000000000044,2.7945327077593123,1
3983,115036,8.248048708495608,10,0.050000000000000044,3.7788657347361245,1
3984,115055,14.533355337170848,19,0.050000000000000044,3.0415229201316833,1
3985,115079,21.949385514994884,24,0.050000000000000044,3.596227506796519,1
3986,115109,27.234849410842642,30,0.050000000000000044,2.8644684106111526,0
3987,115119,8.95716191389576,10,0.050000000000000044,3.309301018714905,1
3988,115149,29.545301542613075,30,0.050000000000000044,2.9995909482240677,0
3989,115171,20.543738875302466,22,0.050000000000000044,2.1858683586120606,1
3990,115201,29.753467791206326,30,0.050000000000000044,2.964877665042877,0
3991,115214,11.743090400354443,13,0.050000000000000044,2.62532369295756,1
3992,115220,4.9555893528467045,6,0.050000000000000044,2.904540240764618,1
3993,115250,29.354215774728907,30,0.050000000000000044,3.101285014833723,0
3994,115272,21.03614444335746,22,0.050000000000000044,2.7346832950909934,1
3995,115287,14.043295073473018,15,0.050000000000000044,3.3748974005381265,1
3996,115304,15.949760861918426,17,0.050000000000000044,3.6666940689086913,1
3997,115322,16.949488722981865,18,0.050000000000000044,3.7696810960769653,1
3998,115352,27.163719822324595,30,0.050000000000000044,3.607040584087372,0
3999,115382,29.55063317303385,30,0.050000000000000044,3.123349836894444,0
4000,115397,14.112421647654067,15,0.050000000000000044,3.8789385557174683,1
4001,115415,16.557204519012473,18,0.050000000000000044,3.6168522238731384,1
4002,115436,17.161843042110654,21,0.050000000000000044,2.683779239654541,1
4003,115442,4.7601835319688295,6,0.050000000000000044,3.421308755874634,1
4004,115470,25.600013093726744,28,0.050000000000000044,2.7301952157701765,1
4005,115483,11.66700026755574,13,0.050000000000000044,2.5464557806650796,1
4006,115486,1.6000371704030871,3,0.050000000000000044,3.076172351837158,1
4007,115516,28.946057766727613,30,0.050000000000000044,3.131136894226074,1
4008,115544,26.943717886052852,28,0.050000000000000044,3.649587460926601,1
4009,115566,17.902050169995196,22,0.050000000000000044,2.3907006859779356,1
4010,115571,3.9572063683176055,5,0.050000000000000044,4.1604156494140625,1
4011,115590,18.19052253905223,19,0.050000000000000044,2.670764851570129,1
4012,115620,29.93970954705679,30,0.050000000000000044,2.86018268764019,0
4013,115628,6.359536321547235,8,0.050000000000000044,3.2899580001831055,1
4014,115639,9.955574762218884,11,0.050000000000000044,1.6843843758106232,1
4015,115669,29.952921261203137,30,0.050000000000000044,3.4167063236236572,0
4016,115679,8.119952185084742,10,0.050000000000000044,4.274801254272461,1
4017,115693,11.366268199323335,14,0.050000000000000044,3.261492609977722,1
4018,115709,14.591190152988197,16,0.050000000000000044,3.4016281366348267,1
4019,115728,18.2592131814869,19,0.050000000000000044,1.836160159111023,1
4020,115736,6.564003112993319,8,0.050000000000000044,3.2729179859161377,1
4021,115765,28.191833580329593,29,0.050000000000000044,2.751048173223223,1
4022,115767,0.9660165442504834,2,0.050000000000000044,nan,1
4023,115795,26.38800636817913,28,0.050000000000000044,3.2189937148775374,1
4024,115825,28.54956979195418,30,0.050000000000000044,3.500800684094429,0
4025,115833,7.273229644968157,8,0.050000000000000044,3.110525608062744,1
4026,115863,27.93450192218203,30,0.050000000000000044,3.5357676914760043,1
4027,115872,7.753950854613949,9,0.050000000000000044,2.8522438208262124,1
4028,115888,15.188133666114592,16,0.050000000000000044,2.94105064868927,1
4029,115909,17.954812682434895,21,0.050000000000000044,2.15180242061615,1
4030,115914,3.9590471683324666,5,0.050000000000000044,1.9541058540344238,1
4031,115935,19.544797718438932,21,0.050000000000000044,2.9974085092544556,1
4032,115948,8.181818181818182,13,0.050000000000000044,3.7298977971076965,1
4033,115978,20.454545454545464,30,0.050000000000000044,3.350722006389073,0
4034,115992,12.957161910321132,14,0.050000000000000044,2.259062945842743,1
4035,116000,6.158898902527141,8,0.050000000000000044,3.7052290439605713,1
4036,116021,19.949500767242323,21,0.050000000000000044,3.578055429458618,1
4037,116044,22.113077835534085,23,0.050000000000000044,2.8692835172017417,1
4038,116052,6.55758843772579,8,0.050000000000000044,2.688630700111389,1
4039,116076,22.94765044199766,24,0.050000000000000044,3.4038228193918862,1
4040,116099,18.569609475665484,23,0.050000000000000044,3.5814188957214355,1
4041,116113,12.495644780712642,14,0.050000000000000044,4.411636114120483,1
4042,116143,29.741130259651555,30,0.050000000000000044,3.5156595706939697,0
4043,116147,2.9592167598122607,4,0.050000000000000044,2.7163660526275635,1
4044,116165,16.940805570727914,18,0.050000000000000044,3.3455262184143066,1
4045,116175,7.560645101414189,10,0.050000000000000044,3.7479583024978638,1
4046,116186,9.95318481460109,11,0.050000000000000044,3.44594939549764,1
4047,116204,15.989209400130285,18,0.050000000000000044,3.110303449630737,1
4048,116206,0.9660165442504834,2,0.050000000000000044,nan,1
4049,116229,21.55943535381255,23,0.050000000000000044,3.307252605756124,1
4050,116259,29.740339788774964,30,0.050000000000000044,2.89530188696725,0
4051,116284,23.949519790360437,25,0.050000000000000044,2.550847257886614,1
4052,116299,13.95531168926932,15,0.050000000000000044,2.724989175796509,1
4053,116329,24.228305924513233,30,0.050000000000000044,3.9464244842529297,0
4054,116334,3.9875938022083695,5,0.050000000000000044,4.5083842277526855,1
4055,116338,2.989438229736234,4,0.050000000000000044,3.6130576133728027,1
4056,116353,14.123406153224794,15,0.050000000000000044,3.1839656233787537,1
4057,116381,22.729378395056912,28,0.050000000000000044,3.4399470601763045,1
4058,116409,27.25947008821569,28,0.050000000000000044,2.7375981381961276,1
4059,116422,9.602552297082191,13,0.050000000000000044,3.5867790381113687,1
4060,116430,6.559055301794032,8,0.050000000000000044,3.8757176399230957,1
4061,116460,26.253166808875363,30,0.050000000000000044,2.8996543288230896,0
4062,116470,7.95179592263996,10,0.050000000000000044,2.96713650226593,1
4063,116483,11.955056668480093,13,0.050000000000000044,4.556632200876872,1
4064,116496,11.556427963699125,13,0.050000000000000044,3.0026615858078003,1
4065,116526,29.943944148805087,30,0.050000000000000044,2.9288695199148997,0
4066,116556,29.936313544428074,30,0.050000000000000044,2.682702213525772,0
4067,116584,26.745094504351353,28,0.050000000000000044,2.774534583091736,1
4068,116610,19.707665178444866,26,0.050000000000000044,2.9960957765579224,1
4069,116617,5.951883952789607,7,0.050000000000000044,2.606019139289856,1
4070,116647,28.949748145006577,30,0.050000000000000044,3.1379711287362233,1
4071,116655,6.957162188088722,8,0.050000000000000044,2.3495514392852783,1
4072,116673,16.752472458148812,18,0.050000000000000044,3.1688637495040894,1
4073,116686,11.95716188911143,13,0.050000000000000044,4.224762837092082,1
4074,116716,29.346043677346625,30,0.050000000000000044,3.9807322919368744,0
4075,116731,13.555379713072865,15,0.050000000000000044,3.398444414138794,1
4076,116753,20.758010596208205,22,0.050000000000000044,2.95991051197052,1
4077,116761,6.75448208175574,8,0.050000000000000044,3.9157700538635254,1
4078,116791,29.752735216446577,30,0.050000000000000044,3.4263585805892944,0
4079,116821,28.758166605736665,30,0.050000000000000044,3.188216805458069,0
4080,116844,17.14516506489448,23,0.050000000000000044,3.2486201524734497,1
4081,116874,29.948956588413246,30,0.050000000000000044,2.6904485566275462,0
4082,116902,26.94424340236604,28,0.050000000000000044,3.7912215164729526,1
4083,116932,29.140044942682064,30,0.050000000000000044,2.4381713569164276,0
4084,116941,7.593419133427825,9,0.050000000000000044,2.901962995529175,1
4085,116971,28.948452653560896,30,0.050000000000000044,3.268556390489851,0
4086,116983,9.998677662199528,12,0.050000000000000044,2.927816390991211,1
4087,116996,11.959012213856212,13,0.050000000000000044,4.249469101428986,1
4088,117019,20.799743457396524,23,0.050000000000000044,3.732188034057617,1
4089,117049,29.94240122108828,30,0.050000000000000044,3.540887266397476,0
4090,117062,11.754067954440012,13,0.050000000000000044,3.6673852602640786,1
4091,117081,17.9424022248188,19,0.050000000000000044,3.8594604969024657,1
4092,117088,5.556462917330285,7,0.050000000000000044,2.445592164993286,1
4093,117094,4.957172438484455,6,0.050000000000000044,3.0044522285461426,1
4094,117107,11.947387141312452,13,0.050000000000000044,3.1806064446767173,1
4095,117134,22.396028847236046,27,0.050000000000000044,3.0327962126050676,1
4096,117140,4.959018187143877,6,0.050000000000000044,3.987605094909668,1
4097,117170,29.94398835046204,30,0.050000000000000044,3.349740641457694,0
4098,117189,17.94579195687524,19,0.050000000000000044,3.537566661834717,1
4099,117219,24.944583213436598,30,0.050000000000000044,2.782102516719273,0
4100,117249,29.940542555267044,30,0.050000000000000044,3.557304233312607,0
4101,117258,6.571735446752778,9,0.050000000000000044,3.1675041913986206,1
4102,117275,15.546899566822722,17,0.050000000000000044,2.7789793610572815,1
4103,117305,29.95531194067046,30,0.050000000000000044,3.350605718791485,0
4104,117335,29.943418019620587,30,0.050000000000000044,2.519592208521707,0
4105,117362,23.584696392474513,27,0.050000000000000044,3.667760133743286,1
4106,117370,7.275343758307909,8,0.050000000000000044,2.766281306743622,1
4107,117387,15.544790870061883,17,0.050000000000000044,3.2284470796585083,1
4108,117396,8.072132528167666,9,0.050000000000000044,2.0540913343429565,1
4109,117403,5.754495599671414,7,0.050000000000000044,3.9426863193511963,1
4110,117426,21.74258829090838,23,0.050000000000000044,3.2880260149637857,1
4111,117447,19.55070312072248,21,0.050000000000000044,3.0992743492126467,1
4112,117465,15.552466162064178,18,0.050000000000000044,3.6463815212249755,1
4113,117470,3.75812300647113,5,0.050000000000000044,4.86910343170166,1
4114,117500,27.75515831631836,30,0.050000000000000044,3.74365958571434,0
4115,117512,9.4490156379721,12,0.050000000000000044,3.1067206064860025,1
4116,117523,9.95505781349442,11,0.050000000000000044,3.267382502555847,1
4117,117543,16.01110775841764,20,0.050000000000000044,3.198671340942383,1
4118,117573,23.35157003263552,30,0.050000000000000044,2.7690468430519104,0
4119,117591,16.5534767201146,18,0.050000000000000044,3.7077752351760864,1
4120,117600,7.957166494980669,9,0.050000000000000044,1.8774640361467998,1
4121,117630,25.89030240799559,30,0.050000000000000044,3.442276801381792,0
4122,117647,15.98255838650744,17,0.050000000000000044,4.496267557144165,1
4123,117663,13.40880180941598,16,0.050000000000000044,3.967812240123749,1
4124,117693,28.93499117314239,30,0.050000000000000044,2.6542153358459473,0
4125,117714,18.362178914931757,21,0.050000000000000044,3.0989733695983888,1
4126,117744,27.958049589573616,30,0.050000000000000044,3.1130578219890594,0
4127,117761,15.947670146558862,17,0.050000000000000044,3.4015769362449646,1
4128,117773,11.273481450819022,12,0.050000000000000044,3.6769572099049888,1
4129,117782,7.921668708795487,9,0.050000000000000044,2.4960309863090515,1
4130,117798,15.27138844986883,16,0.050000000000000044,3.4529669880867004,1
4131,117828,28.978777513745687,30,0.050000000000000044,3.3971286565065384,0
4132,117837,7.589476929956224,9,0.050000000000000044,4.244272232055664,1
4133,117867,28.55612573688046,30,0.050000000000000044,3.7937577792576382,0
4134,117897,25.76578138061899,30,0.050000000000000044,3.328051120042801,0
4135,117904,5.790177508594956,7,0.050000000000000044,3.3006670475006104,1
4136,117934,25.10374949428332,30,0.050000000000000044,3.3613998549325124,0
4137,117959,23.471255036464072,25,0.050000000000000044,3.1030521392822266,1
4138,117979,18.94953501002574,20,0.050000000000000044,2.9628666639328003,1
4139,117987,6.957171472012259,8,0.050000000000000044,4.1168372631073,1
4140,118012,23.348687483516695,25,0.050000000000000044,3.0960030129977634,1
4141,118017,4.275354256666273,5,0.050000000000000044,2.680934429168701,1
4142,118037,18.955311559693317,20,0.050000000000000044,2.9582172870635985,1
4143,118053,14.66531243239662,16,0.050000000000000044,3.3738397359848022,1
4144,118065,10.357759443750611,12,0.050000000000000044,4.027686754862468,1
4145,118074,7.652315953893427,9,0.050000000000000044,3.309049606323242,1
4146,118102,26.938356199617534,28,0.050000000000000044,3.524209499359131,1
4147,118132,27.324785729801444,30,0.050000000000000044,3.522067606449127,0
4148,118153,19.542210870701958,21,0.050000000000000044,4.179640388488769,1
4149,118157,2.7572668943498306,4,0.050000000000000044,4.313134670257568,1
4150,118187,29.144412687421465,30,0.050000000000000044,2.9568063531603133,0
4151,118201,12.952148667780387,14,0.050000000000000044,3.7849575877189636,1
4152,118211,8.948198606037243,10,0.050000000000000044,4.10515022277832,1
4153,118217,5.277195052781539,6,0.050000000000000044,3.5361640453338623,1
4154,118224,4.804582538865327,7,0.050000000000000044,3.438481092453003,1
4155,118254,26.082162234479526,30,0.050000000000000044,3.757347685950143,1
4156,118270,14.75182750929159,16,0.050000000000000044,2.6744464933872223,1
4157,118300,27.964059698679208,30,0.050000000000000044,3.1528488993644714,0
4158,118330,20.818271170286895,30,0.050000000000000044,3.5218662534441267,0
4159,118343,12.26980252075605,13,0.050000000000000044,3.0347742239634194,1
4160,118364,19.59129926618037,21,0.050000000000000044,2.872976223627726,1
4161,118394,26.64208525801558,30,0.050000000000000044,3.525347743715559,0
4162,118397,2.0506338913801305,3,0.050000000000000044,3.179781913757324,1
4163,118427,26.63565494728472,30,0.050000000000000044,3.6230837617601668,0
4164,118455,26.714222051441993,28,0.050000000000000044,2.974860736301967,1
4165,118483,26.554168062469834,28,0.050000000000000044,3.010034510067531,1
4166,118494,10.27349388377801,11,0.050000000000000044,3.722768545150757,1
4167,118524,28.352639940752287,30,0.050000000000000044,2.9094058871269226,0
4168,118554,29.544785532051705,30,0.050000000000000044,3.147021327699934,0
4169,118561,5.996555597267747,7,0.050000000000000044,2.8160479068756104,1
4170,118571,9.120532330760247,10,0.050000000000000044,3.3852341175079346,1
4171,118582,9.985180589938087,11,0.050000000000000044,3.571668783823649,1
4172,118591,8.041137441070303,9,0.050000000000000044,2.9168477058410645,1
4173,118609,16.847333296759885,18,0.050000000000000044,2.956109952926636,1
4174,118621,11.189984886857959,12,0.050000000000000044,3.0863123734792075,1
4175,118651,29.949498449244157,30,0.050000000000000044,2.967470509665353,0
4176,118658,4.810898436664152,7,0.050000000000000044,2.6581943035125732,1
4177,118663,4.1205353024358065,5,0.050000000000000044,2.085958242416382,1
4178,118673,8.952921295501328,10,0.050000000000000044,4.506274382273356,1
4179,118681,7.045352570035601,8,0.050000000000000044,3.6900006532669067,1
4180,118697,14.35755799293473,16,0.050000000000000044,2.1872538328170776,1
4181,118727,27.559843972972537,30,0.050000000000000044,3.4870719058173045,0
4182,118757,28.027651710670202,30,0.050000000000000044,3.3173141181468964,0
4183,118780,21.105169949296887,23,0.050000000000000044,3.431201974550883,1
4184,118808,20.990010971367038,28,0.050000000000000044,3.375305073601859,1
4185,118820,10.316053872340241,12,0.050000000000000044,2.196340322494507,1
4186,118843,21.203200707294457,23,0.050000000000000044,2.886437511444092,1
4187,118857,9.81869733758485,14,0.050000000000000044,2.3042724430561066,1
4188,118873,14.947926866806146,16,0.050000000000000044,3.577875792980194,1
4189,118903,29.940001431276475,30,0.050000000000000044,2.632043821471078,0
4190,118915,10.957171297142434,12,0.050000000000000044,3.065349260965983,1
4191,118930,13.942851503674946,15,0.050000000000000044,2.9144551753997803,1
4192,118954,21.050468533623228,24,0.050000000000000044,3.411226193110148,1
4193,118963,7.957166494980669,9,0.050000000000000044,3.1960582733154297,1
4194,118970,5.95717232116616,7,0.050000000000000044,2.215258836746216,1
4195,119000,25.750672433209726,30,0.050000000000000044,2.8002987131476402,0
4196,119010,8.959012218924851,10,0.050000000000000044,2.22801011800766,1
4197,119026,14.001373255151396,16,0.050000000000000044,2.888306587934494,1
4198,119056,21.24475090752592,30,0.050000000000000044,4.152595549821854,0
4199,119077,19.95135715841293,21,0.050000000000000044,2.8088255882263184,1
4200,119107,29.148226951227738,30,0.050000000000000044,3.5696869918278287,0
4201,119127,17.16314858038151,20,0.050000000000000044,2.873908519744873,1
4202,119153,24.74722913024817,26,0.050000000000000044,3.0979453154972623,1
4203,119174,19.53770771285067,21,0.050000000000000044,3.9892995834350584,1
4204,119194,18.949232786343558,20,0.050000000000000044,3.479462146759033,1
4205,119224,29.941853072959557,30,0.050000000000000044,3.167621076107025,0
4206,119247,20.19372871870825,23,0.050000000000000044,2.183823013305664,1
4207,119250,1.7193724057897202,3,0.050000000000000044,3.4855129718780518,1
4208,119280,25.858732612192238,30,0.050000000000000044,3.010043889284134,0
4209,119295,13.557204519016887,15,0.050000000000000044,3.1690555413564048,1
4210,119323,26.94738692709505,28,0.050000000000000044,3.152981843267168,1
4211,119334,8.168725201446444,11,0.050000000000000044,3.8677636782328286,1
4212,119364,26.28342969205029,30,0.050000000000000044,3.121552526950836,0
4213,119394,29.936332966225386,30,0.050000000000000044,3.0918711934770857,0
4214,119409,13.395067067967073,15,0.050000000000000044,4.066885709762573,1
4215,119439,28.10977282155483,30,0.050000000000000044,3.3468847955976213,0
4216,119450,8.560859898659821,11,0.050000000000000044,3.1422361532847085,1
4217,119459,7.358724801362153,9,0.050000000000000044,3.0028412342071533,1
4218,119475,14.945854386516062,16,0.050000000000000044,3.437442362308502,1
4219,119500,21.40277011358849,25,0.050000000000000044,3.7915520327431813,1
4220,119517,15.394205391802263,17,0.050000000000000044,4.000380456447601,1
4221,119545,26.94342049682597,28,0.050000000000000044,3.0247494833809987,1
4222,119575,28.65993918543448,30,0.050000000000000044,3.575437205178397,0
4223,119605,23.35183587206801,30,0.050000000000000044,3.326044023036957,0
4224,119615,8.955323752991015,10,0.050000000000000044,3.3175981044769287,1
4225,119645,29.74163708785199,30,0.050000000000000044,2.8453146517276764,0
4226,119655,8.154650432910037,10,0.050000000000000044,4.022975206375122,1
4227,119684,27.9383633347255,29,0.050000000000000044,4.332202792167664,1
4228,119714,29.553227395595087,30,0.050000000000000044,3.3593596730913435,0
4229,119738,21.441884194514053,24,0.050000000000000044,3.6261972188949585,1
4230,119752,12.959012213835136,14,0.050000000000000044,3.4788390398025513,1
4231,119760,6.982302029083219,8,0.050000000000000044,3.241044759750366,1
4232,119780,17.656249556427117,20,0.050000000000000044,2.9024654626846313,1
4233,119800,18.75421781557825,20,0.050000000000000044,3.3723436832427978,1
4234,119830,29.540869317707358,30,0.050000000000000044,2.8642550877162387,0
4235,119848,14.361832074924102,18,0.050000000000000044,2.8798667192459106,1
4236,119854,4.756112614600217,6,0.050000000000000044,1.8468329906463623,1
4237,119869,13.760664130780047,15,0.050000000000000044,3.817384958267212,1
4238,119899,26.565046209439604,30,0.050000000000000044,3.3079266207558766,0
4239,119929,24.308228965399294,30,0.050000000000000044,3.7376081943511963,0
4240,119941,10.95531206559619,12,0.050000000000000044,3.247305393218994,1
4241,119971,24.937181585747936,30,0.050000000000000044,2.619441475187029,0
4242,119985,12.753953832066255,14,0.050000000000000044,2.9474324584007263,1
4243,120015,22.912482699532486,30,0.050000000000000044,3.70886162349156,0
4244,120030,13.75248484631745,15,0.050000000000000044,3.7502774596214294,1
4245,120058,26.553512809392252,28,0.050000000000000044,4.06820045198713,1
4246,120073,13.641710980485339,15,0.050000000000000044,2.9435675740242004,1
4247,120098,23.749471819794483,25,0.050000000000000044,3.260190407435099,1
4248,120121,21.73527774532394,23,0.050000000000000044,3.2853649457295737,1
4249,120131,8.40219480515433,10,0.050000000000000044,4.862342834472656,1
4250,120138,5.871186919753072,7,0.050000000000000044,3.1664429903030396,1
4251,120168,28.947396809137548,30,0.050000000000000044,2.919287830591202,0
4252,120183,13.745251006064501,15,0.050000000000000044,3.101240793863932,1
4253,120213,29.544545825338727,30,0.050000000000000044,3.2151196897029877,0
4254,120239,23.558640163724192,26,0.050000000000000044,3.4752506415049234,1
4255,120247,6.003417767460581,8,0.050000000000000044,2.0284876227378845,1
4256,120267,18.55272771030699,20,0.050000000000000044,3.459694337844849,1
4257,120297,28.191346736293657,30,0.050000000000000044,3.238646537065506,0
4258,120314,15.917025146445512,17,0.050000000000000044,3.952590227127075,1
4259,120323,7.957161922522981,9,0.050000000000000044,3.005971908569336,1
4260,120329,4.957168006567855,6,0.050000000000000044,3.4883750677108765,1
4261,120356,21.08755361888894,27,0.050000000000000044,2.8317943811416626,1
4262,120374,16.947382626049325,18,0.050000000000000044,3.091436505317688,1
4263,120384,8.754623654337504,10,0.050000000000000044,3.167811552683512,1
4264,120413,24.96806929421351,29,0.050000000000000044,3.5870091574532643,1
4265,120443,28.547723692593014,30,0.050000000000000044,3.0406414100102017,0
4266,120456,10.96245856349716,13,0.050000000000000044,3.2806898057460785,1
4267,120476,16.568562807446554,20,0.050000000000000044,2.8677806854248047,1
4268,120483,5.959013234599721,7,0.050000000000000044,4.2168121337890625,1
4269,120513,23.54572605019845,30,0.050000000000000044,3.7592051327228546,0
4270,120535,18.758917410760183,22,0.050000000000000044,3.522329902648926,1
4271,120546,9.948229002472772,11,0.050000000000000044,3.0681378841400146,1
4272,120561,13.955057812587723,15,0.050000000000000044,3.940708816051483,1
4273,120576,12.756464177326189,15,0.050000000000000044,3.8478134870529175,1
4274,120585,7.000708139721582,9,0.050000000000000044,4.476193189620972,1
4275,120615,29.549574987445705,30,0.050000000000000044,3.526524986539568,0
4276,120645,28.748311000184668,30,0.050000000000000044,3.649599477648735,0
4277,120668,19.960254748772794,23,0.050000000000000044,3.694722890853882,1
4278,120698,28.35240065071413,30,0.050000000000000044,2.2871049642562866,0
4279,120709,10.043033475065318,11,0.050000000000000044,3.0441834131876626,1
4280,120728,17.35292873878669,19,0.050000000000000044,3.674361562728882,1
4281,120745,15.955304496695346,17,0.050000000000000044,3.180015981197357,1
4282,120775,28.3886989719256,30,0.050000000000000044,3.2144179003579274,0
4283,120793,15.264341860812907,18,0.050000000000000044,3.3264182806015015,1
4284,120818,22.756080276618388,25,0.050000000000000044,4.255471706390381,1
4285,120836,13.607330138563887,18,0.050000000000000044,3.338532829284668,1
4286,120866,29.149479254949373,30,0.050000000000000044,3.285771233694894,0
4287,120876,8.955574801114459,10,0.050000000000000044,3.5125348567962646,1
4288,120895,17.008405706665396,19,0.050000000000000044,3.313032329082489,1
4289,120925,23.97740160255253,30,0.050000000000000044,2.9941793978214264,0
4290,120955,26.98810881859786,30,0.050000000000000044,2.658261844090053,1
4291,120982,21.81540898843889,27,0.050000000000000044,4.581180368150983,1
4292,121004,20.951610183291802,22,0.050000000000000044,3.312833309173584,1
4293,121034,21.92284407954603,30,0.050000000000000044,3.702167476926531,0
4294,121044,8.948455525732015,10,0.050000000000000044,2.3302175203959146,1
4295,121050,4.959018187143877,6,0.050000000000000044,2.6296377182006836,1
4296,121065,11.968561236026074,15,0.050000000000000044,2.779672086238861,1
4297,121095,27.56500495447372,30,0.050000000000000044,3.4524570192609514,0
4298,121108,9.611400720683507,13,0.050000000000000044,3.3205524682998657,1
4299,121124,12.405030769509178,16,0.050000000000000044,3.607892096042633,1
4300,121136,10.874609781880944,12,0.050000000000000044,4.856669664382935,1
4301,121154,16.754872522589675,18,0.050000000000000044,3.5300198793411255,1
4302,121184,27.961156568140957,30,0.050000000000000044,2.742096781730652,0
4303,121214,22.28982814142152,30,0.050000000000000044,3.125713348388672,0
4304,121238,22.593303809592168,24,0.050000000000000044,2.661852717399597,1
4305,121268,23.56229063916351,30,0.050000000000000044,3.6213964223861694,0
4306,121282,13.042983422870767,14,0.050000000000000044,3.470695416132609,1
4307,121309,24.357883302326577,27,0.050000000000000044,3.5565121173858643,1
4308,121321,10.277086583765277,12,0.050000000000000044,3.4359763463338218,1
4309,121329,6.750541370316849,8,0.050000000000000044,2.833859920501709,1
4310,121359,27.353197832536274,30,0.050000000000000044,3.8724771227155412,1
4311,121381,19.6735731099475,22,0.050000000000000044,2.8154290914535522,1
4312,121387,4.959018187143877,6,0.050000000000000044,3.8865818977355957,1
4313,121417,29.949220988287312,30,0.050000000000000044,4.298855572938919,0
4314,121437,18.352113092797524,20,0.050000000000000044,3.7590702056884764,1
4315,121458,20.269817589824562,21,0.050000000000000044,3.0320237636566163,1
4316,121479,18.75621530187234,21,0.050000000000000044,3.0840795993804933,1
4317,121508,23.294532696603664,29,0.050000000000000044,2.749513626098633,1
4318,121512,2.7936753892562627,4,0.050000000000000044,5.694091796875,1
4319,121515,1.7649228101313175,3,0.050000000000000044,nan,1
4320,121524,7.955057843661701,9,0.050000000000000044,4.160565217336019,1
4321,121536,10.951348750671384,12,0.050000000000000044,3.8106651306152344,1
4322,121566,24.22682380627423,30,0.050000000000000044,4.090502057756696,0
4323,121579,11.95321902274208,13,0.050000000000000044,3.4224299589792886,1
4324,121595,14.957166465171493,16,0.050000000000000044,3.132621109485626,1
4325,121615,18.750250054896526,20,0.050000000000000044,3.5083688735961913,1
4326,121644,27.746411036793486,29,0.050000000000000044,3.4197061955928802,1
4327,121653,7.9590122436400925,9,0.050000000000000044,2.7892863750457764,1
4328,121670,16.267698174660865,17,0.050000000000000044,4.033854842185974,1
4329,121695,23.153940805358836,25,0.050000000000000044,3.526301860809326,1
4330,121725,24.11812690225181,30,0.050000000000000044,3.050618499517441,0
4331,121752,25.536383316810916,27,0.050000000000000044,3.6396250213895525,1
4332,121762,8.156859398595042,10,0.050000000000000044,3.426029682159424,1
4333,121774,10.951083149044699,12,0.050000000000000044,3.332357962926229,1
4334,121797,21.561284941103523,23,0.050000000000000044,2.7801944812138877,1
4335,121803,4.987641103089404,6,0.050000000000000044,4.508907318115234,1
4336,121810,5.591186568082305,7,0.050000000000000044,3.2652522325515747,1
4337,121836,24.748417788667453,26,0.050000000000000044,3.6263196298054288,1
4338,121866,26.12552963025522,30,0.050000000000000044,3.7874106679643904,0
4339,121889,21.915840644490473,23,0.050000000000000044,3.4339301784833274,1
4340,121915,24.543452842587165,26,0.050000000000000044,3.3259991804758706,1
4341,121945,28.14029891682308,30,0.050000000000000044,2.9978988766670227,0
4342,121958,12.050588404593924,13,0.050000000000000044,3.1748191515604653,1
4343,121988,24.97602369973156,30,0.050000000000000044,3.7257427871227264,0
4344,121999,9.548776853370448,11,0.050000000000000044,3.2437952756881714,1
4345,122029,25.648006102374385,30,0.050000000000000044,3.3469822704792023,0
4346,122059,26.76502411325378,30,0.050000000000000044,3.3133476121085033,0
4347,122089,23.351263222769152,30,0.050000000000000044,2.746331065893173,0
4348,122097,6.003771695794927,8,0.050000000000000044,2.4856162071228027,1
4349,122118,19.748138925871803,21,0.050000000000000044,3.7469235181808473,1
4350,122148,29.5500798786126,30,0.050000000000000044,2.8745725750923157,0
4351,122170,20.951621075841473,22,0.050000000000000044,3.7534817695617675,1
4352,122200,27.956226398818938,30,0.050000000000000044,3.6323945373296738,0
4353,122211,9.981214574878809,11,0.050000000000000044,2.055519938468933,1
4354,122220,7.7560683320239665,9,0.050000000000000044,3.8626770973205566,1
4355,122240,17.162547584659283,20,0.050000000000000044,3.2907028198242188,1
4356,122258,15.563266843338178,18,0.050000000000000044,3.719541549682617,1
4357,122271,11.867771892391271,13,0.050000000000000044,3.51031486193339,1
4358,122300,27.94343114334447,29,0.050000000000000044,3.14369760453701,1
4359,122330,27.55717457866066,30,0.050000000000000044,3.09493545123509,0
4360,122360,27.810654251191806,30,0.050000000000000044,2.7410010248422623,0
4361,122384,21.058519683161897,24,0.050000000000000044,3.1119139989217124,1
4362,122402,16.75422987506001,18,0.050000000000000044,3.7721701860427856,1
4363,122418,12.957721306653802,16,0.050000000000000044,3.6242311000823975,1
4364,122438,17.369511464288177,20,0.050000000000000044,3.71382532119751,1
4365,122449,9.555360892837175,11,0.050000000000000044,2.2405800024668374,1
4366,122464,11.203996641028583,15,0.050000000000000044,3.170191705226898,1
4367,122494,28.753427224666392,30,0.050000000000000044,3.4622788429260254,0
4368,122514,15.569135423350382,20,0.050000000000000044,3.6325125694274902,1
4369,122544,26.993843316289826,30,0.050000000000000044,3.385656625032425,0
4370,122572,21.9691464067211,28,0.050000000000000044,3.5831480707441057,1
4371,122587,13.955057812587723,15,0.050000000000000044,4.670829772949219,1
4372,122612,23.37857804208759,25,0.050000000000000044,2.9283842188971385,1
4373,122628,13.158471685388536,16,0.050000000000000044,3.4077367782592773,1
4374,122645,14.75504216684019,17,0.050000000000000044,3.3427130579948425,1
4375,122674,21.430250595953815,29,0.050000000000000044,3.5261436189923967,1
4376,122681,5.593044253188626,7,0.050000000000000044,3.8455989360809326,1
4377,122689,7.192078489783936,8,0.050000000000000044,3.057478189468384,1
4378,122701,10.959012213979552,12,0.050000000000000044,2.888251304626465,1
4379,122720,17.94710665558333,19,0.050000000000000044,3.3826309204101563,1
4380,122728,5.599808449124963,8,0.050000000000000044,2.728710174560547,1
4381,122737,7.16135697992567,9,0.050000000000000044,3.038530111312866,1
4382,122750,11.564862197034318,13,0.050000000000000044,3.8462835947672525,1
4383,122761,9.913603094149776,11,0.050000000000000044,3.5342578887939453,1
4384,122782,19.552744149805424,21,0.050000000000000044,2.5588398218154906,1
4385,122812,29.54240458291813,30,0.050000000000000044,3.1501143276691437,0
4386,122825,11.959012213856212,13,0.050000000000000044,3.2830991744995117,1
4387,122855,22.084198658575943,30,0.050000000000000044,3.593169689178467,0
4388,122865,8.556428137266012,10,0.050000000000000044,2.8231493631998696,1
4389,122888,21.591681484711938,23,0.050000000000000044,2.5132952133814492,1
4390,122918,22.89805244200735,30,0.050000000000000044,4.399415731430054,1
4391,122932,12.79213581596573,14,0.050000000000000044,3.830913484096527,1
4392,122962,24.925537815027575,30,0.050000000000000044,3.1424742426191057,0
4393,122992,28.94027961924655,30,0.050000000000000044,2.703010320663452,0
4394,123022,29.349318490861833,30,0.050000000000000044,3.8390918459211076,0
4395,123050,26.393952190765447,28,0.050000000000000044,3.7569596426827565,1
4396,123067,15.39186042442854,17,0.050000000000000044,2.9896707832813263,1
4397,123086,17.750253505313598,19,0.050000000000000044,3.154347801208496,1
4398,123103,15.3525333587853,17,0.050000000000000044,3.225620448589325,1
4399,123115,10.250220309503801,12,0.050000000000000044,3.936506748199463,1
4400,123141,24.941532725222913,26,0.050000000000000044,2.6297966071537564,1
4401,123154,11.788346069916111,13,0.050000000000000044,2.383017619450887,1
4402,123174,17.982244755774882,20,0.050000000000000044,3.1024767398834228,1
4403,123185,10.123406153299513,11,0.050000000000000044,4.041024367014567,1
4404,123215,20.454545454545464,30,0.050000000000000044,4.884980406079974,0
4405,123229,12.559434616522518,14,0.050000000000000044,4.117700159549713,1
4406,123233,2.9592167598122607,4,0.050000000000000044,2.341118574142456,1
4407,123253,18.95716188908291,20,0.050000000000000044,2.7122193217277526,1
4408,123272,15.28941109472338,19,0.050000000000000044,2.930300569534302,1
4409,123289,15.74785972756953,17,0.050000000000000044,3.2820499539375305,1
4410,123300,8.27638447076862,11,0.050000000000000044,3.3606441020965576,1
4411,123330,25.373423779101515,30,0.050000000000000044,3.0416522366659984,0
4412,123343,11.158694352006854,13,0.050000000000000044,3.728468736012777,1
4413,123373,24.30293923759933,30,0.050000000000000044,3.056180387735367,0
4414,123398,22.1631577793969,25,0.050000000000000044,3.310194492340088,1
4415,123419,16.652223867427725,21,0.050000000000000044,3.488974666595459,1
4416,123424,3.9590471683324666,5,0.050000000000000044,2.2459661960601807,1
4417,123454,27.24151999840818,30,0.050000000000000044,3.019647870744978,0
4418,123484,25.61241511747765,30,0.050000000000000044,3.2828192114830017,0
4419,123492,6.957162188088722,8,0.050000000000000044,3.6859898567199707,1
4420,123507,14.269257330765608,15,0.050000000000000044,2.883824110031128,1
4421,123513,3.8841451330624475,6,0.050000000000000044,1.9365466237068176,1
4422,123524,9.559049358290249,11,0.050000000000000044,3.452077945073446,1
4423,123539,12.590265001072478,15,0.050000000000000044,3.480558395385742,1
4424,123569,28.75398047170935,30,0.050000000000000044,3.554718941450119,0
4425,123580,8.56230795893045,11,0.050000000000000044,2.8946011066436768,1
4426,123591,9.952921311077322,11,0.050000000000000044,5.21367073059082,1
4427,123612,20.046716921347542,21,0.050000000000000044,3.02558296918869,1
4428,123626,11.365873453281933,14,0.050000000000000044,4.096403439839681,1
4429,123653,25.33576111594447,27,0.050000000000000044,3.057731236730303,1
4430,123683,26.60535757776225,30,0.050000000000000044,3.758290563310896,0
4431,123713,28.5741518744632,30,0.050000000000000044,3.325890898704529,1
4432,123726,12.116836256416406,13,0.050000000000000044,2.6651713848114014,1
4433,123736,9.267698560454141,10,0.050000000000000044,2.728290875752767,1
4434,123766,28.951820934538524,30,0.050000000000000044,3.21838424886976,0
4435,123793,25.955308929757756,27,0.050000000000000044,3.406389219420297,1
4436,123802,6.764791710356283,9,0.050000000000000044,2.2674437761306763,1
4437,123832,27.351344535380758,30,0.050000000000000044,3.3819791078567505,0
4438,123841,7.955321122089134,9,0.050000000000000044,2.5058000087738037,1
4439,123849,5.605718902501691,8,0.050000000000000044,4.092746138572693,1
4440,123862,11.955323648043963,13,0.050000000000000044,3.2479567527770996,1
4441,123865,1.9583725634928275,3,0.050000000000000044,4.2794694900512695,1
4442,123870,3.7541898920606838,5,0.050000000000000044,2.7070488929748535,1
4443,123899,27.970166579918654,29,0.050000000000000044,3.4074070113045827,1
4444,123919,16.765708156363015,20,0.050000000000000044,3.453149938583374,1
4445,123938,17.95901221383079,19,0.050000000000000044,3.32530517578125,1
4446,123953,14.064746311375334,15,0.050000000000000044,4.344477891921997,1
4447,123969,14.358340851127036,16,0.050000000000000044,3.0548410415649414,1
4448,123973,2.7943365791981405,4,0.050000000000000044,2.3918185234069824,1
4449,123999,24.95716188968433,26,0.050000000000000044,2.838737150033315,1
4450,124022,20.74081010499063,23,0.050000000000000044,3.1297733783721924,1
4451,124039,14.984381093225434,17,0.050000000000000044,3.6229255199432373,1
4452,124049,8.722655878179186,10,0.050000000000000044,4.889502048492432,1
4453,124069,16.562620684206117,20,0.050000000000000044,3.4079466819763184,1
4454,124076,5.358132361818479,7,0.050000000000000044,2.5660163164138794,1
4455,124101,23.995088057578535,25,0.050000000000000044,3.3312586545944214,1
4456,124114,11.959012213856212,13,0.050000000000000044,3.3662829399108887,1
4457,124144,24.27262869315445,30,0.050000000000000044,3.167197346687317,0
4458,124174,24.931330884160275,30,0.050000000000000044,3.278347764696394,0
4459,124191,15.75448100698987,17,0.050000000000000044,3.3564272820949554,1
4460,124221,29.15154586235719,30,0.050000000000000044,3.2058988958597183,0
4461,124225,2.957376534134098,4,0.050000000000000044,3.943380832672119,1
4462,124234,7.851161792509888,9,0.050000000000000044,2.7736895084381104,1
4463,124260,23.152631913927973,26,0.050000000000000044,3.258103234427316,1
4464,124286,24.94265492228727,26,0.050000000000000044,3.913849870363871,1
4465,124291,3.3313954701059165,5,0.050000000000000044,3.3435139656066895,1
4466,124311,18.947370995224375,20,0.050000000000000044,2.9238048553466798,1
4467,124321,7.334913685015303,10,0.050000000000000044,3.9204123814900718,1
4468,124333,10.957171297142434,12,0.050000000000000044,4.13382085164388,1
4469,124341,6.957162084773189,8,0.050000000000000044,4.796665191650391,1
4470,124345,3.0763048246529485,4,0.050000000000000044,3.473353862762451,1
4471,124375,29.34538821611377,30,0.050000000000000044,3.384380510875157,0
4472,124405,27.556788617909618,30,0.050000000000000044,3.2363346219062805,0
4473,124435,29.142352818348943,30,0.050000000000000044,3.530693939753941,0
4474,124455,16.765322200708844,20,0.050000000000000044,3.338379740715027,1
4475,124483,26.38465052701785,28,0.050000000000000044,2.9847794600895474,1
4476,124513,27.162315413260657,30,0.050000000000000044,3.6064132302999496,0
4477,124542,27.744990444225273,29,0.050000000000000044,3.868049076625279,1
4478,124566,22.947910639847027,24,0.050000000000000044,3.71665096282959,1
4479,124585,17.95716262569472,19,0.050000000000000044,3.8690700054168703,1
4480,124615,29.537375434203096,30,0.050000000000000044,3.8227900096348355,0
4481,124638,21.94950865181432,23,0.050000000000000044,3.621719479560852,1
4482,124661,20.577943954780967,23,0.050000000000000044,3.1399612426757812,1
4483,124670,7.377153490160985,9,0.050000000000000044,3.254469156265259,1
4484,124700,27.202592502489818,30,0.050000000000000044,4.022485554218292,0
4485,124712,10.792281712229316,12,0.050000000000000044,3.1447675228118896,1
4486,124729,16.11759573179558,17,0.050000000000000044,3.0050690174102783,1
4487,124745,12.179689992207324,16,0.050000000000000044,3.5007030367851257,1
4488,124757,10.591595678191663,12,0.050000000000000044,3.137035051981608,1
4489,124775,16.949771839823374,18,0.050000000000000044,3.149967670440674,1
4490,124795,18.943979907127385,20,0.050000000000000044,2.7829092025756834,1
4491,124823,25.94896690856672,28,0.050000000000000044,4.08612779208592,1
4492,124844,19.947657074543102,21,0.050000000000000044,3.5966573556264243,1
4493,124864,18.95187412964208,20,0.050000000000000044,3.7362189292907715,1
4494,124894,29.53371824081022,30,0.050000000000000044,3.2919770649501254,0
4495,124900,4.957168599026561,6,0.050000000000000044,4.658083915710449,1
4496,124919,17.78121973273445,19,0.050000000000000044,3.604507803916931,1
4497,124931,10.959012213979552,12,0.050000000000000044,2.5242908795674643,1
4498,124961,29.937903232206207,30,0.050000000000000044,3.843205064535141,0
4499,124991,28.590769308359498,30,0.050000000000000044,3.300692047391619,0
4500,125016,23.86402658037079,25,0.050000000000000044,2.693094219480242,1
4501,125042,24.94396653427466,26,0.050000000000000044,3.028647780418396,1
4502,125064,20.93893197967605,22,0.050000000000000044,2.910183310508728,1
4503,125085,19.945806641971444,21,0.050000000000000044,3.002144956588745,1
4504,125110,23.951346891163112,25,0.050000000000000044,2.7953548232714334,1
4505,125126,14.957166465171493,16,0.050000000000000044,2.6934657394886017,1
4506,125138,10.95348306599571,12,0.050000000000000044,2.9515865246454873,1
4507,125168,22.832398579958973,30,0.050000000000000044,3.159562923014164,0
4508,125184,14.949511250074654,16,0.050000000000000044,3.440264105796814,1
4509,125197,11.95293145737589,13,0.050000000000000044,3.869684378306071,1
4510,125211,12.75421826375452,14,0.050000000000000044,4.182424545288086,1
4511,125217,4.955064039787177,6,0.050000000000000044,3.0088613033294678,1
4512,125245,26.14019553891248,28,0.050000000000000044,2.829787152154105,1
4513,125257,9.920543470955362,12,0.050000000000000044,4.0025553703308105,1
4514,125268,9.951371494441132,11,0.050000000000000044,5.01557985941569,1
4515,125288,18.744990368388397,20,0.050000000000000044,3.1209115982055664,1
4516,125296,6.987594073240019,8,0.050000000000000044,3.8516491651535034,1
4517,125304,6.78649617033897,8,0.050000000000000044,4.4044458866119385,1
4518,125322,13.729777023590584,18,0.050000000000000044,4.701739490032196,1
4519,125329,5.955575835265498,7,0.050000000000000044,3.874713182449341,1
4520,125345,14.189128299478408,16,0.050000000000000044,3.164762258529663,1
4521,125375,29.544293401788224,30,0.050000000000000044,2.8846122196742465,0
4522,125401,24.945815754011672,26,0.050000000000000044,4.044569253921509,1
4523,125408,5.757924433802747,7,0.050000000000000044,3.6336108446121216,1
4524,125424,14.555611893446404,16,0.050000000000000044,3.8589532375335693,1
4525,125434,8.471849661335632,10,0.050000000000000044,2.85224986076355,1
4526,125442,6.752891760019026,8,0.050000000000000044,3.1935046911239624,1
4527,125462,18.752483259748406,20,0.050000000000000044,3.7655205726623535,1
4528,125472,8.948186922948064,10,0.050000000000000044,3.743351936340332,1
4529,125497,20.844582138643833,25,0.050000000000000044,3.885926524798075,1
4530,125501,2.957376534134098,4,0.050000000000000044,4.200143814086914,1
4531,125531,29.943670069394784,30,0.050000000000000044,3.544011797223772,0
4532,125560,19.80311512761257,29,0.050000000000000044,3.6681775748729706,1
4533,125572,10.547426182832352,12,0.050000000000000044,3.236242930094401,1
4534,125594,20.953472926848388,22,0.050000000000000044,3.9338537216186524,1
4535,125605,9.92056881247528,11,0.050000000000000044,4.237112045288086,1
4536,125619,12.95504758475325,14,0.050000000000000044,3.8841339747111,1
4537,125637,16.951080343972585,18,0.050000000000000044,3.7370090007781984,1
4538,125658,20.048562215307147,21,0.050000000000000044,3.4364950180053713,1
4539,125670,10.955321709006302,12,0.050000000000000044,3.640208681424459,1
4540,125682,11.19764857748641,12,0.050000000000000044,3.122050921122233,1
4541,125707,22.286297287084604,25,0.050000000000000044,4.248266736666362,1
4542,125724,15.947933993009762,17,0.050000000000000044,3.625559186935425,1
4543,125754,26.544497798904278,30,0.050000000000000044,3.356452465057373,1
4544,125780,25.262122105626872,26,0.050000000000000044,3.5664446353912354,1
4545,125797,14.956655841498659,17,0.050000000000000044,3.5911186933517456,1
4546,125827,29.34912830860783,30,0.050000000000000044,3.6552585193089078,0
4547,125833,3.9944883711492043,6,0.050000000000000044,3.350656270980835,1
4548,125851,13.773761410191577,18,0.050000000000000044,4.393854796886444,1
4549,125863,10.582890833218352,12,0.050000000000000044,2.271480441093445,1
4550,125879,14.953184797305909,16,0.050000000000000044,3.4526029229164124,1
4551,125888,6.409090909090907,9,0.050000000000000044,2.925098260243734,1
4552,125902,11.759739925309248,14,0.050000000000000044,3.623007853825887,1
4553,125921,17.91389978642539,19,0.050000000000000044,3.9297279834747316,1
4554,125928,6.19764870958798,7,0.050000000000000044,4.044465661048889,1
4555,125958,25.968979697114506,30,0.050000000000000044,3.6096271787370955,0
4556,125972,12.555348719563462,14,0.050000000000000044,2.933898448944092,1
4557,126002,29.552202078605724,30,0.050000000000000044,3.791714974812099,0
4558,126011,7.760149453607986,9,0.050000000000000044,4.340964078903198,1
4559,126028,15.114548990514567,17,0.050000000000000044,3.876448965072632,1
4560,126048,16.178035786136647,20,0.050000000000000044,2.9988837957382204,1
4561,126064,14.947692565015585,16,0.050000000000000044,2.190889060497284,1
4562,126083,17.75299974719281,19,0.050000000000000044,3.0109708309173584,1
4563,126113,27.009541347975766,30,0.050000000000000044,4.101034849882126,0
4564,126138,23.945816982561098,25,0.050000000000000044,3.3933387200037637,1
4565,126150,9.1996125285257,12,0.050000000000000044,2.9800021648406982,1
4566,126166,14.748689748202738,16,0.050000000000000044,3.0282278656959534,1
4567,126176,8.953461400435634,10,0.050000000000000044,4.229115168253581,1
4568,126181,3.9590471683324666,5,0.050000000000000044,3.5309813022613525,1
4569,126187,4.987589513606995,6,0.050000000000000044,1.9395594596862793,1
4570,126201,11.401453310523667,14,0.050000000000000044,3.245350956916809,1
4571,126228,25.955574760312224,27,0.050000000000000044,3.7355113199778964,1
4572,126258,24.615919251494848,30,0.050000000000000044,3.6335813317980086,0
4573,126269,9.953198344497752,11,0.050000000000000044,3.5843515396118164,1
4574,126296,25.944470912238298,27,0.050000000000000044,3.437671286719186,1
4575,126326,29.142027447173223,30,0.050000000000000044,3.1515654155186246,0
4576,126353,26.17840584803894,27,0.050000000000000044,3.4426795073917935,1
4577,126373,19.11104115412137,20,0.050000000000000044,3.5050915241241456,1
4578,126389,12.157643458069924,16,0.050000000000000044,3.566644251346588,1
4579,126392,1.9602091714909529,3,0.050000000000000044,2.862950563430786,1
4580,126409,15.959012213830812,17,0.050000000000000044,2.2735064029693604,1
4581,126439,29.93811744890101,30,0.050000000000000044,3.875602892466954,0
4582,126462,21.98197319643266,23,0.050000000000000044,3.3358099857966104,1
4583,126492,29.571397094686798,30,0.050000000000000044,4.512557536363602,0
4584,126521,27.150198985541508,29,0.050000000000000044,3.4792336395808627,1
4585,126533,11.07028819248957,12,0.050000000000000044,3.9342841307322183,1
4586,126563,27.960871176251917,30,0.050000000000000044,3.655677003519876,0
4587,126592,22.454929785028224,29,0.050000000000000044,3.5363647639751434,1
4588,126607,13.549049007326026,15,0.050000000000000044,4.34917147954305,1
4589,126617,8.957166470265427,10,0.050000000000000044,2.9214248259862265,1
4590,126640,21.548237949850623,23,0.050000000000000044,3.1399266719818115,1
4591,126660,17.361902807584165,20,0.050000000000000044,3.1396297216415405,1
4592,126668,6.955309127512147,8,0.050000000000000044,3.1691609621047974,1
4593,126686,16.78326970606573,18,0.050000000000000044,2.929139018058777,1
4594,126707,19.152378693419344,21,0.050000000000000044,3.0099892616271973,1
4595,126737,27.355598226209384,30,0.050000000000000044,3.2860372960567474,0
4596,126752,13.355711510562685,15,0.050000000000000044,3.746828079223633,1
4597,126758,4.959018187143877,6,0.050000000000000044,4.8072099685668945,1
4598,126761,2.1216552131335713,3,0.050000000000000044,4.222740173339844,1
4599,126782,19.906863653663162,21,0.050000000000000044,3.1531715393066406,1
4600,126812,29.342522795486254,30,0.050000000000000044,3.6971528381109238,0
4601,126829,15.957161908695724,17,0.050000000000000044,3.9645402431488037,1
4602,126859,29.339834549414693,30,0.050000000000000044,3.826491321836199,0
4603,126889,24.025014283653306,30,0.050000000000000044,4.1502930372953415,0
4604,126919,27.40182149375245,30,0.050000000000000044,3.300564323152815,0
4605,126943,22.9571618890639,24,0.050000000000000044,2.887008488178253,1
4606,126954,10.115744603952557,11,0.050000000000000044,3.9737284978230796,1
4607,126981,25.141852937068606,27,0.050000000000000044,4.073802590370178,1
4608,127011,29.741653635853737,30,0.050000000000000044,3.4771769557680403,0
4609,127036,23.945289806062707,25,0.050000000000000044,3.1098673343658447,1
4610,127066,25.650098986948166,30,0.050000000000000044,3.7486638682229176,0
4611,127096,27.171483851398378,30,0.050000000000000044,3.58477583527565,0
4612,127113,15.95347332380734,17,0.050000000000000044,3.8908506631851196,1
4613,127124,9.951354848243408,11,0.050000000000000044,3.7231274445851645,1
4614,127148,22.781577981332788,24,0.050000000000000044,3.0270819664001465,1
4615,127178,29.93338050447697,30,0.050000000000000044,3.869413818631853,0
4616,127185,5.959013234599721,7,0.050000000000000044,2.1794945001602173,1
4617,127200,13.953465651319172,15,0.050000000000000044,3.6575053930282593,1
4618,127214,12.359523096867381,14,0.050000000000000044,3.234691063563029,1
4619,127228,12.004466781863233,14,0.050000000000000044,3.297330617904663,1
4620,127253,23.550064295443818,25,0.050000000000000044,3.936099052429199,1
4621,127283,29.935497583534367,30,0.050000000000000044,4.077488081795829,0
4622,127295,10.559224416476335,12,0.050000000000000044,2.909554878870646,1
4623,127325,28.982319316361068,30,0.050000000000000044,3.5698141753673553,0
4624,127355,26.59498730417853,30,0.050000000000000044,2.604287232671465,0
4625,127385,24.959213660120156,30,0.050000000000000044,3.040578469634056,0
4626,127397,10.95006070491358,12,0.050000000000000044,2.9319636027018228,1
4627,127403,3.9981632030896073,6,0.050000000000000044,5.799186706542969,1
4628,127420,15.75606856886385,17,0.050000000000000044,4.143547058105469,1
4629,127450,28.939463142710125,30,0.050000000000000044,2.997755084718977,1
4630,127462,10.74732905912983,12,0.050000000000000044,4.716476758321126,1
4631,127468,4.757953414991336,6,0.050000000000000044,3.5975948572158813,1
4632,127487,17.951070957498764,19,0.050000000000000044,2.965325653553009,1
4633,127515,26.945788843526532,28,0.050000000000000044,4.061061518532889,1
4634,127533,16.95716646517137,18,0.050000000000000044,3.108215856552124,1
4635,127548,12.196433194200289,15,0.050000000000000044,3.759781837463379,1
4636,127567,17.753953787719034,19,0.050000000000000044,3.4364086389541626,1
4637,127579,10.07346483892507,12,0.050000000000000044,2.859954039255778,1
4638,127608,23.037417361057084,29,0.050000000000000044,3.584615871310234,1
4639,127638,28.750402508308813,30,0.050000000000000044,3.3143814972468784,0
4640,127668,27.073447485496033,30,0.050000000000000044,3.3213372826576233,0
4641,127672,2.7572668943498306,4,0.050000000000000044,3.4656295776367188,1
4642,127686,12.950021037521179,14,0.050000000000000044,3.236011823018392,1
4643,127716,24.981503107540977,30,0.050000000000000044,3.497343808412552,0
4644,127722,4.21227246700114,6,0.050000000000000044,4.426070213317871,1
4645,127752,29.942127317833233,30,0.050000000000000044,2.9050901234149933,0
4646,127778,24.744715037322,26,0.050000000000000044,3.4913233518600464,1
4647,127799,19.748950810135316,21,0.050000000000000044,4.378870964050293,1
4648,127827,26.736235357528606,28,0.050000000000000044,3.0966129984174455,1
4649,127835,6.752127485756182,8,0.050000000000000044,1.6480947732925415,1
4650,127865,29.939717305729076,30,0.050000000000000044,2.918751612305641,0
4651,127884,17.915704155158338,19,0.050000000000000044,4.046218729019165,1
4652,127900,14.95716190869583,16,0.050000000000000044,3.415590465068817,1
4653,127919,17.152803760362147,19,0.050000000000000044,3.631948232650757,1
4654,127937,16.95319721567193,18,0.050000000000000044,3.9080619335174562,1
4655,127967,25.772421941678008,30,0.050000000000000044,3.8665124007633755,0
4656,127979,11.069065261198551,12,0.050000000000000044,3.704636255900065,1
4657,127987,7.273497996159492,8,0.050000000000000044,3.888643264770508,1
4658,128009,20.55324064614311,22,0.050000000000000044,3.712644577026367,1
4659,128035,24.945268022894407,26,0.050000000000000044,3.486887296040853,1
4660,128053,16.666999989633066,18,0.050000000000000044,3.2128596782684324,1
4661,128083,25.260886550591486,30,0.050000000000000044,3.394597257886614,0
4662,128099,14.407983303540782,16,0.050000000000000044,3.4635781049728394,1
4663,128129,22.958918054051423,30,0.050000000000000044,3.0347510278224945,0
4664,128138,8.121555810759132,9,0.050000000000000044,3.321122407913208,1
4665,128149,8.592047902114842,11,0.050000000000000044,3.4441874027252197,1
4666,128164,13.947662467238043,15,0.050000000000000044,2.451142281293869,1
4667,128178,12.979128611496883,14,0.050000000000000044,3.2971665064493814,1
4668,128189,9.756183931886309,11,0.050000000000000044,3.369234482447306,1
4669,128201,10.47595021590537,12,0.050000000000000044,3.903977632522583,1
4670,128204,1.9583725634928275,3,0.050000000000000044,2.411447525024414,1
4671,128234,29.94977075068879,30,0.050000000000000044,2.914952039718628,0
4672,128256,20.510299706164357,22,0.050000000000000044,3.3833676179250083,1
4673,128286,24.694245512847264,30,0.050000000000000044,3.5575956957680837,0
4674,128316,29.35529820478624,30,0.050000000000000044,3.7614769339561462,0
4675,128336,15.922940336561883,20,0.050000000000000044,3.907194423675537,1
4676,128350,13.187745772783057,14,0.050000000000000044,4.018406629562378,1
4677,128371,20.117578715880242,21,0.050000000000000044,2.8640940189361572,1
4678,128391,18.957161889063993,20,0.050000000000000044,3.9049217224121096,1
4679,128410,17.947641981495693,19,0.050000000000000044,2.722614550590515,1
4680,128440,28.58629123518184,30,0.050000000000000044,2.866703748703003,0
4681,128446,4.957177290232426,6,0.050000000000000044,3.267439365386963,1
4682,128454,7.191821987340342,8,0.050000000000000044,2.148471176624298,1
4683,128458,2.9592167598122607,4,0.050000000000000044,1.979456901550293,1
4684,128473,13.191853888498516,15,0.050000000000000044,2.704998105764389,1
4685,128487,12.957161889087786,14,0.050000000000000044,4.472387870152791,1
4686,128513,24.74258848765725,26,0.050000000000000044,4.134793417794364,1
4687,128543,29.94368106558104,30,0.050000000000000044,2.844399333000183,0
4688,128558,13.351473383143755,15,0.050000000000000044,3.0756307244300842,1
4689,128586,26.54450346620726,28,0.050000000000000044,3.935037851333618,1
4690,128603,15.778578967885773,17,0.050000000000000044,3.368420124053955,1
4691,128620,15.953197223774877,17,0.050000000000000044,3.9466164112091064,1
4692,128643,21.58587470632121,23,0.050000000000000044,3.3621746063232423,1
4693,128673,29.944232037009236,30,0.050000000000000044,3.479371875524521,0
4694,128682,7.362427278052968,9,0.050000000000000044,4.070973038673401,1
4695,128701,18.117094888682264,19,0.050000000000000044,3.127270555496216,1
4696,128731,24.18209706788798,30,0.050000000000000044,3.488132953643799,0
4697,128735,2.4011735340394504,4,0.050000000000000044,3.9044411182403564,1
4698,128761,24.751827507862018,26,0.050000000000000044,2.806827425956726,1
4699,128784,18.21545991371157,23,0.050000000000000044,4.287407676378886,1
4700,128793,7.955047599154082,9,0.050000000000000044,3.09409761428833,1
4701,128816,21.942596865088678,23,0.050000000000000044,3.832517147064209,1
4702,128820,3.275379417844259,4,0.050000000000000044,3.5239734649658203,1
4703,128827,5.984052884811511,7,0.050000000000000044,4.133669376373291,1
4704,128835,6.955583519957183,8,0.050000000000000044,3.441785216331482,1
4705,128846,10.19348529562389,11,0.050000000000000044,2.691967805226644,1
4706,128875,26.95121410554717,29,0.050000000000000044,2.935397590909685,1
4707,128879,2.9573710298187494,4,0.050000000000000044,6.198300361633301,1
4708,128894,11.456269062713474,15,0.050000000000000044,3.141110837459564,1
4709,128898,2.9592167598122607,4,0.050000000000000044,3.102395534515381,1
4710,128916,16.951095667867538,18,0.050000000000000044,3.3892449378967284,1
4711,128922,4.959018187143877,6,0.050000000000000044,2.0344433784484863,1
4712,128952,29.153679038731358,30,0.050000000000000044,3.1726397275924683,0
4713,128982,29.937591032163425,30,0.050000000000000044,3.368497746331351,0
4714,128984,1.1962425239963657,2,0.050000000000000044,5.934555530548096,1
4715,129009,23.94923268001644,25,0.050000000000000044,3.8777180910110474,1
4716,129025,11.566428956323174,16,0.050000000000000044,3.2842617630958557,1
4717,129051,24.94579455323105,26,0.050000000000000044,3.4511775970458984,1
4718,129076,23.94448152757031,25,0.050000000000000044,2.8795853512627736,1
4719,129106,29.93047037424002,30,0.050000000000000044,3.6127243041992188,0
4720,129128,16.58473630880222,22,0.050000000000000044,3.3919757604599,1
4721,129131,1.9851664053911855,3,0.050000000000000044,nan,1
4722,129139,6.959012388268193,8,0.050000000000000044,3.69175386428833,1
4723,129169,29.951610202937523,30,0.050000000000000044,4.180288165807724,0
4724,129187,17.072776387766087,18,0.050000000000000044,3.813177704811096,1
4725,129201,13.275348283353928,14,0.050000000000000044,4.219250380992889,1
4726,129216,13.853019470590846,15,0.050000000000000044,4.06791090965271,1
4727,129243,23.365458366365814,27,0.050000000000000044,3.001581072807312,1
4728,129256,11.004340737136662,13,0.050000000000000044,3.8743675351142883,1
4729,129265,8.112409010074504,9,0.050000000000000044,2.7405402660369873,1
4730,129295,29.947647359096365,30,0.050000000000000044,3.9872956616537913,0
4731,129299,2.9573710298187494,4,0.050000000000000044,3.3656482696533203,1
4732,129323,23.25234518878202,24,0.050000000000000044,3.5421483914057412,1
4733,129325,1.2783909896727712,2,0.050000000000000044,4.95943546295166,1
4734,129343,16.15604548361345,18,0.050000000000000044,3.315654933452606,1
4735,129357,12.39325631120264,14,0.050000000000000044,4.003075361251831,1
4736,129387,20.964773028485013,30,0.050000000000000044,2.233297118118831,0
4737,129402,13.95162151634732,15,0.050000000000000044,4.733051300048828,1
4738,129430,26.549541652856394,28,0.050000000000000044,3.5545468160084317,1
4739,129455,20.382043934581457,25,0.050000000000000044,3.758017599582672,1
4740,129463,6.7579194812585905,8,0.050000000000000044,4.184463143348694,1
4741,129484,19.951334451338937,21,0.050000000000000044,3.0319916009902954,1
4742,129514,29.741010589499385,30,0.050000000000000044,3.081317118235997,0
4743,129544,22.193705352683942,30,0.050000000000000044,3.999797075986862,0
4744,129572,26.928367338206158,28,0.050000000000000044,3.1930748224258423,1
4745,129587,12.562518840638484,15,0.050000000000000044,3.691351334253947,1
4746,129592,3.9590471683324666,5,0.050000000000000044,3.2496951818466187,1
4747,129608,15.270044265254601,16,0.050000000000000044,3.0633791089057922,1
4748,129638,23.34819803992272,30,0.050000000000000044,3.336791924067906,0
4749,129668,27.68601797899771,30,0.050000000000000044,3.450263649225235,0
4750,129693,24.187857355878812,25,0.050000000000000044,3.2289913495381675,1
4751,129712,17.8450913284987,19,0.050000000000000044,3.4236146450042724,1
4752,129742,26.959860972106288,30,0.050000000000000044,3.6899405547550748,0
4753,129750,6.955057994429708,8,0.050000000000000044,4.406589150428772,1
4754,129769,17.9534710234727,19,0.050000000000000044,3.3950921535491942,1
4755,129791,20.74151707885884,22,0.050000000000000044,4.024795436859131,1
4756,129821,29.73652088937024,30,0.050000000000000044,3.635213404893875,0
4757,129844,20.10934178140863,23,0.050000000000000044,3.704489250977834,1
4758,129857,11.593139080417126,13,0.050000000000000044,3.689713637034098,1
4759,129887,29.94103934565589,30,0.050000000000000044,3.6319820199693953,0
4760,129905,16.86929261145364,18,0.050000000000000044,3.5593669414520264,1
4761,129917,10.75262368595871,12,0.050000000000000044,3.3312923113505044,1
4762,129920,1.5974290027069835,3,0.050000000000000044,3.0139265060424805,1
4763,129942,20.75644858679641,22,0.050000000000000044,3.835318851470947,1
4764,129953,10.121560404640089,11,0.050000000000000044,2.3335341612497964,1
4765,129965,10.959012213979552,12,0.050000000000000044,2.197392145792643,1
4766,129972,5.726171941362251,7,0.050000000000000044,3.553700566291809,1
4767,129990,16.967199364650337,18,0.050000000000000044,3.7020962834358215,1
4768,130020,22.120386507844927,30,0.050000000000000044,3.780037522315979,0
4769,130050,29.933384214983413,30,0.050000000000000044,3.1174331392560686,0
4770,130080,29.939440940440523,30,0.050000000000000044,3.0222162008285522,0
4771,130084,2.9573710298187494,4,0.050000000000000044,6.443180084228516,1
4772,130096,11.06844940275655,12,0.050000000000000044,2.8748475710550943,1
4773,130125,24.36216761592027,29,0.050000000000000044,3.1841668571744646,1
4774,130143,17.27719403201261,18,0.050000000000000044,3.0047577023506165,1
4775,130173,25.577255593552792,30,0.050000000000000044,4.143406838178635,0
4776,130184,9.949493055677827,11,0.050000000000000044,4.33021608988444,1
4777,130211,25.3721399235461,27,0.050000000000000044,4.205054402351379,1
4778,130235,19.37429619146049,24,0.050000000000000044,3.0836081902186074,1
4779,130265,29.73965841241453,30,0.050000000000000044,3.297632172703743,0
4780,130293,26.98518094393206,28,0.050000000000000044,3.4021376371383667,1
4781,130323,28.35159493028152,30,0.050000000000000044,4.239026069641113,0
4782,130330,5.9498123676623385,7,0.050000000000000044,3.2750669717788696,1
4783,130350,18.945524978701513,20,0.050000000000000044,2.8840950965881347,1
4784,130355,3.954020685998693,5,0.050000000000000044,1.4610693454742432,1
4785,130365,8.955299524416185,10,0.050000000000000044,3.6871647040049234,1
4786,130395,29.933094976491002,30,0.050000000000000044,3.1498287405286516,0
4787,130412,14.1977297015018,17,0.050000000000000044,2.885840129852295,1
4788,130426,10.579652907886844,14,0.050000000000000044,3.3590737183888755,1
4789,130435,7.797691319883213,9,0.050000000000000044,3.4996345043182373,1
4790,130444,7.957161922522981,9,0.050000000000000044,3.7610663572947183,1
4791,130455,9.952931458220984,11,0.050000000000000044,3.565899610519409,1
4792,130468,11.148938483070038,13,0.050000000000000044,3.2705103158950806,1
4793,130494,24.94526495870127,26,0.050000000000000044,3.8309118350346885,1
4794,130519,18.461649268388623,25,0.050000000000000044,3.499248464902242,1
4795,130540,20.184179080987867,21,0.050000000000000044,2.5525802771250405,1
4796,130570,24.332961420076263,30,0.050000000000000044,3.6599190746034895,0
4797,130594,22.73863370409075,24,0.050000000000000044,3.857086261113485,1
4798,130610,12.556156728686279,16,0.050000000000000044,3.219724118709564,1
4799,130640,29.927859713125073,30,0.050000000000000044,3.3009884655475616,0
4800,130648,5.60165322280114,8,0.050000000000000044,2.6011186838150024,1
4801,130674,24.54661882333829,26,0.050000000000000044,3.092560887336731,1
4802,130704,29.742897669245597,30,0.050000000000000044,3.7823343575000763,0
4803,130734,22.19796321019499,30,0.050000000000000044,4.138668043272836,0
4804,130764,29.939464065798827,30,0.050000000000000044,3.6863777339458466,0
4805,130790,24.94370361075659,26,0.050000000000000044,3.632557511329651,1
4806,130807,15.754218244097428,17,0.050000000000000044,3.0789226293563843,1
4807,130812,3.9590471683324666,5,0.050000000000000044,3.7332558631896973,1
4808,130826,12.943417417042774,14,0.050000000000000044,3.8338334560394287,1
4809,130843,15.750265587040033,17,0.050000000000000044,3.497439980506897,1
4810,130869,24.545832391398157,26,0.050000000000000044,4.360946212496076,1
4811,130880,9.955323748767468,11,0.050000000000000044,2.5574769576390586,1
4812,130893,11.947128713508839,13,0.050000000000000044,4.645226160685222,1
4813,130899,4.957168006567855,6,0.050000000000000044,3.9438066482543945,1
4814,130929,26.85624557379779,30,0.050000000000000044,3.812072455883026,0
4815,130946,15.667263496630703,17,0.050000000000000044,3.301369309425354,1
4816,130964,17.18229292388761,18,0.050000000000000044,3.48937132358551,1
4817,130991,21.263540741317094,27,0.050000000000000044,3.392994523048401,1
4818,131004,11.953201793292763,13,0.050000000000000044,2.9493575990200043,1
4819,131034,25.774550973000796,30,0.050000000000000044,3.4127625737871443,0
4820,131064,28.99351393589602,30,0.050000000000000044,3.942027360200882,0
4821,131076,10.959012213979552,12,0.050000000000000044,2.8995813528696694,1
4822,131106,28.364017174833755,30,0.050000000000000044,3.7587953295026506,0
4823,131118,10.959012213979552,12,0.050000000000000044,4.2908094724019366,1
4824,131134,12.007712809694281,16,0.050000000000000044,3.3062626719474792,1
4825,131150,14.969349403508211,16,0.050000000000000044,4.45044332742691,1
4826,131164,12.949245259581886,14,0.050000000000000044,3.518154561519623,1
4827,131191,20.257091972634683,27,0.050000000000000044,2.9373908837636313,1
4828,131196,3.9572014196905787,5,0.050000000000000044,1.5206576585769653,1
4829,131212,14.758553178220467,16,0.050000000000000044,4.749720931053162,1
4830,131242,23.277153022102905,30,0.050000000000000044,3.536054713385446,0
4831,131258,15.12053233032712,16,0.050000000000000044,4.542177259922028,1
4832,131288,26.92725812951064,30,0.050000000000000044,4.072582364082336,0
4833,131306,16.374987881774597,18,0.050000000000000044,4.11465448141098,1
4834,131321,13.95532109681445,15,0.050000000000000044,3.612144112586975,1
4835,131351,28.941579006997685,30,0.050000000000000044,3.8131604875837053,0
4836,131368,16.038488730260017,17,0.050000000000000044,3.852544832229614,1
4837,131384,13.304311630651597,16,0.050000000000000044,4.248566627502441,1
4838,131407,20.991677994223874,23,0.050000000000000044,4.254683303833008,1
4839,131418,9.913868258247836,11,0.050000000000000044,3.110022266705831,1
4840,131448,20.454545454545464,30,0.050000000000000044,3.3489531576633453,0
4841,131454,4.953729687163648,6,0.050000000000000044,3.8707408905029297,1
4842,131458,2.9557893636642034,4,0.050000000000000044,5.132072925567627,1
4843,131469,9.75288258813325,11,0.050000000000000044,3.85721747080485,1
4844,131494,22.051133337073907,25,0.050000000000000044,3.6360556284586587,1
4845,131518,20.80314341599428,24,0.050000000000000044,4.359722375869751,1
4846,131539,19.467757281762875,21,0.050000000000000044,2.5457427978515623,1
4847,131555,14.951610149708188,16,0.050000000000000044,3.68574720621109,1
4848,131585,28.55848505916646,30,0.050000000000000044,3.2734992504119873,0
4849,131612,24.981103947855047,27,0.050000000000000044,3.4117583547319685,1
4850,131642,29.55088729858622,30,0.050000000000000044,3.4031211648668562,0
4851,131672,28.745912780517823,30,0.050000000000000044,3.553253471851349,0
4852,131685,9.173945776110424,13,0.050000000000000044,3.008613427480062,1
4853,131715,28.932591280453178,30,0.050000000000000044,3.9567208290100098,1
4854,131720,4.273245857968995,5,0.050000000000000044,3.0388622283935547,1
4855,131739,17.838427678626267,19,0.050000000000000044,3.254516303539276,1
4856,131752,10.853412831253754,13,0.050000000000000044,3.273781895637512,1
4857,131762,9.275348284223702,10,0.050000000000000044,3.366053581237793,1
4858,131772,8.953207621963998,10,0.050000000000000044,2.3099743525187173,1
4859,131802,29.939181571642358,30,0.050000000000000044,3.65580153465271,0
4860,131814,10.953197345510294,12,0.050000000000000044,3.1125795046488443,1
4861,131821,5.794133053985601,7,0.050000000000000044,2.1170504689216614,1
4862,131851,29.741272929866977,30,0.050000000000000044,3.6287670135498047,0
4863,131859,6.95321593080223,8,0.050000000000000044,3.21725857257843,1
4864,131884,22.35626739064995,25,0.050000000000000044,3.1688895225524902,1
4865,131914,28.155791788950953,30,0.050000000000000044,3.909482410975865,0
4866,131944,29.545830595288244,30,0.050000000000000044,3.481756031513214,0
4867,131974,29.945528261962682,30,0.050000000000000044,4.077825750623431,0
4868,131982,5.60087516948882,8,0.050000000000000044,4.015695571899414,1
4869,131998,14.953473329539644,16,0.050000000000000044,2.573498159646988,1
4870,132012,12.753023182344705,14,0.050000000000000044,3.5396469831466675,1
4871,132042,28.350183767276857,30,0.050000000000000044,3.053659745625087,1
4872,132065,21.739816559235372,23,0.050000000000000044,3.472370902697245,1
4873,132082,15.947382221470583,17,0.050000000000000044,4.821974515914917,1
4874,132112,29.557572222978386,30,0.050000000000000044,3.309940531849861,0
4875,132129,15.955056668454693,17,0.050000000000000044,3.849918484687805,1
4876,132144,12.561014262371074,15,0.050000000000000044,3.7613536417484283,1
4877,132174,28.94367945109474,30,0.050000000000000044,3.2470762048448836,1
4878,132193,17.957171296993174,19,0.050000000000000044,3.3376328468322756,1
4879,132213,18.084740144998587,20,0.050000000000000044,2.780649518966675,1
4880,132220,6.121560492253727,7,0.050000000000000044,3.1145453453063965,1
4881,132250,22.116685468200437,30,0.050000000000000044,3.752784149987357,0
4882,132262,10.959012213979552,12,0.050000000000000044,2.3737730582555137,1
4883,132292,28.99340666099155,30,0.050000000000000044,3.572670668363571,0
4884,132296,2.996709749516201,4,0.050000000000000044,3.6239635944366455,1
4885,132311,13.762259865656839,15,0.050000000000000044,3.9543015162150064,1
4886,132341,20.890335901741153,30,0.050000000000000044,3.6331706643104553,0
4887,132353,10.955321348545851,12,0.050000000000000044,3.908151626586914,1
4888,132378,23.942092940526777,25,0.050000000000000044,3.3347887992858887,1
4889,132386,5.600435929923242,8,0.050000000000000044,3.324123978614807,1
4890,132396,7.205755978885526,10,0.050000000000000044,3.4413552284240723,1
4891,132403,4.969468264676772,7,0.050000000000000044,3.7006330490112305,1
4892,132408,3.9572014196905787,5,0.050000000000000044,4.0541815757751465,1
4893,132419,9.955311685272951,11,0.050000000000000044,2.094667434692383,1
4894,132449,29.922866578313634,30,0.050000000000000044,3.307009220123291,0
4895,132479,29.72517146088228,30,0.050000000000000044,3.5715227127075195,0
4896,132490,9.953480774400925,11,0.050000000000000044,2.858223835627238,1
4897,132520,28.935927420961907,30,0.050000000000000044,3.2875028252601624,0
4898,132533,11.756183945385075,13,0.050000000000000044,3.0384416580200195,1
4899,132545,9.556047159616492,12,0.050000000000000044,3.0166640281677246,1
4900,132566,18.32926436386178,21,0.050000000000000044,3.352014112472534,1
4901,132576,8.959012218924851,10,0.050000000000000044,2.4061525662740073,1
4902,132596,18.150549034445522,20,0.050000000000000044,3.24804892539978,1
4903,132626,29.150066019101395,30,0.050000000000000044,3.6263115065438405,0
4904,132647,19.550199915077762,21,0.050000000000000044,2.8183914184570313,1
4905,132652,3.9590471683324666,5,0.050000000000000044,3.14931583404541,1
4906,132682,28.35955121152283,30,0.050000000000000044,4.189008508409772,0
4907,132694,10.952114614170089,12,0.050000000000000044,4.114632288614909,1
4908,132709,13.546827872635188,15,0.050000000000000044,2.93195903301239,1
4909,132728,16.94780206617581,19,0.050000000000000044,3.2080270290374755,1
4910,132752,22.74933151283298,24,0.050000000000000044,3.9448878367741904,1
4911,132762,8.789092048631183,10,0.050000000000000044,2.876267910003662,1
4912,132772,9.050424603899032,10,0.050000000000000044,3.694932301839193,1
4913,132802,28.74821649291924,30,0.050000000000000044,3.7791909830910817,0
4914,132818,14.27689713107177,16,0.050000000000000044,3.0991859138011932,1
4915,132829,9.950010497232388,11,0.050000000000000044,5.174807548522949,1
4916,132847,16.948209408702255,18,0.050000000000000044,3.5878612995147705,1
4917,132863,11.253872583850084,16,0.050000000000000044,3.6566221714019775,1
4918,132868,3.9572014196905787,5,0.050000000000000044,4.419846296310425,1
4919,132872,2.9592167598122607,4,0.050000000000000044,3.5540497303009033,1
4920,132894,20.746562287342698,22,0.050000000000000044,4.076548051834107,1
4921,132908,12.944242541569098,14,0.050000000000000044,3.4709818363189697,1
4922,132920,11.040850641779077,12,0.050000000000000044,3.9540225664774575,1
4923,132950,29.736263734453903,30,0.050000000000000044,3.1571395226887295,0
4924,132980,29.34300909401064,30,0.050000000000000044,3.512068212032318,0
4925,132996,14.951886180960825,16,0.050000000000000044,4.391694784164429,1
4926,133026,27.956929506612447,30,0.050000000000000044,3.297291261809213,0
4927,133056,23.7461633385217,30,0.050000000000000044,3.8978522419929504,0
4928,133064,6.957162086763046,8,0.050000000000000044,3.9978761672973633,1
4929,133089,23.9423632180246,25,0.050000000000000044,3.613758643468221,1
4930,133102,11.758298253469453,13,0.050000000000000044,3.150851567586263,1
4931,133132,20.690946261312185,30,0.050000000000000044,3.9038055539131165,0
4932,133150,14.566336756475737,18,0.050000000000000044,2.9116343036293983,1
4933,133180,29.945784208076894,30,0.050000000000000044,2.8716763705015182,0
4934,133207,25.942863114598993,27,0.050000000000000044,3.0055357217788696,1
4935,133226,17.951347261525964,19,0.050000000000000044,3.1369468450546263,1
4936,133231,3.994268219868442,5,0.050000000000000044,3.621340751647949,1
4937,133254,20.909849793090874,23,0.050000000000000044,4.146146098772685,1
4938,133284,29.551652228742398,30,0.050000000000000044,3.314256936311722,0
4939,133314,27.556541092897973,30,0.050000000000000044,3.48687676021031,0
4940,133344,29.54136985205086,30,0.050000000000000044,3.971225082874298,0
4941,133354,8.957161897788737,10,0.050000000000000044,3.7703285217285156,1
4942,133365,9.959012214701307,11,0.050000000000000044,4.638402462005615,1
4943,133395,29.933368304839565,30,0.050000000000000044,3.7257917608533586,0
4944,133425,27.513227773345278,30,0.050000000000000044,3.065540924668312,0
4945,133455,22.400980168322455,30,0.050000000000000044,2.5718962294714793,0
4946,133472,15.549825262415446,17,0.050000000000000044,2.8804585218429564,1
4947,133502,26.56621180661338,30,0.050000000000000044,3.7363568203789845,0
4948,133519,15.54954858616363,17,0.050000000000000044,3.667947769165039,1
4949,133539,14.383969493845624,20,0.050000000000000044,3.8022533416748048,1
4950,133544,3.98255833776108,5,0.050000000000000044,4.377953886985779,1
4951,133549,3.7562824772575865,5,0.050000000000000044,1.5055397748947144,1
4952,133579,29.926048506318367,30,0.050000000000000044,3.598726783479963,0
4953,133604,21.126575475099575,25,0.050000000000000044,2.9191350425992693,1
4954,133610,4.992412507943696,6,0.050000000000000044,2.8561806678771973,1
4955,133631,19.545322096145473,21,0.050000000000000044,3.2299779891967773,1
4956,133643,10.957161889249791,12,0.050000000000000044,2.9858138163884482,1
4957,133673,28.944416969635892,30,0.050000000000000044,3.7407542169094086,0
4958,133691,16.959012213830793,18,0.050000000000000044,4.64301210641861,1
4959,133719,27.184719352869102,28,0.050000000000000044,3.406133907181876,1
4960,133728,7.756184335070189,9,0.050000000000000044,2.8646657466888428,1
4961,133750,20.947104104044023,22,0.050000000000000044,3.4374863147735595,1
4962,133769,16.19853216043652,19,0.050000000000000044,4.064994955062867,1
4963,133781,10.955311708633335,12,0.050000000000000044,4.222728888193767,1
4964,133791,8.95533301591104,10,0.050000000000000044,3.637505531311035,1
4965,133800,7.7528908900254425,9,0.050000000000000044,3.5988823572794595,1
4966,133830,26.54514148872696,30,0.050000000000000044,3.558957508632115,1
4967,133860,25.099436536280667,30,0.050000000000000044,4.063982546329498,0
4968,133866,4.957177290232426,6,0.050000000000000044,4.3297014236450195,1
4969,133889,21.148884144981817,23,0.050000000000000044,3.254248301188151,1
4970,133902,11.549550723056713,13,0.050000000000000044,3.4830013116200766,1
4971,133920,16.07872661788399,18,0.050000000000000044,3.648900842666626,1
4972,133937,16.11206000692399,17,0.050000000000000044,2.9391335248947144,1
4973,133956,17.949495903852004,19,0.050000000000000044,4.0853759288787845,1
4974,133986,29.936038646292026,30,0.050000000000000044,4.925892353057861,0
4975,133999,11.317517459202945,13,0.050000000000000044,3.0841547648111978,1
4976,134029,25.573412927752724,30,0.050000000000000044,2.8584665209054947,0
4977,134059,24.939304450586267,30,0.050000000000000044,3.1598472935812816,0
4978,134078,18.263989193905505,19,0.050000000000000044,3.872876596450806,1
4979,134099,18.716324605586273,21,0.050000000000000044,3.6309670925140383,1
4980,134117,16.549002950398556,18,0.050000000000000044,4.006504869461059,1
4981,134128,9.594853560877652,11,0.050000000000000044,3.225100040435791,1
4982,134142,12.94923040317148,14,0.050000000000000044,3.3552162249883017,1
4983,134172,20.454545454545464,30,0.050000000000000044,2.669501021504402,0
4984,134186,12.951883554796526,14,0.050000000000000044,4.068483034769694,1
4985,134216,28.309522179484816,30,0.050000000000000044,2.9694318175315857,0
4986,134224,6.982191733914421,8,0.050000000000000044,2.4824172258377075,1
4987,134245,19.5842774818534,21,0.050000000000000044,4.1056726455688475,1
4988,134275,29.350443839939025,30,0.050000000000000044,3.036831787654332,0
4989,134282,5.951358031526093,7,0.050000000000000044,3.2139567136764526,1
4990,134296,12.9534734277947,14,0.050000000000000044,3.9002192616462708,1
4991,134316,18.953461262425147,20,0.050000000000000044,3.2094733238220217,1
4992,134323,5.95716295071267,7,0.050000000000000044,3.69575834274292,1
4993,134341,16.947110847295242,18,0.050000000000000044,4.67635145187378,1
4994,134371,23.758091696414326,30,0.050000000000000044,4.193280220031738,0
4995,134401,29.944989775276177,30,0.050000000000000044,3.187773644924164,0
4996,134412,9.3549092901902,11,0.050000000000000044,3.815307140350342,1
4997,134442,27.80161600989698,30,0.050000000000000044,3.560887881687709,0
4998,134451,7.559050349249876,9,0.050000000000000044,2.788775324821472,1
4999,134455,2.9592167598122607,4,0.050000000000000044,5.0941572189331055,1
5000,134485,29.937337258852054,30,0.050000000000000044,4.116588622331619,0
5001,134500,13.54848710796331,15,0.050000000000000044,2.873460352420807,1
5002,134512,10.952921269724749,12,0.050000000000000044,3.7478400071461997,1
5003,134542,26.766642091433592,30,0.050000000000000044,3.3740932771137784,0
5004,134551,7.647566160645327,9,0.050000000000000044,4.188025116920471,1
5005,134565,12.26746819168543,14,0.050000000000000044,3.4055060148239136,1
5006,134591,21.968959725819012,26,0.050000000000000044,2.8441209197044373,1
5007,134604,11.754849118738209,13,0.050000000000000044,3.0716512799263,1
5008,134609,3.9590471683324666,5,0.050000000000000044,1.9832723140716553,1
5009,134624,13.040494162143098,15,0.050000000000000044,3.7677009105682373,1
5010,134642,16.951615915954665,18,0.050000000000000044,3.8992542028427124,1
5011,134664,20.050754672140304,22,0.050000000000000044,3.7532853285471597,1
5012,134694,29.74128609699295,30,0.050000000000000044,3.5837303570338657,0
5013,134704,8.792281838131258,10,0.050000000000000044,3.4777257442474365,1
5014,134722,16.54851145970269,18,0.050000000000000044,3.211339145898819,1
5015,134752,24.896912439018937,30,0.050000000000000044,3.578723192214966,0
5016,134781,27.3386716997449,29,0.050000000000000044,4.300829648971558,1
5017,134811,28.945172113409146,30,0.050000000000000044,4.060092347008841,0
5018,134823,10.95716190884756,12,0.050000000000000044,3.701156218846639,1
5019,134853,24.983350738331655,30,0.050000000000000044,3.2654501274228096,0
5020,134883,25.687685798833964,30,0.050000000000000044,2.9633940969194685,0
5021,134898,13.951095923023253,15,0.050000000000000044,3.3332842588424683,1
5022,134922,22.947128851044774,24,0.050000000000000044,3.8008617162704468,1
5023,134930,6.955315974549672,8,0.050000000000000044,4.344604015350342,1
5024,134940,8.959012218924851,10,0.050000000000000044,2.7767672538757324,1
5025,134949,8.268192339261992,9,0.050000000000000044,1.0925686359405518,1
5026,134965,15.113915497843733,16,0.050000000000000044,3.6556004881858826,1
5027,134992,25.141642522481817,27,0.050000000000000044,4.648958206176758,1
5028,134999,5.76015455078024,7,0.050000000000000044,3.2877230644226074,1
5029,135014,13.118916041468644,15,0.050000000000000044,3.6592110991477966,1
5030,135029,13.95716188906518,15,0.050000000000000044,3.5039494335651398,1
5031,135044,11.200871868904207,15,0.050000000000000044,2.956138998270035,1
5032,135068,22.34595358037415,24,0.050000000000000044,2.9250760078430176,1
5033,135096,26.94767062604338,28,0.050000000000000044,4.188753741128104,1
5034,135125,23.617526151852214,29,0.050000000000000044,3.8042032378060475,1
5035,135149,20.6428911419197,24,0.050000000000000044,4.285244822502136,1
5036,135179,29.55290367610206,30,0.050000000000000044,2.929214256150382,0
5037,135204,23.709697811415865,25,0.050000000000000044,3.23014463697161,1
5038,135221,15.782531197355075,17,0.050000000000000044,2.52296781539917,1
5039,135250,26.948891500790182,29,0.050000000000000044,3.389182754925319,1
5040,135276,25.260047760009193,26,0.050000000000000044,3.3971604108810425,1
5041,135297,17.55840530638006,21,0.050000000000000044,3.688282299041748,1
5042,135327,26.371446990499457,30,0.050000000000000044,4.349995374679565,0
5043,135346,17.551359400853315,19,0.050000000000000044,4.19772777557373,1
5044,135376,26.359992100820257,30,0.050000000000000044,4.132957607507706,0
5045,135385,7.953453458670194,9,0.050000000000000044,5.019432067871094,1
5046,135408,17.13387199185288,23,0.050000000000000044,3.7015618880589805,1
5047,135428,17.158984075695795,20,0.050000000000000044,3.3291269302368165,1
5048,135458,27.242586535134496,30,0.050000000000000044,3.240461587905884,0
5049,135488,28.737387703093702,30,0.050000000000000044,3.2908481061458588,0
5050,135518,27.545828170843734,30,0.050000000000000044,3.2120459420340404,0
5051,135536,17.108054294416497,18,0.050000000000000044,3.0616283416748047,1
5052,135552,14.749989612660475,16,0.050000000000000044,4.387277960777283,1
5053,135573,18.75118624582041,21,0.050000000000000044,3.177711296081543,1
5054,135599,24.54133620642014,26,0.050000000000000044,3.901675502459208,1
5055,135606,4.802319111705861,7,0.050000000000000044,3.0136219263076782,1
5056,135612,4.959018187143877,6,0.050000000000000044,3.2182178497314453,1
5057,135642,29.54029165585049,30,0.050000000000000044,4.435041904449463,0
5058,135658,14.35490911577822,16,0.050000000000000044,3.5524547696113586,1
5059,135672,12.111466471101304,14,0.050000000000000044,3.0357784032821655,1
5060,135701,25.84829298873537,29,0.050000000000000044,2.7308347054890225,1
5061,135708,5.716542349116513,7,0.050000000000000044,5.0620269775390625,1
5062,135736,26.380691724305244,28,0.050000000000000044,3.689333813531058,1
5063,135745,7.752651977930834,9,0.050000000000000044,3.2957425117492676,1
5064,135759,12.947656473116178,14,0.050000000000000044,2.422563632329305,1
5065,135776,15.95163470178757,17,0.050000000000000044,3.0733837366104124,1
5066,135805,24.167145808442278,29,0.050000000000000044,3.664737275668553,1
5067,135827,20.37702196731864,22,0.050000000000000044,3.631401777267456,1
5068,135857,24.702671982323366,30,0.050000000000000044,3.8036719262599945,0
5069,135877,18.3538685262428,20,0.050000000000000044,3.554223155975342,1
5070,135890,11.788844368917369,13,0.050000000000000044,4.2893439928690595,1
5071,135916,23.352024027760862,26,0.050000000000000044,3.893984317779541,1
5072,135930,12.949225588285534,14,0.050000000000000044,3.4802634716033936,1
5073,135960,29.932624468158657,30,0.050000000000000044,3.2051185816526413,0
5074,135984,22.989439823258397,24,0.050000000000000044,3.8389245669047036,1
5075,135993,8.050397661100268,9,0.050000000000000044,2.3172208964824677,1
5076,136002,8.082287469974291,9,0.050000000000000044,3.198047399520874,1
5077,136011,7.754489766576267,9,0.050000000000000044,4.403551936149597,1
5078,136026,13.748403189353018,15,0.050000000000000044,3.5434261560440063,1
5079,136056,27.08649080314529,30,0.050000000000000044,3.672886848449707,0
5080,136086,29.3372262746735,30,0.050000000000000044,4.374524388994489,0
5081,136116,29.74718321896512,30,0.050000000000000044,3.8073180615901947,0
5082,136145,27.91159228714352,29,0.050000000000000044,3.295861686979021,1
5083,136157,10.157214154191688,12,0.050000000000000044,4.148335615793864,1
5084,136187,29.53687638655022,30,0.050000000000000044,2.8921563625335693,0
5085,136201,12.55272467892422,14,0.050000000000000044,4.117941677570343,1
5086,136231,28.755173419705187,30,0.050000000000000044,4.14115926197597,0
5087,136256,19.576982835607296,25,0.050000000000000044,4.048629147665841,1
5088,136286,29.951627554472317,30,0.050000000000000044,4.373095648629325,0
5089,136316,29.748415237742098,30,0.050000000000000044,4.20196795463562,0
5090,136346,24.809178486741335,30,0.050000000000000044,3.304250580923898,0
5091,136358,11.04457477295162,12,0.050000000000000044,3.3643036683400473,1
5092,136388,29.937853794097027,30,0.050000000000000044,3.7752400934696198,0
5093,136409,20.269538113622477,21,0.050000000000000044,3.71339864730835,1
5094,136430,15.476687342412042,21,0.050000000000000044,4.271486282348633,1
5095,136444,12.550343216038879,14,0.050000000000000044,5.187542974948883,1
5096,136463,18.18230827983038,19,0.050000000000000044,3.9840596318244934,1
5097,136490,23.75229988841027,27,0.050000000000000044,3.1063771758760725,1
5098,136520,23.10713756189088,30,0.050000000000000044,3.91963854432106,1
5099,136533,11.714488680307147,13,0.050000000000000044,3.6875162919362388,1
5100,136563,29.953470647059,30,0.050000000000000044,3.2189632143293108,0
5101,136592,27.73900056542928,29,0.050000000000000044,3.2841425985097885,1
5102,136596,2.7943365791981405,4,0.050000000000000044,3.8577256202697754,1
5103,136609,11.760148578214334,13,0.050000000000000044,4.075461308161418,1
5104,136637,23.413513941789574,28,0.050000000000000044,3.878106015069144,1
5105,136646,7.3565189673041385,9,0.050000000000000044,3.123378098011017,1
5106,136657,9.959012214701307,11,0.050000000000000044,3.33354115486145,1
5107,136666,8.197648581325453,9,0.050000000000000044,4.347712993621826,1
5108,136676,9.271676568097602,10,0.050000000000000044,2.974086324373881,1
5109,136697,19.949760220913852,21,0.050000000000000044,4.001185464859009,1
5110,136727,29.934429535158774,30,0.050000000000000044,3.2761378288269043,0
5111,136739,8.99395761837769,12,0.050000000000000044,3.9658498764038086,1
5112,136749,8.953725570154065,10,0.050000000000000044,2.8126327196756997,1
5113,136779,24.73846806250441,30,0.050000000000000044,3.3585465976170132,0
5114,136809,28.54049469326532,30,0.050000000000000044,3.0525828450918198,0
5115,136839,28.557336407240008,30,0.050000000000000044,3.4652818952287947,0
5116,136859,18.393459573349617,20,0.050000000000000044,3.8898720741271973,1
5117,136866,4.804582624948541,7,0.050000000000000044,5.1631715297698975,1
5118,136896,28.547173492717064,30,0.050000000000000044,3.5475365221500397,0
5119,136910,13.070009334377474,14,0.050000000000000044,4.327980836232503,1
5120,136940,29.948956609250736,30,0.050000000000000044,3.320202350616455,0
5121,136970,26.362944088265596,30,0.050000000000000044,3.787050349371774,1
5122,136985,13.557320289184853,15,0.050000000000000044,4.021345794200897,1
5123,137010,24.107746118610624,25,0.050000000000000044,4.113924940427144,1
5124,137021,9.704951393062244,11,0.050000000000000044,3.1308325131734214,1
5125,137026,3.9572063683176055,5,0.050000000000000044,4.57389497756958,1
5126,137046,18.551647400331532,20,0.050000000000000044,4.298701071739197,1
5127,137065,16.75769409104278,19,0.050000000000000044,3.2602468490600587,1
5128,137094,27.747194711878052,29,0.050000000000000044,3.9320011138916016,1
5129,137124,28.947358213668785,30,0.050000000000000044,3.4463666453957558,1
5130,137149,18.01739693640229,25,0.050000000000000044,2.9941455324490867,1
5131,137176,25.14642235812953,27,0.050000000000000044,2.8586309126445224,1
5132,137206,29.73679622525491,30,0.050000000000000044,3.23263110433306,0
5133,137223,15.750917495871251,17,0.050000000000000044,2.754529297351837,1
5134,137228,3.9572063683176055,5,0.050000000000000044,3.3260520696640015,1
5135,137243,14.06870140814032,15,0.050000000000000044,4.318424065907796,1
5136,137249,4.955064039787177,6,0.050000000000000044,3.260429620742798,1
5137,137279,26.167794612689605,30,0.050000000000000044,2.6065613882882253,0
5138,137297,16.951083145026587,18,0.050000000000000044,3.2811926126480104,1
5139,137324,23.486072860023768,27,0.050000000000000044,3.5592353684561595,1
5140,137335,9.955323632754235,11,0.050000000000000044,4.583818197250366,1
5141,137344,7.955316190091163,9,0.050000000000000044,3.4652278423309326,1
5142,137374,27.54560068401689,30,0.050000000000000044,4.222315924508231,0
5143,137383,7.953482586616979,9,0.050000000000000044,3.4139987230300903,1
5144,137396,11.404283055690707,13,0.050000000000000044,5.057310521602631,1
5145,137414,16.953473428201214,18,0.050000000000000044,2.72686830163002,1
5146,137444,25.575971646996237,30,0.050000000000000044,3.832636296749115,0
5147,137473,27.93633677812826,29,0.050000000000000044,3.7087563276290894,1
5148,137496,18.528353920650915,23,0.050000000000000044,3.6876851320266724,1
5149,137503,5.756074252808584,7,0.050000000000000044,1.8016891479492188,1
5150,137510,5.7560835374802775,7,0.050000000000000044,3.597088575363159,1
5151,137540,28.549440546598003,30,0.050000000000000044,3.2728825509548187,0
5152,137563,21.94341781050696,23,0.050000000000000044,3.0671180963516234,1
5153,137593,28.549519489456117,30,0.050000000000000044,3.0120351165533066,0
5154,137600,5.95717232116616,7,0.050000000000000044,5.096910834312439,1
5155,137624,22.38674484995396,24,0.050000000000000044,3.3124724626541138,1
5156,137639,13.585636989575525,15,0.050000000000000044,3.3929521242777505,1
5157,137669,29.942127457138607,30,0.050000000000000044,3.342744044959545,0
5158,137677,6.955583519957183,8,0.050000000000000044,3.3673348426818848,1
5159,137689,9.998428771572238,12,0.050000000000000044,2.7923096815745034,1
5160,137719,26.891584653703784,30,0.050000000000000044,3.938619238989694,0
5161,137732,12.191727705142544,13,0.050000000000000044,4.464561462402344,1
5162,137757,22.355044241402332,25,0.050000000000000044,2.558880090713501,1
5163,137775,16.744728397525854,18,0.050000000000000044,4.079376935958862,1
5164,137805,29.934178197502217,30,0.050000000000000044,3.87529319524765,0
5165,137810,3.75812300647113,5,0.050000000000000044,2.319230079650879,1
5166,137840,29.2672031976168,30,0.050000000000000044,3.601336970925331,0
5167,137846,4.003446175228971,6,0.050000000000000044,4.045599937438965,1
5168,137865,16.552457635685432,19,0.050000000000000044,4.007133150100708,1
5169,137895,28.598408541814692,30,0.050000000000000044,3.3262241227286204,0
5170,137925,28.941575108346886,30,0.050000000000000044,3.3268910944461823,0
5171,137955,21.24675288254748,30,0.050000000000000044,3.5785854203360423,0
5172,137980,21.438857181040515,25,0.050000000000000044,4.098883833203997,1
5173,138010,29.93810862230512,30,0.050000000000000044,3.660027469907488,0
5174,138029,17.750521810849207,19,0.050000000000000044,3.450421953201294,1
5175,138048,16.16253256338537,19,0.050000000000000044,3.617310333251953,1
5176,138070,20.54822372880939,22,0.050000000000000044,4.205761098861695,1
5177,138094,22.93866862095894,24,0.050000000000000044,3.0263591210047402,1
5178,138124,28.541725102549197,30,0.050000000000000044,3.960624724626541,0
5179,138131,6.193501521809707,7,0.050000000000000044,4.944327354431152,1
5180,138147,14.95159886717531,16,0.050000000000000044,3.9076533913612366,1
5181,138155,6.794132207654073,8,0.050000000000000044,3.2678791284561157,1
5182,138163,6.788726590806333,8,0.050000000000000044,3.0096453428268433,1
5183,138167,2.3993434037758172,4,0.050000000000000044,6.112857818603516,1
5184,138196,26.553633547198892,29,0.050000000000000044,3.8068721145391464,1
5185,138205,7.7560683333802904,9,0.050000000000000044,3.6322755813598633,1
5186,138232,25.74864309569684,27,0.050000000000000044,3.7278693403516496,1
5187,138262,29.93893288022241,30,0.050000000000000044,3.169111660548619,0
5188,138292,29.746549487132256,30,0.050000000000000044,4.38475039601326,0
5189,138307,14.191370294655297,15,0.050000000000000044,2.7492958108584085,1
5190,138336,27.540525351093134,29,0.050000000000000044,3.1140019297599792,1
5191,138366,29.26876550906607,30,0.050000000000000044,3.264533145087106,0
5192,138386,16.885041124130108,20,0.050000000000000044,4.603926181793213,1
5193,138409,20.55601246036324,23,0.050000000000000044,3.262257178624471,1
5194,138419,8.953194233510596,10,0.050000000000000044,4.211749076843262,1
5195,138449,29.946038143169492,30,0.050000000000000044,3.2341338992118835,0
5196,138479,27.47918569947454,30,0.050000000000000044,3.5657288687569753,0
5197,138493,12.955047561885769,14,0.050000000000000044,3.6434114575386047,1
5198,138523,24.53751603934274,30,0.050000000000000044,3.3909775699887956,0
5199,138553,29.737038694744705,30,0.050000000000000044,3.7196101546287537,0
5200,138575,20.946067335097577,22,0.050000000000000044,2.9590352535247804,1
5201,138593,16.749977567232268,18,0.050000000000000044,3.5464479446411135,1
5202,138623,29.144292022798812,30,0.050000000000000044,3.6725435767854964,0
5203,138632,7.955299662440046,9,0.050000000000000044,3.8789196014404297,1
5204,138636,2.9592167598122607,4,0.050000000000000044,3.7598979473114014,1
5205,138666,28.933938835456146,30,0.050000000000000044,3.5777938536235263,1
5206,138677,9.756068161477808,11,0.050000000000000044,3.2615404526392617,1
5207,138707,29.933372600579617,30,0.050000000000000044,4.284179551260812,0
5208,138715,6.957162800132125,8,0.050000000000000044,3.536552906036377,1
5209,138741,23.74419755514396,26,0.050000000000000044,3.1346070425851003,1
5210,138747,4.957177290232426,6,0.050000000000000044,2.86850643157959,1
5211,138753,4.955339689288721,6,0.050000000000000044,3.151451587677002,1
5212,138783,29.7357024182029,30,0.050000000000000044,3.641002893447876,0
5213,138786,1.5974290027069835,3,0.050000000000000044,5.343585968017578,1
5214,138796,8.955328033984266,10,0.050000000000000044,2.7594878673553467,1
5215,138819,21.945544817046905,23,0.050000000000000044,3.866039824485779,1
5216,138837,16.947374905017995,18,0.050000000000000044,4.279120206832886,1
5217,138852,13.794132033217414,15,0.050000000000000044,2.874260514974594,1
5218,138874,20.547419341852553,22,0.050000000000000044,3.4043438911437987,1
5219,138903,27.94105030749528,29,0.050000000000000044,2.5622428825923373,1
5220,138933,28.951738199713056,30,0.050000000000000044,3.559277668595314,0
5221,138942,6.051136363636362,9,0.050000000000000044,3.0713834166526794,1
5222,138950,7.046653410670695,8,0.050000000000000044,4.144278287887573,1
5223,138969,16.75989228846926,19,0.050000000000000044,4.2576933860778805,1
5224,138999,29.946319932603892,30,0.050000000000000044,2.9683447565351213,0
5225,139029,29.349103010848182,30,0.050000000000000044,2.739297926425934,0
5226,139054,23.936290408713926,25,0.050000000000000044,3.6556608279546103,1
5227,139063,7.957161940126091,9,0.050000000000000044,2.7179988622665405,1
5228,139093,28.601848649611316,30,0.050000000000000044,3.464630365371704,0
5229,139101,6.367015783185411,8,0.050000000000000044,3.5972795486450195,1
5230,139131,26.2114830336041,30,0.050000000000000044,3.718332597187587,0
5231,139161,25.28675163081083,30,0.050000000000000044,3.519848793745041,0
5232,139184,20.748246316217152,23,0.050000000000000044,3.273032267888387,1
5233,139193,8.119717689826386,9,0.050000000000000044,2.668753743171692,1
5234,139222,26.937126290452213,29,0.050000000000000044,3.8168050902230397,1
5235,139228,4.957177290232426,6,0.050000000000000044,3.1600069999694824,1
5236,139244,14.190823460850918,16,0.050000000000000044,3.290155351161957,1
5237,139273,21.47140117534822,29,0.050000000000000044,3.739736114229475,1
5238,139300,25.543993698362637,27,0.050000000000000044,3.4798991680145264,1
5239,139325,21.483201029397012,25,0.050000000000000044,3.992443601290385,1
5240,139352,25.54215428482835,27,0.050000000000000044,3.0755022934504916,1
5241,139369,13.360145571486733,17,0.050000000000000044,3.1735768020153046,1
5242,139397,26.976498170685346,28,0.050000000000000044,3.536297287259783,1
5243,139427,26.358946187862596,30,0.050000000000000044,3.6441451481410434,0
5244,139455,26.354651676134285,28,0.050000000000000044,3.3494738170078824,1
5245,139485,29.92682268768471,30,0.050000000000000044,3.4325715601444244,0
5246,139506,18.994573957666496,21,0.050000000000000044,3.5275971412658693,1
5247,139536,29.93631421863704,30,0.050000000000000044,3.437902569770813,0
5248,139566,28.543462617580847,30,0.050000000000000044,3.0204236848013744,0
5249,139575,7.951354924008726,9,0.050000000000000044,2.6523056030273438,1
5250,139589,12.548994874946988,14,0.050000000000000044,3.676741600036621,1
5251,139619,25.767715236638587,30,0.050000000000000044,2.172072700091771,0
5252,139630,8.36305304591627,11,0.050000000000000044,3.1497186024983725,1
5253,139647,15.976509560514266,17,0.050000000000000044,2.0818380415439606,1
5254,139659,9.988240156177218,12,0.050000000000000044,2.110288063685099,1
5255,139689,29.94580663619436,30,0.050000000000000044,3.47419573366642,0
5256,139712,21.95135703648457,23,0.050000000000000044,3.2938597997029624,1
5257,139728,15.041583171272002,16,0.050000000000000044,2.6796489357948303,1
5258,139758,29.937880168053113,30,0.050000000000000044,4.116983141217913,0
5259,139788,29.933386075254806,30,0.050000000000000044,3.6008265912532806,0
5260,139815,24.118679824688275,27,0.050000000000000044,3.5979972084363303,1
5261,139839,22.74895379937825,24,0.050000000000000044,4.84570038318634,1
5262,139863,19.64899524202639,24,0.050000000000000044,3.4394867420196533,1
5263,139878,13.922312399883975,15,0.050000000000000044,3.464455544948578,1
5264,139908,29.93890248510563,30,0.050000000000000044,2.9488255083560944,0
5265,139917,7.91859276237862,9,0.050000000000000044,3.783700108528137,1
5266,139947,29.063676944144724,30,0.050000000000000044,3.2200272594179427,0
5267,139977,24.058708565137966,30,0.050000000000000044,3.4730397760868073,0
5268,140007,29.33569158412142,30,0.050000000000000044,3.3416169030325755,0
5269,140024,15.513867055334114,17,0.050000000000000044,3.3636083126068117,1
5270,140052,24.364177780662832,28,0.050000000000000044,3.5333614008767262,1
5271,140082,25.57725839062291,30,0.050000000000000044,2.44247727734702,0
5272,140112,27.151723096659023,30,0.050000000000000044,3.3685865104198456,0
5273,140142,20.454545454545464,30,0.050000000000000044,3.812777008329119,0
5274,140157,11.966328751567527,15,0.050000000000000044,3.5772130489349365,1
5275,140187,26.08420143283165,30,0.050000000000000044,4.6604216779981344,0
5276,140217,22.554428523045893,30,0.050000000000000044,3.2400541603565216,0
5277,140232,13.750255709701634,15,0.050000000000000044,3.337415039539337,1
5278,140262,29.942375313646096,30,0.050000000000000044,3.2059684140341624,0
5279,140292,28.589329373473497,30,0.050000000000000044,3.9910480678081512,0
5280,140298,5.049305691675184,6,0.050000000000000044,5.082023620605469,1
5281,140328,27.864946610890268,30,0.050000000000000044,2.9496048390865326,0
5282,140344,11.966554248551304,16,0.050000000000000044,4.308551669120789,1
5283,140374,28.803818987907245,30,0.050000000000000044,3.486815929412842,0
5284,140404,28.947149931797355,30,0.050000000000000044,3.8370508551597595,0
5285,140417,11.354909120846859,13,0.050000000000000044,3.219512383143107,1
5286,140440,21.96826934450405,23,0.050000000000000044,3.4339549938837686,1
5287,140459,17.14711086937837,19,0.050000000000000044,2.919008493423462,1
5288,140489,29.736900774611158,30,0.050000000000000044,3.7809260487556458,0
5289,140506,15.748690347628976,17,0.050000000000000044,4.462529182434082,1
5290,140536,28.93135358761362,30,0.050000000000000044,3.0859266072511673,0
5291,140563,25.3070153811708,27,0.050000000000000044,3.32674511273702,1
5292,140593,24.379470748813038,30,0.050000000000000044,3.3080895245075226,0
5293,140623,29.728340334505543,30,0.050000000000000044,2.987383348601205,0
5294,140650,22.568602198944312,27,0.050000000000000044,3.483895880835397,1
5295,140677,25.94763425942089,27,0.050000000000000044,3.7874836581093922,1
5296,140688,9.959012214701307,11,0.050000000000000044,3.8747404416402182,1
5297,140698,9.267942877835315,10,0.050000000000000044,4.289498329162598,1
5298,140711,11.975672013002375,13,0.050000000000000044,3.1275962193806968,1
5299,140728,13.161223625896179,17,0.050000000000000044,2.82701233625412,1
5300,140745,15.955311564882722,17,0.050000000000000044,2.9955644607543945,1
5301,140775,22.320407159936277,30,0.050000000000000044,3.350170612335205,0
5302,140794,17.74511444054709,19,0.050000000000000044,3.7456071376800537,1
5303,140824,26.526838748881435,30,0.050000000000000044,2.9889484494924545,0
5304,140833,7.0819811168594065,9,0.050000000000000044,2.471663236618042,1
5305,140850,15.471985542270525,17,0.050000000000000044,2.266210913658142,1
5306,140864,12.75092406440298,14,0.050000000000000044,4.395210266113281,1
5307,140894,27.96113546961177,30,0.050000000000000044,2.5305991002491544,0
5308,140924,29.94661265280465,30,0.050000000000000044,3.3515019714832306,0
5309,140946,20.744818015876227,22,0.050000000000000044,3.4808706283569335,1
5310,140976,29.344870216663896,30,0.050000000000000044,3.3525213599205017,0
5311,140993,15.959012213830812,17,0.050000000000000044,3.2354859709739685,1
5312,141006,9.77404528873936,13,0.050000000000000044,3.6935837268829346,1
5313,141014,6.787818711844651,8,0.050000000000000044,3.946812868118286,1
5314,141029,13.955057812587723,15,0.050000000000000044,3.0020164847373962,1
5315,141046,15.948966105075787,17,0.050000000000000044,3.4223406314849854,1
5316,141076,27.079479660580127,30,0.050000000000000044,3.2222776114940643,0
5317,141081,3.9572063683176055,5,0.050000000000000044,3.0532546043395996,1
5318,141111,26.840485348508807,30,0.050000000000000044,4.315381237438747,0
5319,141124,11.752378606647742,13,0.050000000000000044,3.3870277404785156,1
5320,141146,20.949760986213484,22,0.050000000000000044,3.4063746690750123,1
5321,141152,4.957168599026561,6,0.050000000000000044,3.1571580171585083,1
5322,141182,25.889358883164014,30,0.050000000000000044,4.539088147027152,0
5323,141199,16.180495282324372,17,0.050000000000000044,4.231095969676971,1
5324,141207,6.760153704448714,8,0.050000000000000044,3.442610502243042,1
5325,141227,16.534710902316554,20,0.050000000000000044,4.151002669334412,1
5326,141237,8.552473743380924,10,0.050000000000000044,3.389108498891195,1
5327,141267,29.54349846078068,30,0.050000000000000044,3.6327665192740306,0
5328,141287,18.974372651804636,20,0.050000000000000044,3.6828240394592284,1
5329,141317,27.36048180565906,30,0.050000000000000044,4.624791651964188,0
5330,141331,13.189768798947693,14,0.050000000000000044,3.494553724924723,1
5331,141340,7.572377343042354,9,0.050000000000000044,3.042839686075846,1
5332,141347,5.959013234599721,7,0.050000000000000044,5.3212971687316895,1
5333,141369,20.94921354408703,22,0.050000000000000044,2.8837957779566445,1
5334,141389,18.95319721632873,20,0.050000000000000044,3.7392391681671144,1
5335,141403,12.752126169267434,14,0.050000000000000044,3.857273737589518,1
5336,141433,29.54806796976677,30,0.050000000000000044,3.4766287803649902,0
5337,141456,21.740211981335566,23,0.050000000000000044,4.0405770142873125,1
5338,141480,22.94738258912723,24,0.050000000000000044,3.653969963391622,1
5339,141505,23.570398344472306,25,0.050000000000000044,3.6954786578814187,1
5340,141535,28.990008546202304,30,0.050000000000000044,3.7037979875292097,0
5341,141542,5.9553100871945075,7,0.050000000000000044,2.955048084259033,1
5342,141571,25.203729208487673,29,0.050000000000000044,3.556901659284319,1
5343,141579,6.084011543626226,8,0.050000000000000044,4.0204808712005615,1
5344,141609,24.53907037279018,30,0.050000000000000044,3.082106538116932,0
5345,141627,16.953449190214837,18,0.050000000000000044,4.438372611999512,1
5346,141657,28.3366366622793,30,0.050000000000000044,2.8298008739948273,1
5347,141671,12.953207004252974,14,0.050000000000000044,4.442348082860311,1
5348,141689,17.04828579793805,18,0.050000000000000044,3.524733066558838,1
5349,141714,20.686023972519404,25,0.050000000000000044,3.620627522468567,1
5350,141736,21.188668352491383,22,0.050000000000000044,3.18859072526296,1
5351,141766,25.171229992219715,30,0.050000000000000044,3.9791788373674666,0
5352,141784,16.959012213830793,18,0.050000000000000044,3.6511044979095457,1
5353,141795,9.581579872386136,11,0.050000000000000044,2.321678638458252,1
5354,141817,20.14410997530792,22,0.050000000000000044,3.4145496090253196,1
5355,141847,24.03040159716891,30,0.050000000000000044,2.772087505885533,0
5356,141862,12.97480246036834,15,0.050000000000000044,3.5815232396125793,1
5357,141892,29.75090506675627,30,0.050000000000000044,3.141836404800415,0
5358,141919,22.250939877603304,27,0.050000000000000044,5.103722373644511,1
5359,141949,29.94208334907654,30,0.050000000000000044,3.685866206884384,0
5360,141971,20.159481778309285,22,0.050000000000000044,3.4550849914550783,1
5361,141978,5.959013234599721,7,0.050000000000000044,5.604385852813721,1
5362,141989,9.5571939769545,11,0.050000000000000044,3.5538390477498374,1
5363,142018,26.871282958339783,29,0.050000000000000044,3.5063916615077426,1
5364,142048,28.947244502645848,30,0.050000000000000044,2.9701885282993317,0
5365,142058,8.497000450683137,10,0.050000000000000044,3.3051135540008545,1
5366,142073,13.847197071732191,15,0.050000000000000044,3.543757200241089,1
5367,142086,11.759092381235963,13,0.050000000000000044,3.7283519903818765,1
5368,142100,12.67689983901731,14,0.050000000000000044,3.826173961162567,1
5369,142119,18.258461775554622,19,0.050000000000000044,4.113474011421204,1
5370,142143,22.942066130726108,24,0.050000000000000044,3.8714560667673745,1
5371,142154,9.756068144405983,11,0.050000000000000044,3.4677337805430093,1
5372,142171,15.356485655863844,17,0.050000000000000044,3.4874244332313538,1
5373,142188,16.178587638746553,17,0.050000000000000044,3.812819242477417,1
5374,142211,17.972545165471644,23,0.050000000000000044,3.440019416809082,1
5375,142232,19.95901221383079,21,0.050000000000000044,3.1141802072525024,1
5376,142236,2.9592167598122607,4,0.050000000000000044,3.424818515777588,1
5377,142257,17.404079949685315,21,0.050000000000000044,3.563856506347656,1
5378,142282,23.974664615434186,25,0.050000000000000044,2.727047324180603,1
5379,142312,27.35873532363555,30,0.050000000000000044,3.2133951634168625,0
5380,142316,2.9573710298187494,4,0.050000000000000044,5.218327045440674,1
5381,142346,28.59743455264147,30,0.050000000000000044,3.035440342766898,0
5382,142356,8.746004160104649,10,0.050000000000000044,3.530321399370829,1
5383,142367,9.950297408045326,11,0.050000000000000044,3.59157931804657,1
5384,142390,21.94580990965254,23,0.050000000000000044,3.612303853034973,1
5385,142420,25.490972246155145,30,0.050000000000000044,2.9238756522536278,0
5386,142440,17.477362696935906,20,0.050000000000000044,2.989534521102905,1
5387,142458,16.54981778927567,18,0.050000000000000044,3.5152324438095093,1
5388,142476,14.958903015262033,18,0.050000000000000044,2.7844765186309814,1
5389,142485,7.7864957643706445,9,0.050000000000000044,4.169432878494263,1
5390,142493,6.591189089001457,8,0.050000000000000044,3.7947490215301514,1
5391,142506,11.953458955226212,13,0.050000000000000044,2.5304038524627686,1
5392,142518,10.95532554848301,12,0.050000000000000044,3.8802754084269204,1
5393,142524,5.2737576534473165,6,0.050000000000000044,3.4062814712524414,1
5394,142554,29.94237839413597,30,0.050000000000000044,2.9295975821358815,0
5395,142571,16.11996868020788,17,0.050000000000000044,2.640601396560669,1
5396,142601,28.59090406141349,30,0.050000000000000044,3.427443206310272,0
5397,142611,8.949508483157745,10,0.050000000000000044,3.7441179752349854,1
5398,142641,26.967073181319673,30,0.050000000000000044,3.5412992537021637,0
5399,142649,6.7579194812585905,8,0.050000000000000044,3.1237049102783203,1
5400,142663,12.150386901801934,14,0.050000000000000044,3.506197452545166,1
5401,142678,13.957171296993922,15,0.050000000000000044,3.5734564065933228,1
5402,142708,29.749034545851902,30,0.050000000000000044,2.9696147590875626,0
5403,142738,29.059353268349962,30,0.050000000000000044,2.9974596670695712,0
5404,142767,27.175511066007314,29,0.050000000000000044,3.0811161313738142,1
5405,142786,17.15603583402088,19,0.050000000000000044,3.2878420829772947,1
5406,142816,28.951766030251466,30,0.050000000000000044,3.1337451338768005,0
5407,142845,27.93260777646898,29,0.050000000000000044,3.6184479849679128,1
5408,142875,29.742872858163476,30,0.050000000000000044,3.6111366748809814,0
5409,142888,11.552727736566434,13,0.050000000000000044,2.6632165014743805,1
5410,142905,15.951603862170138,17,0.050000000000000044,2.465216279029846,1
5411,142922,15.788585639647472,17,0.050000000000000044,3.7004156410694122,1
5412,142948,23.745898995703648,26,0.050000000000000044,3.00519289289202,1
5413,142978,26.91808887840803,30,0.050000000000000044,3.751732451575143,0
5414,142997,17.247155970841323,19,0.050000000000000044,3.2994314670562743,1
5415,143012,11.95811521754509,15,0.050000000000000044,2.4050719141960144,1
5416,143042,29.54584939038379,30,0.050000000000000044,3.0300799097333635,0
5417,143051,7.978489600247658,9,0.050000000000000044,4.826005697250366,1
5418,143068,13.016115758561916,17,0.050000000000000044,4.070330333709717,1
5419,143077,7.95717132690188,9,0.050000000000000044,3.110659122467041,1
5420,143090,11.957166465196789,13,0.050000000000000044,3.6266310612360635,1
5421,143096,4.957168006567855,6,0.050000000000000044,3.420079469680786,1
5422,143109,11.951335565920447,13,0.050000000000000044,3.524494489034017,1
5423,143136,25.738341395199992,27,0.050000000000000044,3.8545143604278564,1
5424,143151,13.978926791333908,15,0.050000000000000044,3.5045013427734375,1
5425,143181,24.310069882236807,30,0.050000000000000044,4.04401096701622,0
5426,143190,8.275343836927195,9,0.050000000000000044,3.2585365772247314,1
5427,143215,24.037218093868912,25,0.050000000000000044,2.6603686610857644,1
5428,143238,21.946059915703415,23,0.050000000000000044,3.8670806090037027,1
5429,143261,21.78884023323208,23,0.050000000000000044,3.850455403327942,1
5430,143282,19.978125288584433,21,0.050000000000000044,3.286626195907593,1
5431,143287,3.9590471683324666,5,0.050000000000000044,1.8012571334838867,1
5432,143317,20.539880180614126,30,0.050000000000000044,2.7212499380111694,0
5433,143323,5.054113464055959,6,0.050000000000000044,4.242898941040039,1
5434,143344,20.07252032608954,21,0.050000000000000044,4.521254916985829,1
5435,143374,20.454545454545464,30,0.050000000000000044,4.315496172223773,0
5436,143384,8.75645242921702,10,0.050000000000000044,3.9705419540405273,1
5437,143413,27.942351081944743,29,0.050000000000000044,3.9751643793923512,1
5438,143443,25.094328196620943,30,0.050000000000000044,3.3696321759905135,0
5439,143461,16.581522093132456,18,0.050000000000000044,4.157129144668579,1
5440,143491,28.53674784074194,30,0.050000000000000044,3.061526298522949,0
5441,143501,8.792281838131258,10,0.050000000000000044,3.6298407713572183,1
5442,143526,19.380468384548564,25,0.050000000000000044,3.8383151094118753,1
5443,143545,17.75250051147582,19,0.050000000000000044,2.604831337928772,1
5444,143559,12.752630613383323,14,0.050000000000000044,3.197349747021993,1
5445,143588,27.351448679024287,29,0.050000000000000044,3.625614881515503,1
5446,143618,28.582076078278895,30,0.050000000000000044,3.618154525756836,0
5447,143626,7.193952525763629,8,0.050000000000000044,3.4450929164886475,1
5448,143634,6.957162800132125,8,0.050000000000000044,1.9197874069213867,1
5449,143641,5.951610882843933,7,0.050000000000000044,2.9307801723480225,1
5450,143649,6.9571666396087695,8,0.050000000000000044,4.486375331878662,1
5451,143658,7.957166494980669,9,0.050000000000000044,1.9900731444358826,1
5452,143688,27.009264293746686,30,0.050000000000000044,3.6967371106147766,0
5453,143718,24.498382890080897,30,0.050000000000000044,3.4969494342803955,0
5454,143744,23.402773590331904,26,0.050000000000000044,3.6207619394574846,1
5455,143748,3.195829295517268,4,0.050000000000000044,4.270256996154785,1
5456,143778,29.94420936663954,30,0.050000000000000044,3.431894200188773,0
5457,143794,14.98941747655404,16,0.050000000000000044,3.4190614819526672,1
5458,143822,26.552034103723948,28,0.050000000000000044,3.4325592517852783,1
5459,143846,22.746289462723002,24,0.050000000000000044,2.7701143622398376,1
5460,143861,14.267689853356252,15,0.050000000000000044,3.8652268052101135,1
5461,143884,21.741784699818673,23,0.050000000000000044,3.109935224056244,1
5462,143900,14.953721316059191,16,0.050000000000000044,2.1396461129188538,1
5463,143920,18.784592014284218,20,0.050000000000000044,2.6509753227233888,1
5464,143950,29.738904269985422,30,0.050000000000000044,3.09318174634661,0
5465,143976,21.916468813404116,26,0.050000000000000044,3.9816873414175853,1
5466,143979,1.7649228101313175,3,0.050000000000000044,nan,1
5467,144009,29.531552545850335,30,0.050000000000000044,3.030129060149193,0
5468,144031,20.35095951828163,22,0.050000000000000044,3.6898511171340944,1
5469,144061,27.35441961649036,30,0.050000000000000044,3.3111803233623505,0
5470,144079,16.952921261222535,18,0.050000000000000044,4.0827155113220215,1
5471,144097,16.556358653880192,18,0.050000000000000044,4.499025821685791,1
5472,144116,17.549821620709487,19,0.050000000000000044,3.410941171646118,1
5473,144125,6.989382763031714,9,0.050000000000000044,3.8225319385528564,1
5474,144132,5.959013234599721,7,0.050000000000000044,3.2049444913864136,1
5475,144138,4.959018187143877,6,0.050000000000000044,3.072094202041626,1
5476,144166,26.791895007894432,28,0.050000000000000044,3.896292652402605,1
5477,144178,9.184842554905087,12,0.050000000000000044,2.3138161500295005,1
5478,144199,19.94632052185526,21,0.050000000000000044,3.378845548629761,1
5479,144221,18.245138238049957,22,0.050000000000000044,3.2504422664642334,1
5480,144232,9.955323649466791,11,0.050000000000000044,4.292332808176677,1
5481,144254,20.95188307161493,22,0.050000000000000044,3.064248275756836,1
5482,144284,29.94447814606519,30,0.050000000000000044,3.3243390321731567,0
5483,144299,13.750539112991923,15,0.050000000000000044,4.495436429977417,1
5484,144312,12.105734060990297,13,0.050000000000000044,3.9517433047294617,1
5485,144342,26.853348280771883,30,0.050000000000000044,3.5196647303444997,0
5486,144370,26.035730460431537,28,0.050000000000000044,3.5143447603498186,1
5487,144399,27.700539108439422,29,0.050000000000000044,3.8063174315861295,1
5488,144403,2.2488844296919193,4,0.050000000000000044,3.476874828338623,1
5489,144433,25.763616437918113,30,0.050000000000000044,3.707225263118744,0
5490,144442,8.116590001187785,9,0.050000000000000044,3.620913505554199,1
5491,144472,29.748758092609204,30,0.050000000000000044,3.292656399309635,0
5492,144478,4.757953414991336,6,0.050000000000000044,5.285296440124512,1
5493,144488,8.957162018745377,10,0.050000000000000044,4.446197350819905,1
5494,144499,10.19183816735645,11,0.050000000000000044,4.237463712692261,1
5495,144509,8.58577650556012,10,0.050000000000000044,3.6017590363820395,1
5496,144535,24.94525672737777,26,0.050000000000000044,3.03568696975708,1
5497,144544,8.115765435499204,9,0.050000000000000044,3.265503485997518,1
5498,144553,7.9510879531226255,9,0.050000000000000044,3.3388835191726685,1
5499,144583,28.38902994501636,30,0.050000000000000044,3.6914853027888705,0
5500,144593,9.113207984827305,10,0.050000000000000044,2.52705971399943,1
5501,144599,5.191989233671952,6,0.050000000000000044,3.613637924194336,1
5502,144629,29.75063887085984,30,0.050000000000000044,3.4191916435956955,0
5503,144635,5.195799141840315,6,0.050000000000000044,3.67282772064209,1
5504,144642,5.450107291278088,7,0.050000000000000044,3.54139244556427,1
5505,144648,4.75452445326274,6,0.050000000000000044,3.3919423818588257,1
5506,144656,6.955583519957183,8,0.050000000000000044,3.0625264644622803,1
5507,144679,21.942654491360656,23,0.050000000000000044,3.550791311264038,1
5508,144703,21.151173913963017,24,0.050000000000000044,3.919113357861837,1
5509,144726,21.352989701659883,23,0.050000000000000044,3.7196633418401084,1
5510,144756,28.179530939876052,30,0.050000000000000044,3.542121082544327,0
5511,144774,17.04458557214973,18,0.050000000000000044,3.5926088094711304,1
5512,144801,25.945268383435383,27,0.050000000000000044,4.277797971452985,1
5513,144821,18.784617880787142,20,0.050000000000000044,3.783962535858154,1
5514,144824,1.9602091714909529,3,0.050000000000000044,2.896984577178955,1
5515,144847,20.39934411142808,23,0.050000000000000044,3.1928165435791014,1
5516,144861,12.347809583080204,14,0.050000000000000044,4.211450934410095,1
5517,144864,1.9583725634928275,3,0.050000000000000044,3.8452224731445312,1
5518,144879,13.94949402086609,15,0.050000000000000044,4.631223678588867,1
5519,144907,26.953472231292782,28,0.050000000000000044,3.2080461297716414,1
5520,144925,14.077786465034682,18,0.050000000000000044,3.3257933616638184,1
5521,144940,13.951359356809094,15,0.050000000000000044,3.566697835922241,1
5522,144962,18.262954858688122,22,0.050000000000000044,3.7659233808517456,1
5523,144984,18.752543357939302,22,0.050000000000000044,3.898824135462443,1
5524,145008,23.050588404592958,24,0.050000000000000044,3.2087108294169107,1
5525,145027,17.948969391633984,19,0.050000000000000044,3.688272774219513,1
5526,145056,27.689655382189613,29,0.050000000000000044,4.124350219964981,1
5527,145080,22.945565754694158,24,0.050000000000000044,3.656242926915487,1
5528,145093,11.953725931671212,13,0.050000000000000044,2.762132167816162,1
5529,145109,14.869570132529155,16,0.050000000000000044,3.0943252444267273,1
5530,145139,28.542136144379118,30,0.050000000000000044,2.369184034211295,0
5531,145142,1.9602091714909529,3,0.050000000000000044,4.194980621337891,1
5532,145160,17.269550511834545,18,0.050000000000000044,3.3567349433898928,1
5533,145172,8.812499999999998,12,0.050000000000000044,3.5456342697143555,1
5534,145188,14.951083260162974,16,0.050000000000000044,3.176048368215561,1
5535,145198,8.953201819999311,10,0.050000000000000044,3.211076259613037,1
5536,145218,19.043034672868917,20,0.050000000000000044,2.911731004714966,1
5537,145230,10.557584445596145,12,0.050000000000000044,3.360063831011454,1
5538,145249,17.951882698933762,19,0.050000000000000044,3.584902858734131,1
5539,145257,6.75448208209299,8,0.050000000000000044,4.733155250549316,1
5540,145282,23.754338162947644,25,0.050000000000000044,3.062935709953308,1
5541,145293,9.748417246998335,11,0.050000000000000044,2.9410339991251626,1
5542,145323,29.95134766965262,30,0.050000000000000044,3.7905757427215576,0
5543,145353,29.94212464056377,30,0.050000000000000044,3.806450992822647,0
5544,145383,28.03576571909118,30,0.050000000000000044,3.698351468358721,0
5545,145412,27.536378220647876,29,0.050000000000000044,3.948831230401993,1
5546,145421,7.9590122436400925,9,0.050000000000000044,3.4991512298583984,1
5547,145424,1.9583725634928275,3,0.050000000000000044,2.2373874187469482,1
5548,145454,29.935496174660802,30,0.050000000000000044,3.2873899000031606,0
5549,145484,25.569133860358676,30,0.050000000000000044,2.855919450521469,0
5550,145507,21.549255770897915,23,0.050000000000000044,3.8844160556793215,1
5551,145534,21.768262276108846,27,0.050000000000000044,3.154562200818743,1
5552,145564,23.9843083303327,30,0.050000000000000044,3.749024987220764,0
5553,145594,27.01031347931876,30,0.050000000000000044,3.3932318687438965,0
5554,145611,15.551114165234797,17,0.050000000000000044,3.1318653225898743,1
5555,145641,25.73817534675517,30,0.050000000000000044,3.249697633087635,0
5556,145665,22.74166315831335,24,0.050000000000000044,3.068983793258667,1
5557,145682,15.152338453752966,17,0.050000000000000044,3.0901549458503723,1
5558,145686,2.9557893636642034,4,0.050000000000000044,2.7737927436828613,1
5559,145697,9.957171297866596,11,0.050000000000000044,3.849762757619222,1
5560,145712,13.35633036063384,15,0.050000000000000044,2.9108726382255554,1
5561,145730,16.74498251609586,18,0.050000000000000044,3.9431272745132446,1
5562,145742,10.754608605111935,12,0.050000000000000044,3.193071444829305,1
5563,145760,16.74712457759143,18,0.050000000000000044,2.777396631240845,1
5564,145790,25.93184010020319,30,0.050000000000000044,4.026615551539829,0
5565,145803,11.94792775315388,13,0.050000000000000044,2.884850819905599,1
5566,145833,29.350674226184307,30,0.050000000000000044,3.9723629355430603,0
5567,145863,27.16172270367525,30,0.050000000000000044,3.002158888748714,0
5568,145890,25.744444064926515,27,0.050000000000000044,3.4080898591450284,1
5569,145909,17.937376932892487,19,0.050000000000000044,3.338809585571289,1
5570,145929,14.61215679461449,20,0.050000000000000044,4.189826631546021,1
5571,145959,29.947383115259814,30,0.050000000000000044,3.37021849836622,0
5572,145989,26.95743223460807,30,0.050000000000000044,3.5465022921562195,1
5573,146019,29.938176877316472,30,0.050000000000000044,2.64887581552778,0
5574,146049,28.43221286100186,30,0.050000000000000044,3.584680914878845,0
5575,146052,2.1206341138986122,3,0.050000000000000044,3.229860782623291,1
5576,146066,12.353894794749289,14,0.050000000000000044,3.271324872970581,1
5577,146074,6.601075944049968,8,0.050000000000000044,2.0477424561977386,1
5578,146091,15.95319734089995,17,0.050000000000000044,4.308923900127411,1
5579,146121,23.037342644383127,30,0.050000000000000044,3.8330162167549133,0
5580,146151,29.339619100539785,30,0.050000000000000044,3.2313952956880843,0
5581,146164,11.545338666937282,13,0.050000000000000044,3.8262102603912354,1
5582,146180,14.950033710398749,16,0.050000000000000044,4.080345511436462,1
5583,146210,24.700117212363242,30,0.050000000000000044,4.037324122020176,0
5584,146239,26.78394557220958,29,0.050000000000000044,3.548193573951721,1
5585,146242,1.9583725634928275,3,0.050000000000000044,5.260165214538574,1
5586,146254,10.959012213979552,12,0.050000000000000044,3.7687103748321533,1
5587,146269,13.348330935256472,15,0.050000000000000044,2.917075753211975,1
5588,146287,14.959169530571934,18,0.050000000000000044,3.204262286424637,1
5589,146298,9.955311212076786,11,0.050000000000000044,3.9632064501444497,1
5590,146328,29.94341753730569,30,0.050000000000000044,3.327388823032379,0
5591,146347,17.55116127043133,19,0.050000000000000044,3.1901246309280396,1
5592,146372,23.947896302894833,25,0.050000000000000044,4.6859031064169745,1
5593,146401,27.54930424880313,29,0.050000000000000044,2.519493111542293,1
5594,146427,22.56323921310885,26,0.050000000000000044,3.1978068351745605,1
5595,146450,21.078448920906467,23,0.050000000000000044,3.4414616028467813,1
5596,146457,5.562447965030936,7,0.050000000000000044,2.9463268518447876,1
5597,146486,27.339586486375737,29,0.050000000000000044,3.861217737197876,1
5598,146505,14.597108991328938,19,0.050000000000000044,4.275978851318359,1
5599,146535,29.340641940182998,30,0.050000000000000044,3.4243761471339633,0
5600,146558,15.085334726068664,23,0.050000000000000044,4.028517325719197,1
5601,146567,7.95531619084056,9,0.050000000000000044,2.690447449684143,1
5602,146579,10.955299519196403,12,0.050000000000000044,2.9677858352661133,1
5603,146592,9.62397167540862,13,0.050000000000000044,2.810641288757324,1
5604,146597,2.961065366343347,5,0.050000000000000044,4.508530616760254,1
5605,146623,24.74447251882529,26,0.050000000000000044,4.154668887456258,1
5606,146645,18.64195827927548,22,0.050000000000000044,2.430975635846456,1
5607,146671,25.180484251829267,26,0.050000000000000044,3.6732578674952188,1
5608,146679,7.197648600045051,8,0.050000000000000044,2.8767961263656616,1
5609,146697,13.332684869204892,18,0.050000000000000044,4.210338401794433,1
5610,146708,9.953219924047623,11,0.050000000000000044,3.7215449015299478,1
5611,146718,8.955047553638064,10,0.050000000000000044,2.825735926628113,1
5612,146748,24.297438703716892,30,0.050000000000000044,3.757230132818222,0
5613,146776,26.951334451719916,28,0.050000000000000044,2.762787342071533,1
5614,146795,13.105718902501689,19,0.050000000000000044,3.6809535026550293,1
5615,146825,29.735210283867527,30,0.050000000000000044,2.726068153977394,0
5616,146855,22.003446175228973,30,0.050000000000000044,4.061157839638846,0
5617,146862,5.959013234599721,7,0.050000000000000044,3.9897348880767822,1
5618,146877,12.760967079121919,15,0.050000000000000044,3.2518144845962524,1
5619,146907,27.76005569075111,30,0.050000000000000044,3.9762448242732455,0
5620,146937,29.541372309090338,30,0.050000000000000044,3.774874895811081,0
5621,146961,22.5095247786813,24,0.050000000000000044,4.461019237836202,1
5622,146983,20.95901221383079,22,0.050000000000000044,3.378487253189087,1
5623,147000,15.945805176717474,17,0.050000000000000044,3.07849702835083,1
5624,147030,26.217848824094194,30,0.050000000000000044,3.6841652052743092,0
5625,147038,7.195335518273604,8,0.050000000000000044,3.262709856033325,1
5626,147068,29.34789084544255,30,0.050000000000000044,3.7826614379882812,0
5627,147076,7.0522483483246425,8,0.050000000000000044,4.439767003059387,1
5628,147087,9.951351517151029,11,0.050000000000000044,3.3545520305633545,1
5629,147096,7.981254877403113,9,0.050000000000000044,2.8941574096679688,1
5630,147126,29.942070667408803,30,0.050000000000000044,3.0826564516339983,0
5631,147143,15.741321760546418,17,0.050000000000000044,3.4522783756256104,1
5632,147173,29.550175739847944,30,0.050000000000000044,3.536521226167679,0
5633,147186,11.946601528482349,13,0.050000000000000044,2.7348901828130088,1
5634,147216,29.93178750393006,30,0.050000000000000044,4.736691832542419,0
5635,147246,28.743809684929072,30,0.050000000000000044,3.9864724704197476,0
5636,147256,8.957161915410847,10,0.050000000000000044,2.671600341796875,1
5637,147273,15.979935916402363,17,0.050000000000000044,3.8751232028007507,1
5638,147290,16.117315178262515,17,0.050000000000000044,3.685111165046692,1
5639,147317,19.79401704358698,27,0.050000000000000044,3.5100582327161516,1
5640,147335,16.59712022423645,18,0.050000000000000044,3.0857157707214355,1
5641,147360,23.943946383547402,25,0.050000000000000044,3.0234183073043823,1
5642,147390,29.938691644709266,30,0.050000000000000044,3.7478834220341275,0
5643,147395,3.9571975996624404,5,0.050000000000000044,5.095858573913574,1
5644,147425,29.541119292241003,30,0.050000000000000044,4.334743648767471,0
5645,147451,24.94369361242837,26,0.050000000000000044,2.9972570339838662,1
5646,147455,2.957376534134098,4,0.050000000000000044,4.1458587646484375,1
5647,147468,10.759520116430718,13,0.050000000000000044,3.984804630279541,1
5648,147482,12.949758415212923,14,0.050000000000000044,5.185542265574138,1
5649,147512,29.336288170561108,30,0.050000000000000044,3.515448421239853,0
5650,147542,21.851548482390594,30,0.050000000000000044,4.242620161601475,0
5651,147563,18.919238707425823,21,0.050000000000000044,3.065428900718689,1
5652,147588,22.55274500355747,25,0.050000000000000044,4.108316387448992,1
5653,147618,29.253970668733302,30,0.050000000000000044,3.3292467253548756,1
5654,147637,17.938958590595217,19,0.050000000000000044,3.3033386945724486,1
5655,147667,27.342392671271675,30,0.050000000000000044,3.7722296033586775,0
5656,147677,8.754218361132127,10,0.050000000000000044,3.9465370972951255,1
5657,147707,28.578971619027012,30,0.050000000000000044,3.6213036264692033,0
5658,147724,16.04829830998567,17,0.050000000000000044,3.8383345127105715,1
5659,147754,29.938961817272194,30,0.050000000000000044,4.5881485257829935,0
5660,147780,20.543024433626282,26,0.050000000000000044,3.4818782125200545,1
5661,147795,13.95716190869646,15,0.050000000000000044,3.9119532108306885,1
5662,147806,9.756068265822519,11,0.050000000000000044,3.2764960130055747,1
5663,147836,29.943938341759328,30,0.050000000000000044,3.7888454496860504,0
5664,147848,9.356725145668422,12,0.050000000000000044,3.090702851613363,1
5665,147878,28.55746063374912,30,0.050000000000000044,2.959291321890695,0
5666,147908,29.344577639594334,30,0.050000000000000044,3.3325288891792297,0
5667,147914,4.756112614600217,6,0.050000000000000044,2.693424701690674,1
5668,147935,19.54746402997474,21,0.050000000000000044,3.568907308578491,1
5669,147950,13.794132033217414,15,0.050000000000000044,3.368622660636902,1
5670,147980,29.93999326996827,30,0.050000000000000044,3.649765580892563,0
5671,148010,29.33802421523095,30,0.050000000000000044,4.138831853866577,0
5672,148040,20.454545454545464,30,0.050000000000000044,4.143954277038574,0
5673,148059,17.146143498688723,19,0.050000000000000044,3.7577743530273438,1
5674,148089,26.16609679463418,30,0.050000000000000044,4.051073104143143,0
5675,148106,15.939460215610126,17,0.050000000000000044,3.7576744556427,1
5676,148120,12.98758943547783,14,0.050000000000000044,3.88391375541687,1
5677,148150,29.943692559929524,30,0.050000000000000044,3.8859387806483676,0
5678,148180,27.756625902917353,30,0.050000000000000044,3.9178558588027954,1
5679,148210,21.487404224272492,30,0.050000000000000044,3.277827944074358,0
5680,148230,19.11566581215879,20,0.050000000000000044,2.6647200107574465,1
5681,148246,14.553778750615006,16,0.050000000000000044,4.489763975143433,1
5682,148262,14.876325383143723,16,0.050000000000000044,5.031997919082642,1
5683,148272,9.121555808121474,10,0.050000000000000044,3.97306752204895,1
5684,148287,12.55759801668628,15,0.050000000000000044,2.930037180582682,1
5685,148299,10.363371704318565,12,0.050000000000000044,2.8731929461161294,1
5686,148309,9.269262454666013,10,0.050000000000000044,4.230262279510498,1
5687,148339,28.150109007661687,30,0.050000000000000044,3.2365313938685825,0
5688,148347,6.916181072588703,8,0.050000000000000044,2.7060165405273438,1
5689,148352,3.9572063683176055,5,0.050000000000000044,6.236292839050293,1
5690,148369,15.952134544323128,17,0.050000000000000044,4.470239520072937,1
5691,148396,24.747144023195943,27,0.050000000000000044,3.977632147925241,1
5692,148418,18.69729080439013,22,0.050000000000000044,4.302773714065552,1
5693,148438,18.750358219827852,20,0.050000000000000044,3.618776321411133,1
5694,148448,8.756068169223475,10,0.050000000000000044,4.551133473714192,1
5695,148452,2.403409090909091,4,0.050000000000000044,3.2246744632720947,1
5696,148463,9.557223786563195,11,0.050000000000000044,3.858902096748352,1
5697,148478,13.158694323068069,15,0.050000000000000044,4.266623675823212,1
5698,148499,19.9537330197349,21,0.050000000000000044,3.6934780359268187,1
5699,148526,25.95109566804775,27,0.050000000000000044,3.2903543199811662,1
5700,148551,22.032530834027796,25,0.050000000000000044,3.1679408152898154,1
5701,148559,6.957162800132125,8,0.050000000000000044,3.671608090400696,1
5702,148575,14.350588578940483,16,0.050000000000000044,3.355749487876892,1
5703,148605,29.74444868720434,30,0.050000000000000044,3.965594917535782,0
5704,148618,10.884618095614002,13,0.050000000000000044,3.6502925554911294,1
5705,148636,16.949229644552787,18,0.050000000000000044,3.953547239303589,1
5706,148662,22.676350494788124,26,0.050000000000000044,2.8351189295450845,1
5707,148684,20.949245132122275,22,0.050000000000000044,4.062713781992595,1
5708,148698,12.756068135854163,14,0.050000000000000044,4.167431990305583,1
5709,148710,10.40032751440722,12,0.050000000000000044,3.084242264429728,1
5710,148734,22.98152157243171,24,0.050000000000000044,3.163466970125834,1
5711,148741,5.754495599671414,7,0.050000000000000044,3.289212226867676,1
5712,148771,29.93237931998012,30,0.050000000000000044,3.6722235679626465,0
5713,148778,4.4429259402359484,7,0.050000000000000044,3.7300100326538086,1
5714,148803,21.957860035349693,25,0.050000000000000044,2.9239769776662192,1
5715,148833,29.93023307659975,30,0.050000000000000044,3.297365039587021,0
5716,148839,4.957177290232426,6,0.050000000000000044,1.9962176084518433,1
5717,148854,14.112313851398616,15,0.050000000000000044,3.4191160202026367,1
5718,148863,6.952643838446655,9,0.050000000000000044,4.072081089019775,1
5719,148893,25.441688916640103,30,0.050000000000000044,3.6088951230049133,1
5720,148915,20.944457865022954,22,0.050000000000000044,3.395455169677734,1
5721,148945,24.3853140778779,30,0.050000000000000044,3.554717630147934,0
5722,148975,29.537665207606484,30,0.050000000000000044,2.9195542420659746,0
5723,148983,7.275348313162487,8,0.050000000000000044,2.403562903404236,1
5724,149013,26.127795143797456,30,0.050000000000000044,3.7439410388469696,0
5725,149022,7.549051533249383,9,0.050000000000000044,4.428069114685059,1
5726,149052,28.98228690018186,30,0.050000000000000044,3.774666428565979,1
5727,149082,22.66787905500459,30,0.050000000000000044,3.2369876759392873,1
5728,149112,29.93232524576239,30,0.050000000000000044,2.7806835770606995,0
5729,149137,18.27033187823786,25,0.050000000000000044,3.828205943107605,1
5730,149167,29.17531275189891,30,0.050000000000000044,4.012687887464251,0
5731,149175,6.555365262302617,8,0.050000000000000044,3.201657474040985,1
5732,149205,29.94397302360863,30,0.050000000000000044,3.8568495512008667,0
5733,149219,12.756068136366734,14,0.050000000000000044,3.3581665754318237,1
5734,149247,26.549014598521723,28,0.050000000000000044,3.529846293585641,1
5735,149264,14.88104262513745,17,0.050000000000000044,2.9116353750228883,1
5736,149294,29.547006491573235,30,0.050000000000000044,3.5147786821637834,0
5737,149324,25.25482920490174,30,0.050000000000000044,3.3210037648677826,0
5738,149354,29.34530877311175,30,0.050000000000000044,2.6795607464654103,0
5739,149367,11.91860439010791,13,0.050000000000000044,2.917762120564779,1
5740,149386,17.944982055673982,19,0.050000000000000044,3.317537236213684,1
5741,149402,14.950286961649823,16,0.050000000000000044,2.9200612902641296,1
5742,149425,20.9119885190877,23,0.050000000000000044,2.4542448918024697,1
5743,149449,22.748414006449178,24,0.050000000000000044,3.9484095573425293,1
5744,149466,15.300137107272048,17,0.050000000000000044,2.9610407650470734,1
5745,149487,18.94702876954715,21,0.050000000000000044,3.4335192680358886,1
5746,149498,10.04191163320371,11,0.050000000000000044,3.6415149370829263,1
5747,149528,29.9362794238925,30,0.050000000000000044,3.0471457690000534,0
5748,149540,10.75263117990613,12,0.050000000000000044,2.9724717140197754,1
5749,149546,4.529626512439904,6,0.050000000000000044,4.232348442077637,1
5750,149575,27.158058254796998,29,0.050000000000000044,4.388513905661447,1
5751,149584,7.957166494980669,9,0.050000000000000044,3.221333901087443,1
5752,149593,7.752387234667615,9,0.050000000000000044,3.262422800064087,1
5753,149615,19.756182249903965,22,0.050000000000000044,3.8702908515930177,1
5754,149626,9.959012214701307,11,0.050000000000000044,2.8110178311665854,1
5755,149635,7.95717132690188,9,0.050000000000000044,4.123237609863281,1
5756,149665,29.532399450768004,30,0.050000000000000044,3.662887930870056,0
5757,149686,19.940243736182165,21,0.050000000000000044,3.542920160293579,1
5758,149703,13.26298074102988,17,0.050000000000000044,2.824796974658966,1
5759,149709,4.957177290232426,6,0.050000000000000044,4.102560043334961,1
5760,149734,23.342250792760236,25,0.050000000000000044,3.435141106446584,1
5761,149764,23.98340383441339,30,0.050000000000000044,3.654109299182892,0
5762,149783,16.443031026665352,19,0.050000000000000044,4.289462208747864,1
5763,149806,22.273229359241792,23,0.050000000000000044,3.1764904856681824,1
5764,149834,26.38110349673783,28,0.050000000000000044,3.6688693250928606,1
5765,149864,29.35834027723515,30,0.050000000000000044,3.1657893657684326,0
5766,149885,19.94737922388816,21,0.050000000000000044,3.630742073059082,1
5767,149896,10.273756614350978,11,0.050000000000000044,2.3818842569986978,1
5768,149926,27.155725514107502,30,0.050000000000000044,3.8970575673239574,0
5769,149956,26.79318918249166,30,0.050000000000000044,3.003727525472641,1
5770,149968,10.957161889249791,12,0.050000000000000044,3.4216511249542236,1
5771,149998,29.93945123095322,30,0.050000000000000044,3.6505845274244035,0
5772,150024,22.483225600575906,26,0.050000000000000044,3.2457033736365184,1
5773,150049,23.94208361626909,25,0.050000000000000044,4.039063215255737,1
5774,150057,6.98579040476168,8,0.050000000000000044,4.3000816106796265,1
5775,150066,7.95717132690188,9,0.050000000000000044,1.9264631271362305,1
5776,150083,15.950021408346439,17,0.050000000000000044,4.008410811424255,1
5777,150113,26.17280582769493,30,0.050000000000000044,4.058358520269394,0
5778,150143,28.347957607647373,30,0.050000000000000044,5.048185518809727,0
5779,150160,14.891822681280143,17,0.050000000000000044,4.2693767070770265,1
5780,150190,29.745000126430266,30,0.050000000000000044,3.175311940056937,0
5781,150195,3.560645290765555,5,0.050000000000000044,2.593189239501953,1
5782,150225,29.34331158361646,30,0.050000000000000044,3.2772936075925827,0
5783,150255,28.35148257182309,30,0.050000000000000044,3.0024422918047224,0
5784,150285,29.545068319628086,30,0.050000000000000044,3.392253026366234,0
5785,150293,6.957171472012259,8,0.050000000000000044,3.3967859745025635,1
5786,150323,28.584422549139095,30,0.050000000000000044,4.153715167726789,0
5787,150352,28.25239343653838,29,0.050000000000000044,4.136078238487244,1
5788,150373,20.190232102862275,21,0.050000000000000044,3.5961415767669678,1
5789,150392,17.940279835135073,19,0.050000000000000044,3.3750539779663087,1
5790,150407,13.556079455495945,15,0.050000000000000044,4.34296186765035,1
5791,150418,9.55536154865043,11,0.050000000000000044,3.408501148223877,1
5792,150429,9.154644481044114,11,0.050000000000000044,3.304762681325277,1
5793,150444,14.048285758288214,15,0.050000000000000044,3.8020463585853577,1
5794,150459,13.55162537846091,15,0.050000000000000044,4.367331027984619,1
5795,150479,18.786467067249063,20,0.050000000000000044,3.1617985725402833,1
5796,150487,6.354944070254472,8,0.050000000000000044,4.461302280426025,1
5797,150515,25.74240260649902,28,0.050000000000000044,3.828902840614319,1
5798,150545,29.337114750951145,30,0.050000000000000044,4.292639464139938,0
5799,150557,11.044425706793549,12,0.050000000000000044,4.331039269765218,1
5800,150587,29.740318133657137,30,0.050000000000000044,3.231951253754752,0
5801,150592,4.195340020478854,5,0.050000000000000044,3.167454242706299,1
5802,150606,12.748408668012805,14,0.050000000000000044,3.5071887175242105,1
5803,150617,9.957161890554847,11,0.050000000000000044,3.5559064547220864,1
5804,150620,1.9602091714909529,3,0.050000000000000044,1.9550803899765015,1
5805,150636,14.94610251225051,16,0.050000000000000044,4.4086915254592896,1
5806,150653,14.981787831910205,17,0.050000000000000044,3.077780783176422,1
5807,150681,25.389598977066267,28,0.050000000000000044,3.4619919572557722,1
5808,150692,9.959012214701307,11,0.050000000000000044,2.5508533318837485,1
5809,150722,29.75035284186206,30,0.050000000000000044,2.8166583946772983,0
5810,150740,16.158927060915335,18,0.050000000000000044,4.1418664932250975,1
5811,150770,28.78723364777049,30,0.050000000000000044,3.2444090162004744,0
5812,150788,16.783054215777007,18,0.050000000000000044,4.168843078613281,1
5813,150803,13.946328321775065,15,0.050000000000000044,3.335996468861898,1
5814,150819,14.351220550067136,16,0.050000000000000044,2.8756300806999207,1
5815,150849,29.93445378047776,30,0.050000000000000044,3.1210118532180786,0
5816,150856,5.959013234599721,7,0.050000000000000044,3.5959075689315796,1
5817,150886,28.928690057062322,30,0.050000000000000044,3.441732236317226,1
5818,150913,22.7093081030066,27,0.050000000000000044,3.737053087779454,1
5819,150922,7.955321122089134,9,0.050000000000000044,2.655519485473633,1
5820,150952,27.753966773076,30,0.050000000000000044,3.955782115459442,0
5821,150970,15.990144110839767,18,0.050000000000000044,4.620197653770447,1
5822,150980,7.207991629774417,10,0.050000000000000044,4.297548135121663,1
5823,150984,2.761345535127316,4,0.050000000000000044,4.444141387939453,1
5824,150994,8.854769956791756,10,0.050000000000000044,4.422220349311829,1
5825,151005,9.95530030544503,11,0.050000000000000044,3.058708111445109,1
5826,151035,24.96407886922527,30,0.050000000000000044,3.373767069407872,0
5827,151047,11.19764857748641,12,0.050000000000000044,3.702600638071696,1
5828,151077,29.93181320500928,30,0.050000000000000044,3.268249124288559,0
5829,151085,6.559060797439109,8,0.050000000000000044,3.610904097557068,1
5830,151115,26.961912864071312,30,0.050000000000000044,3.1866766725267683,0
5831,151136,19.945811863835978,21,0.050000000000000044,3.715327819188436,1
5832,151166,29.93790084895249,30,0.050000000000000044,3.776464189801897,0
5833,151175,6.802702913442256,9,0.050000000000000044,4.610851049423218,1
5834,151180,3.782956496471872,5,0.050000000000000044,4.248753786087036,1
5835,151192,10.951347398536198,12,0.050000000000000044,4.687023321787517,1
5836,151222,23.67496608329398,30,0.050000000000000044,4.6758201122283936,0
5837,151237,11.99227265013,15,0.050000000000000044,4.226218640804291,1
5838,151267,27.87764780662799,30,0.050000000000000044,4.142106907708304,0
5839,151278,9.95505781349442,11,0.050000000000000044,5.205584367116292,1
5840,151287,8.191557668512548,9,0.050000000000000044,2.8292802572250366,1
5841,151297,9.072790154693728,10,0.050000000000000044,3.7763262589772544,1
5842,151327,29.52841458650578,30,0.050000000000000044,3.864689997264317,0
5843,151336,7.955574809637088,9,0.050000000000000044,4.190027316411336,1
5844,151366,20.818271170286895,30,0.050000000000000044,3.792386599949428,0
5845,151381,13.947929706314762,15,0.050000000000000044,3.111770749092102,1
5846,151411,29.951886174863443,30,0.050000000000000044,3.992816822869437,0
5847,151436,20.838904332776785,25,0.050000000000000044,3.8233487946646556,1
5848,151454,16.959012213830793,18,0.050000000000000044,3.920329988002777,1
5849,151484,27.010954489950294,30,0.050000000000000044,3.2044962495565414,0
5850,151505,19.87092630899951,21,0.050000000000000044,3.6046013832092285,1
5851,151521,14.951357547973622,16,0.050000000000000044,3.7963642477989197,1
5852,151546,18.46916676545805,25,0.050000000000000044,2.834890385468801,1
5853,151564,17.0485626312491,18,0.050000000000000044,3.7364041805267334,1
5854,151585,14.858856753574702,21,0.050000000000000044,4.12037467956543,1
5855,151615,28.384015840021167,30,0.050000000000000044,3.53747228213719,1
5856,151645,24.38318268562672,30,0.050000000000000044,3.6894970536231995,0
5857,151675,29.741280847417276,30,0.050000000000000044,3.0913224390574863,0
5858,151688,11.752100355262298,13,0.050000000000000044,4.617063522338867,1
5859,151704,14.75210386583425,16,0.050000000000000044,4.307780683040619,1
5860,151734,20.93181818181819,30,0.050000000000000044,3.7293765544891357,0
5861,151764,29.941870610849175,30,0.050000000000000044,4.161451160907745,0
5862,151790,23.528354329629853,26,0.050000000000000044,3.969442447026571,1
5863,151812,20.946571924657704,22,0.050000000000000044,4.189806302388509,1
5864,151842,22.079366968062864,30,0.050000000000000044,3.8405303955078125,0
5865,151849,6.273756788658231,7,0.050000000000000044,4.045055031776428,1
5866,151879,29.73502446695721,30,0.050000000000000044,4.410242012568882,0
5867,151888,7.9553123555244705,9,0.050000000000000044,4.2184499104817705,1
5868,151918,28.951214235802013,30,0.050000000000000044,3.2291008063725064,0
5869,151948,27.470920336863625,30,0.050000000000000044,3.5145276188850403,0
5870,151956,6.750542702861969,8,0.050000000000000044,5.580183982849121,1
5871,151982,22.759856008189864,26,0.050000000000000044,2.983333627382914,1
5872,151985,2.0506338913801305,3,0.050000000000000044,3.0412864685058594,1
5873,152003,15.994553135605784,18,0.050000000000000044,3.37044095993042,1
5874,152023,18.945796664841875,20,0.050000000000000044,2.7940003871917725,1
5875,152038,14.118099273760286,15,0.050000000000000044,3.0651206970214844,1
5876,152057,17.951347289071084,19,0.050000000000000044,3.166573190689087,1
5877,152087,29.938115846635135,30,0.050000000000000044,3.785787514277867,0
5878,152117,27.635355823489448,30,0.050000000000000044,3.9094686806201935,0
5879,152142,19.704527353309132,25,0.050000000000000044,3.0193724632263184,1
5880,152161,17.94369388890472,19,0.050000000000000044,4.092974424362183,1
5881,152177,14.790431384655097,16,0.050000000000000044,4.50481104850769,1
5882,152207,20.937566475464063,30,0.050000000000000044,3.058932968548366,0
5883,152216,7.9590122436400925,9,0.050000000000000044,2.4431559244791665,1
5884,152246,28.677857825539295,30,0.050000000000000044,3.613497018814087,0
5885,152254,6.352353515216601,8,0.050000000000000044,3.3276853561401367,1
5886,152269,13.553508644819143,15,0.050000000000000044,2.6978422701358795,1
5887,152299,29.33704681249819,30,0.050000000000000044,3.3050928115844727,0
5888,152329,20.742314585203896,30,0.050000000000000044,2.7849410474300385,0
5889,152346,15.946354499165414,17,0.050000000000000044,2.9521748423576355,1
5890,152351,3.9553488764532077,5,0.050000000000000044,2.542301654815674,1
5891,152380,27.744026278813386,29,0.050000000000000044,4.259883165359497,1
5892,152394,12.957161889174273,14,0.050000000000000044,3.5441474119822183,1
5893,152424,25.39362951153441,30,0.050000000000000044,3.6646911203861237,0
5894,152454,29.34697946724473,30,0.050000000000000044,3.182657923017229,0
5895,152484,29.354070857001823,30,0.050000000000000044,3.8710762560367584,0
5896,152496,11.265864726743203,12,0.050000000000000044,2.6030139128367105,1
5897,152526,23.94459631165433,30,0.050000000000000044,3.942819595336914,0
5898,152528,1.1211282096181674,2,0.050000000000000044,2.725505828857422,1
5899,152558,29.339572021935222,30,0.050000000000000044,3.067068798201425,0
5900,152577,17.95901221383079,19,0.050000000000000044,2.916292500495911,1
5901,152583,4.957177290232426,6,0.050000000000000044,5.569743633270264,1
5902,152596,11.748687904152186,13,0.050000000000000044,3.1695367097854614,1
5903,152610,11.679974548317434,14,0.050000000000000044,3.9337687492370605,1
5904,152640,27.352445248326482,30,0.050000000000000044,3.0183037519454956,0
5905,152663,21.750240712113193,23,0.050000000000000044,3.345572280883789,1
5906,152684,19.942896586294463,21,0.050000000000000044,3.6715906063715615,1
5907,152697,12.273493502569593,13,0.050000000000000044,3.1674046516418457,1
5908,152717,18.94422580471128,20,0.050000000000000044,3.4356205463409424,1
5909,152747,28.943583519082605,30,0.050000000000000044,3.5575902802603587,0
5910,152777,28.335102807917497,30,0.050000000000000044,3.5101473927497864,0
5911,152784,6.1913879086978625,7,0.050000000000000044,3.6674968004226685,1
5912,152801,15.982049622040396,17,0.050000000000000044,3.625577211380005,1
5913,152825,21.15053650146551,24,0.050000000000000044,3.3881168365478516,1
5914,152851,25.186007427658833,26,0.050000000000000044,4.470504244168599,1
5915,152881,21.780319054210423,30,0.050000000000000044,3.3316549360752106,0
5916,152885,2.7591154181621453,4,0.050000000000000044,4.647347450256348,1
5917,152910,23.95161041568191,25,0.050000000000000044,2.599714994430542,1
5918,152940,27.038686530190812,30,0.050000000000000044,3.52421110868454,0
5919,152958,16.95346581563819,18,0.050000000000000044,4.066268086433411,1
5920,152969,9.786495748699812,11,0.050000000000000044,3.0222779909769693,1
5921,152999,20.77628098750419,30,0.050000000000000044,4.4470080988747736,0
5922,153029,29.745080057704012,30,0.050000000000000044,3.698969855904579,0
5923,153040,9.472246280262203,11,0.050000000000000044,3.3586928049723306,1
5924,153054,11.953141124214472,14,0.050000000000000044,4.552595853805542,1
5925,153060,4.959018187143877,6,0.050000000000000044,4.324111223220825,1
5926,153090,24.061336851818798,30,0.050000000000000044,2.524292996951512,0
5927,153101,9.955583345379036,11,0.050000000000000044,4.1491752465566,1
5928,153131,28.980460413224392,30,0.050000000000000044,2.7934637240001132,0
5929,153157,23.161584444038823,26,0.050000000000000044,3.69832934652056,1
5930,153184,26.1746858389804,27,0.050000000000000044,3.2803608008793423,1
5931,153214,26.961796275008812,30,0.050000000000000044,3.515232971736363,0
5932,153224,9.05015767876046,10,0.050000000000000044,3.5013809204101562,1
5933,153254,29.935753558954467,30,0.050000000000000044,3.3470381668635776,0
5934,153275,19.94764330073613,21,0.050000000000000044,3.5695520401000977,1
5935,153305,27.344394009890944,30,0.050000000000000044,2.9858712553977966,0
5936,153329,22.938126964264022,24,0.050000000000000044,3.236184239387512,1
5937,153352,21.83469145524697,23,0.050000000000000044,3.1012200117111206,1
5938,153374,21.26952870549677,22,0.050000000000000044,3.4930450916290283,1
5939,153390,11.537383538164912,16,0.050000000000000044,3.902970612049103,1
5940,153420,29.949518393578206,30,0.050000000000000044,3.3097560331225395,0
5941,153447,23.36573911358236,27,0.050000000000000044,3.838038206100464,1
5942,153477,26.617099673408813,30,0.050000000000000044,3.906825006008148,0
5943,153487,6.311853146754061,10,0.050000000000000044,2.415974497795105,1
5944,153509,21.038482462587872,22,0.050000000000000044,3.95531964302063,1
5945,153539,26.769146274062734,30,0.050000000000000044,3.667086294719151,0
5946,153563,21.18920354559144,24,0.050000000000000044,3.4622326691945395,1
5947,153570,5.200156468799785,7,0.050000000000000044,2.7311766147613525,1
5948,153594,20.960770174080913,24,0.050000000000000044,2.994563182195028,1
5949,153608,13.271379033854492,14,0.050000000000000044,4.276949346065521,1
5950,153618,9.115427252863878,10,0.050000000000000044,4.1978442668914795,1
5951,153640,20.936580175401584,22,0.050000000000000044,3.5776833295822144,1
5952,153658,16.94735936081296,18,0.050000000000000044,2.7258375883102417,1
5953,153661,1.9602091714909529,3,0.050000000000000044,2.120696544647217,1
5954,153669,6.59922573269158,8,0.050000000000000044,2.997418761253357,1
5955,153699,29.950033197868546,30,0.050000000000000044,4.079915421349662,0
5956,153721,20.993117377227378,22,0.050000000000000044,3.8862934509913125,1
5957,153751,27.365877248255295,30,0.050000000000000044,3.325048123087202,0
5958,153781,29.35344459973475,30,0.050000000000000044,3.1278828158974648,0
5959,153793,11.273497958633762,12,0.050000000000000044,3.9443254470825195,1
5960,153823,27.950972338644984,30,0.050000000000000044,3.4134398869105746,1
5961,153842,15.601242633670115,19,0.050000000000000044,4.294738245010376,1
5962,153866,23.068711042590376,24,0.050000000000000044,4.396723906199138,1
5963,153896,24.54370049688527,30,0.050000000000000044,3.6308875381946564,0
5964,153907,9.95136140401374,11,0.050000000000000044,2.750049352645874,1
5965,153912,3.204545454545454,5,0.050000000000000044,3.1469686031341553,1
5966,153934,17.370331916261247,22,0.050000000000000044,3.0895997047424317,1
5967,153964,26.406735042470732,30,0.050000000000000044,3.6731559187173843,0
5968,153994,29.94767856763109,30,0.050000000000000044,2.8219908135277882,0
5969,154024,26.330801245536964,30,0.050000000000000044,2.8771809488534927,0
5970,154049,23.951636962884958,25,0.050000000000000044,4.66144593556722,1
5971,154070,19.59158511961322,21,0.050000000000000044,2.8402966499328612,1
5972,154081,9.754513395590646,11,0.050000000000000044,4.6241380373636884,1
5973,154095,13.0485401458681,14,0.050000000000000044,4.10955007870992,1
5974,154124,27.951610922650076,29,0.050000000000000044,3.224870517849922,1
5975,154130,4.557413715999861,6,0.050000000000000044,4.197577476501465,1
5976,154153,21.94607048398588,23,0.050000000000000044,3.4311140378316245,1
5977,154160,5.957167485940297,7,0.050000000000000044,3.125012993812561,1
5978,154190,29.93632510478341,30,0.050000000000000044,4.610863753727505,0
5979,154220,29.741130415775164,30,0.050000000000000044,3.276307761669159,0
5980,154248,25.95941372227017,28,0.050000000000000044,3.4768611022404263,1
5981,154278,27.560029702353763,30,0.050000000000000044,3.892147030149187,0
5982,154289,9.953201471374681,11,0.050000000000000044,3.391993443171183,1
5983,154305,15.18151059073824,16,0.050000000000000044,4.270421266555786,1
5984,154314,7.9571620434606185,9,0.050000000000000044,2.8343626260757446,1
5985,154334,18.95160801493337,20,0.050000000000000044,3.810759353637695,1
5986,154364,29.738111785199823,30,0.050000000000000044,3.6248618364334106,0
5987,154371,4.804582538865327,7,0.050000000000000044,4.844977378845215,1
5988,154395,19.771201146345764,24,0.050000000000000044,3.447695275147756,1
5989,154412,15.354640207989393,17,0.050000000000000044,3.1838637828826903,1
5990,154425,12.189801684043584,13,0.050000000000000044,3.395756800969442,1
5991,154454,27.94792195214311,29,0.050000000000000044,3.209142259189061,1
5992,154466,10.746321349698004,12,0.050000000000000044,4.321377833684285,1
5993,154475,7.950039561337422,9,0.050000000000000044,3.52119243144989,1
5994,154485,8.959012218924851,10,0.050000000000000044,3.50895619392395,1
5995,154495,9.074645573449839,10,0.050000000000000044,2.170399308204651,1
5996,154516,18.362171317951027,21,0.050000000000000044,3.642612020174662,1
5997,154527,9.754198813093828,11,0.050000000000000044,1.7122259736061096,1
5998,154557,28.05115887274312,30,0.050000000000000044,3.8984538316726685,0
5999,154565,6.7560701966034316,8,0.050000000000000044,3.880981206893921,1
6000,154577,10.382946840577272,12,0.050000000000000044,3.1715093851089478,1
6001,154587,8.955583349627183,10,0.050000000000000044,4.805690050125122,1
6002,154617,27.54634413797026,30,0.050000000000000044,3.7164707630872726,0
6003,154647,29.344078774678362,30,0.050000000000000044,4.321009363446917,0
6004,154663,14.955574760313244,16,0.050000000000000044,3.822767198085785,1
6005,154693,28.954682567917207,30,0.050000000000000044,3.752723515033722,0
6006,154718,23.282530981270845,25,0.050000000000000044,3.577284097671509,1
6007,154727,7.9590122436400925,9,0.050000000000000044,4.471515655517578,1
6008,154757,28.956919483500744,30,0.050000000000000044,3.514693781733513,0
6009,154787,29.747204990563574,30,0.050000000000000044,3.6708684989384244,0
6010,154809,20.923186993242233,22,0.050000000000000044,3.63342277208964,1
6011,154839,26.59748612457945,30,0.050000000000000044,3.3991921288626537,0
6012,154859,18.74813666767478,20,0.050000000000000044,3.949538016319275,1
6013,154877,16.953197241839373,18,0.050000000000000044,3.7477699279785157,1
6014,154887,7.199439033534173,10,0.050000000000000044,3.5626014471054077,1
6015,154917,29.542665834030885,30,0.050000000000000044,3.5838818848133087,0
6016,154937,19.180208575097254,20,0.050000000000000044,4.587450170516968,1
6017,154967,27.316125516358493,30,0.050000000000000044,3.9544154575892856,0
6018,154997,28.950050655915334,30,0.050000000000000044,3.433418780565262,0
6019,155027,27.94872885496184,30,0.050000000000000044,4.193366936274937,0
6020,155050,21.750789760388304,23,0.050000000000000044,3.561628540356954,1
6021,155068,17.260574014381262,18,0.050000000000000044,3.783098745346069,1
6022,155095,24.185566755483613,27,0.050000000000000044,3.5918248494466147,1
6023,155105,8.95716191389576,10,0.050000000000000044,3.6927667458852134,1
6024,155133,26.33638185322795,28,0.050000000000000044,3.0617851189204623,1
6025,155152,17.984131278874557,19,0.050000000000000044,3.1148262500762938,1
6026,155165,11.592481066504472,13,0.050000000000000044,3.1894046465555825,1
6027,155195,29.953470647479328,30,0.050000000000000044,3.4708759784698486,0
6028,155210,13.191327034693995,15,0.050000000000000044,3.737228572368622,1
6029,155224,12.758307781356233,14,0.050000000000000044,3.556018829345703,1
6030,155254,25.808302791024094,30,0.050000000000000044,3.7645816802978516,0
6031,155284,29.94792147102424,30,0.050000000000000044,3.789700150489807,0
6032,155307,18.082852366492176,23,0.050000000000000044,3.57234411239624,1
6033,155337,29.7487996350418,30,0.050000000000000044,3.8776208460330963,0
6034,155363,24.781323672955583,26,0.050000000000000044,3.775695006052653,1
6035,155393,29.94607164738694,30,0.050000000000000044,3.2138724327087402,0
6036,155402,7.955321399379077,9,0.050000000000000044,2.7761058807373047,1
6037,155415,12.268473507259758,13,0.050000000000000044,1.769644300142924,1
6038,155442,24.02676944647041,27,0.050000000000000044,3.18542150088719,1
6039,155454,10.95346565146719,12,0.050000000000000044,4.7087522347768145,1
6040,155476,21.263977796615922,22,0.050000000000000044,3.523941079775492,1
6041,155502,24.35133922048328,26,0.050000000000000044,3.87002162138621,1
6042,155515,11.955574766406546,13,0.050000000000000044,2.4505600929260254,1
6043,155539,21.959147633473187,24,0.050000000000000044,2.5510633885860443,1
6044,155548,7.95347831148507,9,0.050000000000000044,3.009268283843994,1
6045,155578,29.949497323457436,30,0.050000000000000044,2.854236807141985,0
6046,155583,3.9590471683324666,5,0.050000000000000044,2.2690415382385254,1
6047,155601,15.952356370950534,18,0.050000000000000044,3.6020119190216064,1
6048,155622,18.08386662047291,21,0.050000000000000044,3.2338086128234864,1
6049,155628,4.957177290232426,6,0.050000000000000044,3.2144615650177,1
6050,155644,14.75026561400568,16,0.050000000000000044,4.289052367210388,1
6051,155652,6.959012388268193,8,0.050000000000000044,4.515916585922241,1
6052,155669,13.568728007193437,17,0.050000000000000044,2.6929959654808044,1
6053,155678,8.195798277811447,9,0.050000000000000044,2.959096908569336,1
6054,155708,29.186512531153337,30,0.050000000000000044,3.1411781907081604,0
6055,155718,8.955583349627183,10,0.050000000000000044,4.948601722717285,1
6056,155745,25.781586716478806,27,0.050000000000000044,3.5752555983407155,1
6057,155749,2.9592167598122607,4,0.050000000000000044,5.201175689697266,1
6058,155761,10.948958301810439,12,0.050000000000000044,2.8318578402201333,1
6059,155791,29.15403938676297,30,0.050000000000000044,4.021495069776263,0
6060,155811,19.258986145721785,20,0.050000000000000044,3.4965186595916746,1
6061,155826,12.040445917546467,15,0.050000000000000044,3.4780744314193726,1
6062,155834,6.95532572298056,8,0.050000000000000044,3.449763298034668,1
6063,155864,28.59055151054971,30,0.050000000000000044,2.964550733566284,0
6064,155893,27.947911013075434,29,0.050000000000000044,3.5834078788757324,1
6065,155910,13.577499638103786,17,0.050000000000000044,3.954779267311096,1
6066,155932,20.785025193081992,22,0.050000000000000044,3.316317399342855,1
6067,155962,23.621838731306674,30,0.050000000000000044,3.09381331716265,0
6068,155984,20.718284212187893,22,0.050000000000000044,3.268133799235026,1
6069,155993,7.949534315223204,9,0.050000000000000044,3.140817880630493,1
6070,156023,27.168083364544167,30,0.050000000000000044,3.3122410263334,0
6071,156053,27.240033450520343,30,0.050000000000000044,3.9202124178409576,0
6072,156067,12.160128804172638,14,0.050000000000000044,3.96972648302714,1
6073,156097,29.938183271672816,30,0.050000000000000044,3.5655637979507446,0
6074,156127,29.579895665006912,30,0.050000000000000044,4.219738619668143,0
6075,156148,20.066432400648033,21,0.050000000000000044,4.262062271436055,1
6076,156152,2.7943365791981405,4,0.050000000000000044,4.9117279052734375,1
6077,156182,29.93816285435009,30,0.050000000000000044,2.61168110370636,0
6078,156196,13.119697303934387,14,0.050000000000000044,3.6447449922561646,1
6079,156210,13.112248766233453,14,0.050000000000000044,2.0820581912994385,1
6080,156214,2.9573710298187494,4,0.050000000000000044,3.189236640930176,1
6081,156244,29.34803390393186,30,0.050000000000000044,3.3096867501735687,0
6082,156274,29.937866349678213,30,0.050000000000000044,4.1538021223885675,0
6083,156304,25.027918598248988,30,0.050000000000000044,3.2573846876621246,0
6084,156318,12.947920220097973,14,0.050000000000000044,3.4760445753733316,1
6085,156336,16.95716201365132,18,0.050000000000000044,4.305710411071777,1
6086,156352,14.953473428170923,16,0.050000000000000044,3.959255278110504,1
6087,156371,17.948173105351717,19,0.050000000000000044,2.7668561935424805,1
6088,156401,28.948650994860557,30,0.050000000000000044,3.955183982849121,0
6089,156418,15.95716188968435,17,0.050000000000000044,3.530692756175995,1
6090,156444,24.744438180999353,26,0.050000000000000044,3.7342324938092912,1
6091,156457,11.959012213856212,13,0.050000000000000044,3.832440455754598,1
6092,156487,26.964312779883823,30,0.050000000000000044,4.394793374197824,0
6093,156511,22.955311930698866,24,0.050000000000000044,3.5934787591298423,1
6094,156529,17.186026562690234,18,0.050000000000000044,3.5128787040710447,1
6095,156554,17.67374717362914,25,0.050000000000000044,3.8050871590773263,1
6096,156570,14.955311572552407,16,0.050000000000000044,3.7894654721021652,1
6097,156580,8.95505781789726,10,0.050000000000000044,3.8982338905334473,1
6098,156585,4.121563407283063,5,0.050000000000000044,5.843977928161621,1
6099,156615,28.15772423762318,30,0.050000000000000044,3.264984198978969,0
6100,156645,29.940230963896497,30,0.050000000000000044,3.4299847185611725,0
6101,156675,27.557448899757564,30,0.050000000000000044,3.9941729477473666,1
6102,156691,14.781716994202881,16,0.050000000000000044,3.766114115715027,1
6103,156700,7.951873135636609,9,0.050000000000000044,2.7273680369059243,1
6104,156721,19.953465475326393,21,0.050000000000000044,3.143058681488037,1
6105,156742,16.30140732590333,21,0.050000000000000044,3.033593273162842,1
6106,156758,13.853405062097806,16,0.050000000000000044,3.531293570995331,1
6107,156779,19.75237994665112,21,0.050000000000000044,3.0598193883895872,1
6108,156792,11.9819731964332,13,0.050000000000000044,2.814397469162941,1
6109,156822,29.94236969708625,30,0.050000000000000044,3.280403103147234,0
6110,156833,9.950059443373325,11,0.050000000000000044,3.715907573699951,1
6111,156843,8.949266895261363,10,0.050000000000000044,4.580201864242554,1
6112,156861,16.574189620620448,18,0.050000000000000044,4.019873380661011,1
6113,156891,29.38790066470597,30,0.050000000000000044,2.4113939830235074,0
6114,156902,10.043742740845836,11,0.050000000000000044,3.4560890595118203,1
6115,156910,6.9571666396087695,8,0.050000000000000044,3.5888410806655884,1
6116,156928,16.95531614042349,18,0.050000000000000044,3.21852502822876,1
6117,156932,2.9592167598122607,4,0.050000000000000044,2.7053959369659424,1
6118,156962,26.96239625442207,30,0.050000000000000044,3.5054706845964705,0
6119,156987,23.94369464622005,25,0.050000000000000044,3.4530272483825684,1
6120,157017,29.945805691206182,30,0.050000000000000044,3.5670088827610016,0
6121,157036,17.980694593987135,19,0.050000000000000044,3.254790782928467,1
6122,157060,18.067469702440125,24,0.050000000000000044,3.803760508696238,1
6123,157072,11.121555849723505,12,0.050000000000000044,3.2764408588409424,1
6124,157084,10.95716188931869,12,0.050000000000000044,2.753998339176178,1
6125,157110,22.920540459224764,26,0.050000000000000044,3.252374609311422,1
6126,157140,29.535519143398048,30,0.050000000000000044,2.8954940140247345,0
6127,157152,10.951878739092907,12,0.050000000000000044,2.6666788260142007,1
6128,157164,10.957161892843438,12,0.050000000000000044,3.783278306325277,1
6129,157194,29.937055218580433,30,0.050000000000000044,3.35677855355399,0
6130,157224,25.608262769793228,30,0.050000000000000044,3.2519445419311523,0
6131,157239,13.355532818787172,15,0.050000000000000044,3.3851393858591714,1
6132,157251,10.959012213979552,12,0.050000000000000044,3.284433046976725,1
6133,157273,20.95188352978788,22,0.050000000000000044,3.8112994035085044,1
6134,157296,21.144697858747872,23,0.050000000000000044,3.916126092274984,1
6135,157316,18.940278704998526,20,0.050000000000000044,3.1736355423927307,1
6136,157325,7.955056698263971,9,0.050000000000000044,5.021153092384338,1
6137,157348,21.941314521445925,23,0.050000000000000044,3.9086978435516357,1
6138,157375,22.965234628244783,27,0.050000000000000044,3.662230372428894,1
6139,157405,29.943994215004853,30,0.050000000000000044,3.93122997879982,0
6140,157415,8.951075550550081,10,0.050000000000000044,3.8452885150909424,1
6141,157445,29.750253137790647,30,0.050000000000000044,3.4778268337249756,0
6142,157475,29.94817256067767,30,0.050000000000000044,2.727205991744995,0
6143,157496,20.26979007749688,21,0.050000000000000044,3.3885246912638345,1
6144,157509,10.355533889576968,13,0.050000000000000044,3.2473299503326416,1
6145,157530,19.95901221383079,21,0.050000000000000044,2.586343455314636,1
6146,157543,11.750792493179762,13,0.050000000000000044,3.0011355876922607,1
6147,157559,15.266106858638418,16,0.050000000000000044,3.8307144045829773,1
6148,157572,11.951335203914097,13,0.050000000000000044,2.9889898896217346,1
6149,157596,22.760148577488227,24,0.050000000000000044,2.801038901011149,1
6150,157618,16.099263615546448,22,0.050000000000000044,4.254411888122559,1
6151,157629,9.959012214701307,11,0.050000000000000044,3.608675400416056,1
6152,157637,6.989439821899443,8,0.050000000000000044,3.309813976287842,1
6153,157643,4.953752974851815,6,0.050000000000000044,4.3604021072387695,1
6154,157659,13.05506204924005,16,0.050000000000000044,3.6482608914375305,1
6155,157670,10.27534370743161,11,0.050000000000000044,4.600074291229248,1
6156,157700,29.940542824494443,30,0.050000000000000044,3.8203170895576477,0
6157,157730,29.937914269618382,30,0.050000000000000044,2.826453481401716,0
6158,157760,29.735451222304224,30,0.050000000000000044,3.151561990380287,0
6159,157775,13.951878319952616,15,0.050000000000000044,2.8785020112991333,1
6160,157800,23.93603976524143,25,0.050000000000000044,3.7653914860316684,1
6161,157830,29.745100381397844,30,0.050000000000000044,2.975412828581674,0
6162,157848,15.75292923359976,18,0.050000000000000044,4.17984709739685,1
6163,157857,7.955574796209043,9,0.050000000000000044,3.0896453857421875,1
6164,157866,7.75448121730391,9,0.050000000000000044,3.9410736560821533,1
6165,157876,8.957161915410847,10,0.050000000000000044,4.380194505055745,1
6166,157884,6.794132207654073,8,0.050000000000000044,2.2667298316955566,1
6167,157905,20.0351165279016,21,0.050000000000000044,3.400583600997925,1
6168,157934,27.658045809621672,29,0.050000000000000044,3.353440352848598,1
6169,157953,17.54481004793495,19,0.050000000000000044,4.139520645141602,1
6170,157975,20.553520733123445,22,0.050000000000000044,2.672603416442871,1
6171,157997,20.754598233448068,22,0.050000000000000044,4.069330970446269,1
6172,158013,14.955311567945126,16,0.050000000000000044,2.6818658113479614,1
6173,158026,11.95716188911143,13,0.050000000000000044,2.7609702746073403,1
6174,158042,14.953453747030741,16,0.050000000000000044,3.4423187971115112,1
6175,158072,29.54291597209212,30,0.050000000000000044,4.157445639371872,0
6176,158086,12.557214052424296,14,0.050000000000000044,3.047784129778544,1
6177,158104,16.55594907585237,18,0.050000000000000044,3.5684608459472655,1
6178,158127,21.947668961878314,23,0.050000000000000044,3.3883450031280518,1
6179,158135,6.399249162112374,8,0.050000000000000044,2.9676166772842407,1
6180,158141,4.957172438484455,6,0.050000000000000044,2.478047490119934,1
6181,158171,28.98654079209615,30,0.050000000000000044,3.164337703159877,0
6182,158181,8.957171302104223,10,0.050000000000000044,3.498019536336263,1
6183,158192,9.957162014521833,11,0.050000000000000044,3.4712193409601846,1
6184,158222,27.20045259610921,30,0.050000000000000044,3.419508218765259,0
6185,158246,22.940804398560076,24,0.050000000000000044,3.0849210222562156,1
6186,158255,7.955316177977673,9,0.050000000000000044,2.730355381965637,1
6187,158279,23.117578715880143,24,0.050000000000000044,3.3262773950894675,1
6188,158300,20.116029002351347,21,0.050000000000000044,3.709379037221273,1
6189,158330,29.93231313209728,30,0.050000000000000044,3.3012979371207103,0
6190,158358,26.946085905155226,28,0.050000000000000044,2.981289199420384,1
6191,158387,27.738768480264184,29,0.050000000000000044,3.036489929471697,1
6192,158417,26.763140396384067,30,0.050000000000000044,3.5305484235286713,0
6193,158428,9.594344075541194,11,0.050000000000000044,2.3552283445994058,1
6194,158456,26.929140162801367,28,0.050000000000000044,3.2559749569211687,1
6195,158467,9.762251961065425,11,0.050000000000000044,2.588516414165497,1
6196,158486,17.948198197452967,19,0.050000000000000044,4.340792322158814,1
6197,158502,14.949230780315885,16,0.050000000000000044,3.8918265998363495,1
6198,158521,17.555459035134508,19,0.050000000000000044,3.2491775035858153,1
6199,158551,26.00350166908648,30,0.050000000000000044,2.8538609572819302,0
6200,158576,21.989064355878252,25,0.050000000000000044,4.309808152062552,1
6201,158592,14.951359469109299,16,0.050000000000000044,2.343735545873642,1
6202,158622,29.340649330910217,30,0.050000000000000044,3.429699863706316,0
6203,158635,11.953737595869596,13,0.050000000000000044,3.112303098042806,1
6204,158639,2.9552714163121765,4,0.050000000000000044,1.191135048866272,1
6205,158655,14.955047541079685,16,0.050000000000000044,4.523928165435791,1
6206,158683,26.547796549465343,28,0.050000000000000044,3.4663211618150984,1
6207,158713,29.942106726743386,30,0.050000000000000044,3.9999136924743652,0
6208,158741,26.932580013757924,28,0.050000000000000044,3.559809514454433,1
6209,158763,20.949772985022893,22,0.050000000000000044,3.207672595977783,1
6210,158773,8.953480779583245,10,0.050000000000000044,2.6377446254094443,1
6211,158795,19.56473111633322,22,0.050000000000000044,3.7868857383728027,1
6212,158825,29.93972841468384,30,0.050000000000000044,3.056582421064377,0
6213,158855,28.93448596890876,30,0.050000000000000044,3.011970213481358,1
6214,158866,9.953724848155597,11,0.050000000000000044,2.4399243593215942,1
6215,158894,26.54720049614616,28,0.050000000000000044,2.7177535125187466,1
6216,158916,20.951611420169876,22,0.050000000000000044,3.959407091140747,1
6217,158923,5.754226212458664,7,0.050000000000000044,3.0557901859283447,1
6218,158944,19.150933380903236,21,0.050000000000000044,3.249646226565043,1
6219,158956,10.78278849382692,12,0.050000000000000044,3.059910456339518,1
6220,158978,19.356233764138324,22,0.050000000000000044,3.0401697635650633,1
6221,159008,29.37906879127474,30,0.050000000000000044,2.8389717787504196,0
6222,159038,27.95047826262472,30,0.050000000000000044,3.7139960527420044,0
6223,159068,29.938922170585112,30,0.050000000000000044,3.5741059482097626,0
6224,159087,17.94793060472409,19,0.050000000000000044,4.548868477344513,1
6225,159090,1.9602091714909529,3,0.050000000000000044,3.3340930938720703,1
6226,159120,29.94764543705032,30,0.050000000000000044,3.3512249141931534,0
6227,159137,14.167004048372892,17,0.050000000000000044,3.76531320810318,1
6228,159158,19.946070956163403,21,0.050000000000000044,4.165456676483155,1
6229,159168,8.957161915410847,10,0.050000000000000044,3.6618255774180093,1
6230,159194,24.580848819203712,26,0.050000000000000044,3.470145523548126,1
6231,159211,15.953736174602984,17,0.050000000000000044,2.767216742038727,1
6232,159226,14.115469429604339,15,0.050000000000000044,2.773726463317871,1
6233,159248,16.496558659550693,22,0.050000000000000044,3.6557389895121255,1
6234,159263,13.752388952745953,15,0.050000000000000044,2.025207281112671,1
6235,159285,20.94764340329374,22,0.050000000000000044,4.338794867197673,1
6236,159315,29.14020100722949,30,0.050000000000000044,3.502557635307312,0
6237,159321,4.756095729915731,6,0.050000000000000044,1.7153916954994202,1
6238,159346,23.938155917892406,25,0.050000000000000044,3.917249401410421,1
6239,159355,7.953734281151174,9,0.050000000000000044,3.3912869691848755,1
6240,159359,2.7591154181621453,4,0.050000000000000044,3.9628965854644775,1
6241,159389,29.746826049837207,30,0.050000000000000044,3.3457595258951187,0
6242,159398,7.952138749897095,9,0.050000000000000044,3.695054054260254,1
6243,159428,24.73305060893198,30,0.050000000000000044,3.420139491558075,0
6244,159435,5.95717232116616,7,0.050000000000000044,2.2697904109954834,1
6245,159450,13.95107167309244,15,0.050000000000000044,3.9808788299560547,1
6246,159480,28.154870383380484,30,0.050000000000000044,3.531304895877838,0
6247,159510,29.54287019651456,30,0.050000000000000044,2.787391287939889,0
6248,159540,29.180432406661073,30,0.050000000000000044,3.6468259394168854,0
6249,159560,18.74999031839758,20,0.050000000000000044,3.934323215484619,1
6250,159573,11.72197551124164,13,0.050000000000000044,3.113370418548584,1
6251,159589,14.959012213830917,16,0.050000000000000044,3.666198432445526,1
6252,159617,24.67268412645634,28,0.050000000000000044,3.5781908205577304,1
6253,159622,3.9572063683176055,5,0.050000000000000044,2.356473445892334,1
6254,159639,15.959012213830812,17,0.050000000000000044,4.185670971870422,1
6255,159669,28.39787459712328,30,0.050000000000000044,4.053354889154434,0
6256,159681,10.949242390922464,12,0.050000000000000044,3.1943599383036294,1
6257,159697,12.591431548583795,16,0.050000000000000044,2.2392834275960922,1
6258,159727,29.77908989276086,30,0.050000000000000044,4.427578517368862,0
6259,159757,28.10926002111136,30,0.050000000000000044,3.7005428969860077,0
6260,159766,6.406855266138054,9,0.050000000000000044,3.1764476895332336,1
6261,159795,27.14970621275769,29,0.050000000000000044,3.371860980987549,1
6262,159816,18.161194144692523,21,0.050000000000000044,2.85670006275177,1
6263,159842,24.951356023408305,26,0.050000000000000044,3.569016774495443,1
6264,159845,1.5982070401394535,3,0.050000000000000044,3.7228031158447266,1
6265,159875,29.744958873497673,30,0.050000000000000044,4.432567834854126,0
6266,159882,5.9513827590226125,7,0.050000000000000044,3.885371208190918,1
6267,159905,17.065752750967828,23,0.050000000000000044,4.30954893430074,1
6268,159935,29.931851507397106,30,0.050000000000000044,3.565671409879412,0
6269,159947,10.556247874850394,12,0.050000000000000044,2.886349678039551,1
6270,159958,10.119441458435647,11,0.050000000000000044,3.847062031428019,1
6271,159988,27.150052987769527,30,0.050000000000000044,3.910803258419037,0
6272,160018,29.95531156891884,30,0.050000000000000044,4.1073567526681085,0
6273,160048,25.41589824649386,30,0.050000000000000044,3.290166050195694,0
6274,160065,16.108064213490255,17,0.050000000000000044,3.1008545756340027,1
6275,160075,9.048573194201781,10,0.050000000000000044,2.9877121448516846,1
6276,160087,10.949774979038597,12,0.050000000000000044,3.6428964138031006,1
6277,160103,14.75606815756831,16,0.050000000000000044,4.521838903427124,1
6278,160117,12.00655737999615,14,0.050000000000000044,2.83523228764534,1
6279,160125,7.118682759462343,8,0.050000000000000044,3.675072431564331,1
6280,160148,21.950022347663698,23,0.050000000000000044,4.084816376368205,1
6281,160175,25.94791839398765,27,0.050000000000000044,3.6569864749908447,1
6282,160180,4.195799432352943,5,0.050000000000000044,2.8785126209259033,1
6283,160210,24.49475162699452,30,0.050000000000000044,3.237858976636614,0
6284,160240,24.16660770468834,30,0.050000000000000044,3.9618721902370453,0
6285,160270,29.946059691796147,30,0.050000000000000044,4.35051029069083,0
6286,160289,17.752505164798805,19,0.050000000000000044,4.42378511428833,1
6287,160302,8.936384791828008,13,0.050000000000000044,3.9786177476247153,1
6288,160313,9.955320981378105,11,0.050000000000000044,4.60236136118571,1
6289,160320,5.95717232116616,7,0.050000000000000044,3.7991089820861816,1
6290,160326,4.754243187713328,6,0.050000000000000044,5.690642356872559,1
6291,160336,7.094426975930934,10,0.050000000000000044,3.766796271006266,1
6292,160366,24.96934204561564,30,0.050000000000000044,4.089545726776123,0
6293,160380,10.410301441370844,14,0.050000000000000044,4.483512997627258,1
6294,160393,11.95558334452902,13,0.050000000000000044,4.039383411407471,1
6295,160423,29.542550336837454,30,0.050000000000000044,4.776864869253976,0
6296,160453,24.100421390343385,30,0.050000000000000044,4.076233342289925,0
6297,160458,3.204545454545454,5,0.050000000000000044,5.430482864379883,1
6298,160488,29.934716607238656,30,0.050000000000000044,4.182953387498856,0
6299,160518,29.940013149443562,30,0.050000000000000044,4.130577291761126,0
6300,160525,5.7560751491663416,7,0.050000000000000044,4.909034490585327,1
6301,160536,9.75448103071987,11,0.050000000000000044,3.29328719774882,1
6302,160545,7.955057843661701,9,0.050000000000000044,6.660845518112183,1
6303,160572,25.754597624058665,27,0.050000000000000044,3.8534475224358693,1
6304,160593,19.383300951860406,21,0.050000000000000044,3.285498046875,1
6305,160613,18.947921632175248,20,0.050000000000000044,3.4912483215332033,1
6306,160643,22.91925759288846,30,0.050000000000000044,3.819534965923854,0
6307,160673,25.222966388981256,30,0.050000000000000044,3.26575568318367,0
6308,160687,12.9531973413225,14,0.050000000000000044,3.223398208618164,1
6309,160691,2.957376534134098,4,0.050000000000000044,4.060922622680664,1
6310,160707,14.784863577978962,16,0.050000000000000044,2.920428156852722,1
6311,160712,3.9572063683176055,5,0.050000000000000044,2.5908219814300537,1
6312,160726,13.046460309527744,14,0.050000000000000044,3.939210573832194,1
6313,160728,1.1135108090586514,2,0.050000000000000044,5.77764892578125,1
6314,160744,15.041897976567908,16,0.050000000000000044,3.7613236904144287,1
6315,160774,29.348564569791858,30,0.050000000000000044,3.7369746140071323,0
6316,160804,29.943666979879662,30,0.050000000000000044,3.544234186410904,0
6317,160834,26.282514480901618,30,0.050000000000000044,3.652482509613037,0
6318,160850,14.74813190698559,16,0.050000000000000044,2.945263147354126,1
6319,160869,17.983647730686478,19,0.050000000000000044,3.211455202102661,1
6320,160896,25.937891338089816,27,0.050000000000000044,3.1817760467529297,1
6321,160926,26.06960074224922,30,0.050000000000000044,3.715776034763881,1
6322,160938,9.404221086449263,12,0.050000000000000044,2.892827033996582,1
6323,160948,8.95505781789726,10,0.050000000000000044,4.206526358922322,1
6324,160964,13.82851465774239,16,0.050000000000000044,3.53452605009079,1
6325,160970,4.959018187143877,6,0.050000000000000044,1.2660467624664307,1
6326,160982,11.120532330339758,12,0.050000000000000044,3.747859795888265,1
6327,160995,11.786727223049452,13,0.050000000000000044,3.035683592160543,1
6328,161012,16.108948456516707,17,0.050000000000000044,3.8105157375335694,1
6329,161032,18.741269980188225,20,0.050000000000000044,4.648487949371338,1
6330,161046,12.953480773338129,14,0.050000000000000044,3.8702756563822427,1
6331,161056,9.117094895183579,10,0.050000000000000044,3.843978007634481,1
6332,161067,8.359965916552802,11,0.050000000000000044,4.230946660041809,1
6333,161079,10.75395383164523,12,0.050000000000000044,3.216705083847046,1
6334,161109,29.943725491062416,30,0.050000000000000044,3.7908017933368683,0
6335,161129,15.11430804454017,20,0.050000000000000044,2.364412450790405,1
6336,161150,19.241133699740114,21,0.050000000000000044,2.792188835144043,1
6337,161171,19.95901221383079,21,0.050000000000000044,3.447772741317749,1
6338,161189,16.196616725170127,18,0.050000000000000044,3.161342430114746,1
6339,161219,29.746950682271677,30,0.050000000000000044,2.995715413774763,0
6340,161249,29.547429631940066,30,0.050000000000000044,3.729396641254425,0
6341,161279,29.946602899357316,30,0.050000000000000044,4.014095646994455,0
6342,161309,29.182036767782996,30,0.050000000000000044,4.007267385721207,0
6343,161336,25.335875777922443,27,0.050000000000000044,3.182072332927159,1
6344,161366,29.949232962774687,30,0.050000000000000044,3.5955262184143066,0
6345,161393,25.94552033198702,27,0.050000000000000044,3.64639949798584,1
6346,161412,17.786454264297863,19,0.050000000000000044,3.1561979055404663,1
6347,161433,20.110190335701702,21,0.050000000000000044,3.3578952312469483,1
6348,161463,29.735036561812805,30,0.050000000000000044,2.402688128607614,0
6349,161478,13.756068259896258,15,0.050000000000000044,4.024029850959778,1
6350,161489,10.117600279639605,11,0.050000000000000044,3.866952578226725,1
6351,161519,29.93732072768569,30,0.050000000000000044,3.729469350406102,0
6352,161539,18.350699953920515,20,0.050000000000000044,3.044637894630432,1
6353,161550,9.955574761378399,11,0.050000000000000044,3.1665770212809243,1
6354,161580,29.937371995115477,30,0.050000000000000044,3.7242313474416733,0
6355,161605,23.14946810050247,25,0.050000000000000044,2.9410141110420227,1
6356,161616,9.98943982325162,11,0.050000000000000044,2.9247031609217324,1
6357,161623,6.189440713202522,7,0.050000000000000044,2.7643966674804688,1
6358,161640,15.780943950105623,17,0.050000000000000044,3.7522233009338377,1
6359,161669,26.34938060895404,29,0.050000000000000044,3.244858877999442,1
6360,161677,6.7526358098218315,8,0.050000000000000044,4.281745672225952,1
6361,161683,4.959018187143877,6,0.050000000000000044,3.2266504764556885,1
6362,161704,19.751173984343637,21,0.050000000000000044,3.522784431775411,1
6363,161734,28.999647335237213,30,0.050000000000000044,4.442244018827166,0
6364,161750,14.55576865492345,16,0.050000000000000044,3.1857750713825226,1
6365,161767,15.552463310879084,17,0.050000000000000044,4.409749388694763,1
6366,161784,15.788304595892638,17,0.050000000000000044,3.467071533203125,1
6367,161812,26.943130163972224,28,0.050000000000000044,3.9257658209119524,1
6368,161827,13.950303374987646,15,0.050000000000000044,3.0552070140838623,1
6369,161840,11.947944632194945,13,0.050000000000000044,3.9313910007476807,1
6370,161870,29.93705669408177,30,0.050000000000000044,2.73407895224435,0
6371,161883,11.951883184617756,13,0.050000000000000044,3.6132354736328125,1
6372,161895,9.611685072131971,12,0.050000000000000044,4.277016560236613,1
6373,161925,29.53929388414412,30,0.050000000000000044,3.389645427465439,0
6374,161934,7.9875896228466985,9,0.050000000000000044,4.152909755706787,1
6375,161942,6.5532517048862085,8,0.050000000000000044,2.624650001525879,1
6376,161972,28.952307055291353,30,0.050000000000000044,3.2231012284755707,0
6377,162002,26.252738366063628,30,0.050000000000000044,4.204851967947824,0
6378,162010,6.957162086763046,8,0.050000000000000044,4.0617969036102295,1
6379,162016,4.957168599026561,6,0.050000000000000044,1.7525506019592285,1
6380,162029,11.947363602098518,13,0.050000000000000044,3.2744847933451333,1
6381,162050,16.974222744777876,21,0.050000000000000044,3.584941101074219,1
6382,162071,19.949495166960805,21,0.050000000000000044,3.2696958065032957,1
6383,162101,27.18653987937491,30,0.050000000000000044,3.3739685267210007,0
6384,162125,22.941544375205847,24,0.050000000000000044,4.444629828135173,1
6385,162155,29.73493715711504,30,0.050000000000000044,3.2181481293269565,0
6386,162179,22.9424054426441,24,0.050000000000000044,4.494673569997151,1
6387,162209,25.449343279995627,30,0.050000000000000044,3.336684435606003,0
6388,162224,13.406132978818647,15,0.050000000000000044,4.070635557174683,1
6389,162247,21.743250509265195,23,0.050000000000000044,3.9583829402923585,1
6390,162263,14.951610184449947,16,0.050000000000000044,3.4099618196487427,1
6391,162277,12.955056668459017,14,0.050000000000000044,3.8853372931480408,1
6392,162307,29.73476437925319,30,0.050000000000000044,4.2574494906834195,0
6393,162337,29.93421246079147,30,0.050000000000000044,3.077925682067871,0
6394,162361,22.73947128271724,24,0.050000000000000044,2.452732483545939,1
6395,162389,27.02792231520877,28,0.050000000000000044,3.9501183373587474,1
6396,162401,11.193959983548604,12,0.050000000000000044,4.013765176137288,1
6397,162414,11.95716188911143,13,0.050000000000000044,3.106622815132141,1
6398,162435,20.186801436197925,21,0.050000000000000044,2.915817880630493,1
6399,162465,29.945795234033355,30,0.050000000000000044,3.8990971744060516,0
6400,162486,19.555285794498182,21,0.050000000000000044,3.3222615718841553,1
6401,162516,29.939165385828538,30,0.050000000000000044,3.4111812114715576,0
6402,162546,26.639683616059763,30,0.050000000000000044,3.8475261075156078,0
6403,162576,28.537658587393047,30,0.050000000000000044,3.812253475189209,1
6404,162589,11.760148578214334,13,0.050000000000000044,2.5874441464742026,1
6405,162595,4.957172438484455,6,0.050000000000000044,2.4674720764160156,1
6406,162625,28.82108268447031,30,0.050000000000000044,3.696643203496933,0
6407,162655,28.986779206351965,30,0.050000000000000044,3.5624260221208846,0
6408,162685,29.340642628106774,30,0.050000000000000044,4.343771353363991,0
6409,162694,7.957166494980669,9,0.050000000000000044,2.3132745027542114,1
6410,162703,7.792277712186989,9,0.050000000000000044,4.305944919586182,1
6411,162715,10.95504754248432,12,0.050000000000000044,3.299569924672445,1
6412,162723,7.193684183180916,8,0.050000000000000044,2.8181731700897217,1
6413,162729,4.794138006529757,6,0.050000000000000044,3.5202527046203613,1
6414,162759,26.329973069816955,30,0.050000000000000044,3.1335068345069885,0
6415,162789,29.74156372585444,30,0.050000000000000044,3.007283702492714,0
6416,162819,27.75928749451681,30,0.050000000000000044,3.731044258390154,0
6417,162849,29.929673217889622,30,0.050000000000000044,3.752470999956131,0
6418,162868,17.951621894844838,19,0.050000000000000044,3.6358943939208985,1
6419,162887,17.947394623728925,19,0.050000000000000044,3.5648918747901917,1
6420,162898,9.547679208845281,11,0.050000000000000044,3.6443984508514404,1
6421,162909,9.955312297883633,11,0.050000000000000044,3.0251139799753823,1
6422,162933,22.54768109792026,24,0.050000000000000044,4.10809850692749,1
6423,162936,2.275558352315916,3,0.050000000000000044,3.2888424396514893,1
6424,162966,29.741509670482756,30,0.050000000000000044,3.5065845251083374,0
6425,162992,25.05565241513505,26,0.050000000000000044,2.803462641579764,1
6426,163022,29.945266365604947,30,0.050000000000000044,3.878530195781163,0
6427,163052,28.999861968620905,30,0.050000000000000044,4.435472100973129,0
6428,163077,21.04970373716177,25,0.050000000000000044,4.405875484148662,1
6429,163107,26.156536702823942,30,0.050000000000000044,3.6150944232940674,1
6430,163116,8.117603816818557,9,0.050000000000000044,4.422773520151774,1
6431,163146,27.718095711819423,30,0.050000000000000044,3.1829291752406528,0
6432,163157,9.95716189356519,11,0.050000000000000044,3.927424430847168,1
6433,163162,3.2023098115942545,5,0.050000000000000044,4.232201099395752,1
6434,163188,24.975415847886424,26,0.050000000000000044,3.4696620532444546,1
6435,163218,29.948194490554272,30,0.050000000000000044,4.560355697359357,0
6436,163236,16.94737967882385,18,0.050000000000000044,3.512903356552124,1
6437,163266,29.945805343986386,30,0.050000000000000044,3.5935513292040144,0
6438,163282,14.943674288593545,16,0.050000000000000044,2.941649854183197,1
6439,163291,7.552733866256135,9,0.050000000000000044,3.4486451148986816,1
6440,163312,19.97569623142335,21,0.050000000000000044,4.069403092066447,1
6441,163329,14.202617874876498,17,0.050000000000000044,3.7023701071739197,1
6442,163343,12.947387141272023,14,0.050000000000000044,4.3730575243632,1
6443,163373,29.740761542830775,30,0.050000000000000044,2.999454915523529,0
6444,163398,23.74823512637857,25,0.050000000000000044,3.8682221174240112,1
6445,163428,22.157769417621978,30,0.050000000000000044,3.522363841533661,0
6446,163458,28.76028316941699,30,0.050000000000000044,3.647578648158482,0
6447,163479,19.98069367331845,21,0.050000000000000044,3.0925048828125,1
6448,163509,29.943170322641706,30,0.050000000000000044,3.729429990053177,0
6449,163539,28.70878362769952,30,0.050000000000000044,3.7525562899453297,0
6450,163560,18.400102948742735,21,0.050000000000000044,2.8580945233503976,1
6451,163590,23.108339014831728,30,0.050000000000000044,3.447308131626674,0
6452,163604,12.357557993779825,14,0.050000000000000044,4.135405659675598,1
6453,163634,28.501845867883755,30,0.050000000000000044,3.4090096269335066,0
6454,163664,27.48422331646142,30,0.050000000000000044,3.671253338456154,0
6455,163678,12.952125162793257,14,0.050000000000000044,4.402105331420898,1
6456,163708,26.719319524553104,30,0.050000000000000044,4.22513934969902,1
6457,163720,10.951870768385142,12,0.050000000000000044,3.6620933214823403,1
6458,163750,24.858343478263087,30,0.050000000000000044,3.9953414712633406,0
6459,163763,11.949781767878841,13,0.050000000000000044,3.518970568974813,1
6460,163787,22.1478986450009,24,0.050000000000000044,4.008230845133464,1
6461,163806,17.953724439194733,19,0.050000000000000044,3.893123817443848,1
6462,163817,8.95256199260313,11,0.050000000000000044,3.866178592046102,1
6463,163847,23.745204732586917,30,0.050000000000000044,2.8218603304454257,0
6464,163871,18.811663581881923,24,0.050000000000000044,4.482337594032288,1
6465,163881,8.955311709109148,10,0.050000000000000044,3.588179349899292,1
6466,163911,29.940492216828833,30,0.050000000000000044,3.5024706295558383,0
6467,163938,23.358115400275775,27,0.050000000000000044,3.5032993384769986,1
6468,163968,28.029411640145526,30,0.050000000000000044,4.164107233285904,0
6469,163991,21.74261222975498,23,0.050000000000000044,2.6962793588638307,1
6470,164009,16.97381265322962,18,0.050000000000000044,3.740843391418457,1
6471,164039,29.936295067750006,30,0.050000000000000044,2.861289279801505,0
6472,164058,17.555469944896984,19,0.050000000000000044,3.6203779697418215,1
6473,164080,21.106453458736183,22,0.050000000000000044,4.71272349357605,1
6474,164090,8.959012218924851,10,0.050000000000000044,3.442713975906372,1
6475,164099,7.955056698263971,9,0.050000000000000044,3.827693819999695,1
6476,164114,13.750252635408698,15,0.050000000000000044,3.866822063922882,1
6477,164142,24.951898926374824,28,0.050000000000000044,3.7176337582724437,1
6478,164153,9.550634844258457,11,0.050000000000000044,3.308071772257487,1
6479,164162,7.559436373736384,9,0.050000000000000044,3.3773062229156494,1
6480,164192,27.633713176708373,30,0.050000000000000044,3.3021644204854965,0
6481,164222,29.147350145903474,30,0.050000000000000044,3.3915065016065324,0
6482,164252,28.34595517686423,30,0.050000000000000044,3.352155864238739,0
6483,164277,16.79790734742016,25,0.050000000000000044,3.9531279802322388,1
6484,164285,6.957162800132125,8,0.050000000000000044,3.5193533897399902,1
6485,164294,7.949789657143185,9,0.050000000000000044,1.9517520666122437,1
6486,164324,27.562894633173133,30,0.050000000000000044,4.071966350078583,0
6487,164354,28.432737315130336,30,0.050000000000000044,3.9062893050057546,0
6488,164361,6.273486489314548,7,0.050000000000000044,4.299582481384277,1
6489,164391,25.648526338746592,30,0.050000000000000044,3.573916026524135,0
6490,164407,13.288677906180013,16,0.050000000000000044,4.614007949829102,1
6491,164437,28.546734427879635,30,0.050000000000000044,3.271820545196533,0
6492,164459,17.44118122095091,22,0.050000000000000044,2.5973396062850953,1
6493,164484,24.036693846199263,25,0.050000000000000044,3.6682608468191966,1
6494,164514,25.870103678134946,30,0.050000000000000044,3.233953135354178,0
6495,164524,6.811472401523536,10,0.050000000000000044,4.438040097554524,1
6496,164528,2.9592167598122607,4,0.050000000000000044,4.369524955749512,1
6497,164540,10.235478407198766,12,0.050000000000000044,3.3301018873850503,1
6498,164570,29.753031962556896,30,0.050000000000000044,3.6164498329162598,0
6499,164595,23.552032898080167,25,0.050000000000000044,3.4582592248916626,1
6500,164616,19.743629092301322,21,0.050000000000000044,3.745906432469686,1
6501,164636,18.15579058492616,20,0.050000000000000044,2.7690462112426757,1
6502,164647,9.953744720573555,11,0.050000000000000044,3.5214638710021973,1
6503,164665,16.346201564909386,18,0.050000000000000044,3.52122220993042,1
6504,164683,16.754229875058257,18,0.050000000000000044,2.9305431842803955,1
6505,164713,29.739407726582574,30,0.050000000000000044,3.344141975045204,0
6506,164730,15.951873773822081,17,0.050000000000000044,3.389862298965454,1
6507,164742,10.953196961845508,12,0.050000000000000044,4.329866409301758,1
6508,164749,6.195335627829227,7,0.050000000000000044,4.319255471229553,1
6509,164779,26.21388242129782,30,0.050000000000000044,3.3816690104348317,0
6510,164786,6.19764870958798,7,0.050000000000000044,3.8007924556732178,1
6511,164816,29.93999326434942,30,0.050000000000000044,4.338336497545242,0
6512,164832,14.788776953594436,16,0.050000000000000044,3.3206822872161865,1
6513,164860,24.53971524862967,28,0.050000000000000044,3.5223987102508545,1
6514,164876,12.516225162222792,16,0.050000000000000044,3.432049423456192,1
6515,164894,16.54666097892902,18,0.050000000000000044,2.3926810026168823,1
6516,164915,19.953449190668145,21,0.050000000000000044,3.2002586841583254,1
6517,164917,1.2765543816746459,2,0.050000000000000044,1.848099708557129,1
6518,164928,9.950031751791585,11,0.050000000000000044,3.6513065497080484,1
6519,164958,28.06330455817137,30,0.050000000000000044,3.320347019604274,0
6520,164968,8.95716191389576,10,0.050000000000000044,3.7518363793691,1
6521,164974,5.193827301170644,6,0.050000000000000044,3.8946523666381836,1
6522,164998,22.93606360927733,24,0.050000000000000044,3.1284658114115396,1
6523,165014,14.95134693325708,16,0.050000000000000044,4.008280634880066,1
6524,165020,4.957168599026561,6,0.050000000000000044,4.234962701797485,1
6525,165050,29.749059195722687,30,0.050000000000000044,3.8258584567478726,0
6526,165060,7.759735390438148,10,0.050000000000000044,3.6804137229919434,1
6527,165065,3.9590471683324666,5,0.050000000000000044,3.504141330718994,1
6528,165080,13.718154475473968,15,0.050000000000000044,2.74309378862381,1
6529,165110,29.746410138319156,30,0.050000000000000044,3.589917080742972,0
6530,165122,10.951071385073238,12,0.050000000000000044,2.5150895913441977,1
6531,165137,13.35304905893831,15,0.050000000000000044,3.4296948313713074,1
6532,165144,5.794133053985601,7,0.050000000000000044,3.47594952583313,1
6533,165161,15.95028431016509,17,0.050000000000000044,4.451313376426697,1
6534,165191,26.152027087834146,30,0.050000000000000044,3.585615413529532,1
6535,165214,17.573939095440576,23,0.050000000000000044,3.2465528647104898,1
6536,165228,12.953197472618482,14,0.050000000000000044,2.706275522708893,1
6537,165258,29.33918226362954,30,0.050000000000000044,2.748122419629778,0
6538,165288,29.938370382890632,30,0.050000000000000044,2.714055970311165,0
6539,165303,13.946083076937162,15,0.050000000000000044,4.7140631675720215,1
6540,165313,9.119709402276523,10,0.050000000000000044,3.4856859842936196,1
6541,165320,5.95716295071267,7,0.050000000000000044,3.365474224090576,1
6542,165337,15.356024803094368,17,0.050000000000000044,3.2265650629997253,1
6543,165358,19.949509134467533,21,0.050000000000000044,3.9827895641326903,1
6544,165363,4.277200005325695,5,0.050000000000000044,2.6529428958892822,1
6545,165393,29.93523017912023,30,0.050000000000000044,3.926629900932312,0
6546,165415,16.31953666520224,22,0.050000000000000044,3.1273288488388062,1
6547,165445,29.034805656761485,30,0.050000000000000044,3.424192398786545,1
6548,165468,20.55853268999568,23,0.050000000000000044,2.99314953883489,1
6549,165475,5.952151181108103,7,0.050000000000000044,3.2493607997894287,1
6550,165481,4.951394706968365,6,0.050000000000000044,2.9583696126937866,1
6551,165495,12.547954572468177,14,0.050000000000000044,3.5785678227742515,1
6552,165505,8.955047553638064,10,0.050000000000000044,4.004358609517415,1
6553,165514,7.9571620434606185,9,0.050000000000000044,3.676337242126465,1
6554,165528,12.75645342567251,14,0.050000000000000044,3.653358042240143,1
6555,165539,9.790431018544865,11,0.050000000000000044,3.418083906173706,1
6556,165555,14.55761884631572,16,0.050000000000000044,3.7826547026634216,1
6557,165566,9.952148674544938,11,0.050000000000000044,3.524577538172404,1
6558,165579,11.9534853672775,13,0.050000000000000044,4.033622185389201,1
6559,165586,5.989439815306069,7,0.050000000000000044,4.18488073348999,1
6560,165616,29.350654900027397,30,0.050000000000000044,4.613243639469147,0
6561,165646,29.35502945466697,30,0.050000000000000044,3.5583588906696866,0
6562,165670,21.991005386330144,24,0.050000000000000044,4.613900780677795,1
6563,165700,28.19210350533343,30,0.050000000000000044,2.6664003282785416,0
6564,165711,8.36178146505055,11,0.050000000000000044,4.211902379989624,1
6565,165733,20.945800515362247,22,0.050000000000000044,3.2721747557322183,1
6566,165745,10.946838715321022,12,0.050000000000000044,4.159138202667236,1
6567,165775,27.593341619092225,30,0.050000000000000044,3.6210122449057445,1
6568,165786,9.959012214701307,11,0.050000000000000044,4.927938779195149,1
6569,165794,6.955309127512147,8,0.050000000000000044,3.928797721862793,1
6570,165797,1.9602091714909529,3,0.050000000000000044,2.2834086418151855,1
6571,165813,14.944506025503179,16,0.050000000000000044,3.132328689098358,1
6572,165843,27.553661602544974,30,0.050000000000000044,4.114919424057007,0
6573,165862,16.28458622909974,19,0.050000000000000044,4.233663749694824,1
6574,165874,10.984203102900922,12,0.050000000000000044,4.287959257761638,1
6575,165877,1.9602091714909529,3,0.050000000000000044,3.6132960319519043,1
6576,165907,28.536451251586357,30,0.050000000000000044,3.1593124866485596,0
6577,165937,29.95531194067046,30,0.050000000000000044,3.067848816514015,0
6578,165950,11.557251907635582,13,0.050000000000000044,3.863297462463379,1
6579,165955,3.9590471683324666,5,0.050000000000000044,3.4135701656341553,1
6580,165972,15.198976166157728,17,0.050000000000000044,4.074179363250733,1
6581,165995,21.94950777988366,23,0.050000000000000044,2.9876238107681274,1
6582,166001,4.957177290232426,6,0.050000000000000044,2.9839924573898315,1
6583,166011,8.79537820739736,10,0.050000000000000044,2.6644821166992188,1
6584,166032,19.77657217935823,21,0.050000000000000044,2.4290923476219177,1
6585,166039,5.959013234599721,7,0.050000000000000044,2.5151164531707764,1
6586,166064,21.80272956704351,25,0.050000000000000044,3.4038933345249722,1
6587,166073,7.9550478267863385,9,0.050000000000000044,3.8146530389785767,1
6588,166099,24.953729011656264,26,0.050000000000000044,4.218540986378987,1
6589,166129,27.24153939116806,30,0.050000000000000044,2.7719155699014664,0
6590,166156,24.750013598305692,27,0.050000000000000044,3.1248655319213867,1
6591,166186,27.59503578065415,30,0.050000000000000044,3.561399391719273,0
6592,166193,5.084232592308686,7,0.050000000000000044,4.993967294692993,1
6593,166199,4.980328661716946,6,0.050000000000000044,3.8645682334899902,1
6594,166204,3.9590471683324666,5,0.050000000000000044,3.02157324552536,1
6595,166229,23.743228686012884,25,0.050000000000000044,4.0249481201171875,1
6596,166259,25.804369436739613,30,0.050000000000000044,2.3556859152657643,0
6597,166289,27.072345463078715,30,0.050000000000000044,3.6342359483242035,0
6598,166294,3.761175943647523,5,0.050000000000000044,4.099205493927002,1
6599,166298,2.7591154181621453,4,0.050000000000000044,2.1076769828796387,1
6600,166321,21.949759982166793,23,0.050000000000000044,3.215613603591919,1
6601,166335,13.0485623743685,14,0.050000000000000044,2.941580613454183,1
6602,166342,5.95716303443921,7,0.050000000000000044,3.458553194999695,1
6603,166347,3.9572063683176055,5,0.050000000000000044,1.4882882833480835,1
6604,166363,14.91802990771109,16,0.050000000000000044,3.8487207293510437,1
6605,166378,10.265943827396766,15,0.050000000000000044,4.329129576683044,1
6606,166393,13.951361255558998,15,0.050000000000000044,5.646897792816162,1
6607,166405,10.402715818542744,12,0.050000000000000044,2.569576064745585,1
6608,166423,14.762695530361581,18,0.050000000000000044,2.776583641767502,1
6609,166453,29.378055394596785,30,0.050000000000000044,3.366666615009308,0
6610,166475,17.529676738970036,22,0.050000000000000044,3.70158166885376,1
6611,166500,23.943691232589728,25,0.050000000000000044,3.1008998325892856,1
6612,166530,24.565202360419143,30,0.050000000000000044,3.422271966934204,0
6613,166560,29.54905765525993,30,0.050000000000000044,3.399813026189804,0
6614,166588,26.9381749903195,28,0.050000000000000044,3.451774392809187,1
6615,166605,15.955311559781329,17,0.050000000000000044,3.281659036874771,1
6616,166625,16.483959425045917,20,0.050000000000000044,3.0228422403335573,1
6617,166655,29.941836980868487,30,0.050000000000000044,3.6145773274557933,0
6618,166664,7.953442142007427,9,0.050000000000000044,3.6308399041493735,1
6619,166687,21.75459910586733,23,0.050000000000000044,4.0540862560272215,1
6620,166695,6.959012388268193,8,0.050000000000000044,4.101413249969482,1
6621,166713,16.9516336808452,18,0.050000000000000044,3.2971818447113037,1
6622,166721,6.9553282033276105,8,0.050000000000000044,3.259012818336487,1
6623,166745,22.836523727950834,24,0.050000000000000044,2.9971683422724404,1
6624,166775,26.570686563362997,30,0.050000000000000044,3.9580839702061246,0
6625,166794,17.95002314283942,19,0.050000000000000044,2.999167490005493,1
6626,166811,15.581091666189666,17,0.050000000000000044,3.0241411328315735,1
6627,166841,29.93787509060773,30,0.050000000000000044,3.7906433045864105,0
6628,166861,17.359275105675952,20,0.050000000000000044,3.7483813762664795,1
6629,166891,28.944485094592366,30,0.050000000000000044,4.252909353801182,1
6630,166893,1.1211282096181674,2,0.050000000000000044,3.7685751914978027,1
6631,166902,8.052262903946081,9,0.050000000000000044,4.542483568191528,1
6632,166932,25.530274133075977,30,0.050000000000000044,2.8623349368572235,0
6633,166943,9.952137263175125,11,0.050000000000000044,4.358064413070679,1
6634,166949,5.074256071826679,6,0.050000000000000044,2.454124331474304,1
6635,166979,25.771995749195188,30,0.050000000000000044,3.196931634630476,0
6636,166996,15.949505995629973,17,0.050000000000000044,3.0567194700241087,1
6637,167026,29.937108011833978,30,0.050000000000000044,3.4576920781816756,0
6638,167035,7.949509540575745,9,0.050000000000000044,2.6489851474761963,1
6639,167065,28.347206071641796,30,0.050000000000000044,3.5802844017744064,0
6640,167095,26.247905436786915,30,0.050000000000000044,4.654089995792934,0
6641,167108,11.792281697419618,13,0.050000000000000044,4.207889795303345,1
6642,167130,20.94024288021678,22,0.050000000000000044,3.588517951965332,1
6643,167158,26.74481097897278,28,0.050000000000000044,4.324789932795933,1
6644,167178,19.270067994048482,20,0.050000000000000044,3.4264799833297728,1
6645,167197,17.866668507946528,19,0.050000000000000044,3.649830961227417,1
6646,167217,18.94553095228609,20,0.050000000000000044,4.304104828834534,1
6647,167247,29.9479212336944,30,0.050000000000000044,3.847544159208025,0
6648,167265,17.035312268631554,18,0.050000000000000044,2.929270029067993,1
6649,167283,14.28622323674389,18,0.050000000000000044,3.194567561149597,1
6650,167313,29.92233603146829,30,0.050000000000000044,3.83027446269989,0
6651,167327,13.043202402562487,14,0.050000000000000044,4.088418324788411,1
6652,167336,6.402773087328939,9,0.050000000000000044,2.855030655860901,1
6653,167365,27.942115662005122,29,0.050000000000000044,3.948934861591884,1
6654,167375,8.955316153243428,10,0.050000000000000044,5.165100336074829,1
6655,167387,10.955320977643956,12,0.050000000000000044,4.524825652440389,1
6656,167417,26.56079846591593,30,0.050000000000000044,3.9068216383457184,0
6657,167425,6.9553282033276105,8,0.050000000000000044,3.384638786315918,1
6658,167438,11.397279685181365,13,0.050000000000000044,3.4401639302571616,1
6659,167468,26.154155404668703,30,0.050000000000000044,3.9124232679605484,1
6660,167477,8.117596143594039,9,0.050000000000000044,4.199623107910156,1
6661,167484,4.801974457252438,7,0.050000000000000044,2.989674925804138,1
6662,167495,9.353068373932263,11,0.050000000000000044,3.070171356201172,1
6663,167525,28.938692706765952,30,0.050000000000000044,3.886004701256752,0
6664,167551,24.94578416100284,26,0.050000000000000044,3.6838672161102295,1
6665,167573,18.196698966401062,22,0.050000000000000044,3.504070540269216,1
6666,167603,27.000684880061442,30,0.050000000000000044,3.60571094921657,0
6667,167609,4.953983120337682,6,0.050000000000000044,3.138443946838379,1
6668,167639,28.16434850163001,30,0.050000000000000044,4.036065237862723,0
6669,167655,14.947094232443078,16,0.050000000000000044,2.769487679004669,1
6670,167683,23.089177432366974,28,0.050000000000000044,3.31219026020595,1
6671,167701,15.56077671599611,18,0.050000000000000044,3.1138354539871216,1
6672,167730,27.937891246751473,29,0.050000000000000044,2.7214166607175554,1
6673,167743,10.754887313810848,13,0.050000000000000044,3.0176146030426025,1
6674,167758,14.052263023752358,15,0.050000000000000044,4.646180629730225,1
6675,167783,23.937635589777397,25,0.050000000000000044,3.29985104004542,1
6676,167813,28.947687375042936,30,0.050000000000000044,3.3573895692825317,0
6677,167843,28.665269570073836,30,0.050000000000000044,3.7485158443450928,0
6678,167860,15.955574760312404,17,0.050000000000000044,3.5052579402923585,1
6679,167890,29.940272232477632,30,0.050000000000000044,4.583455324172974,0
6680,167905,13.557199003761587,15,0.050000000000000044,3.892996668815613,1
6681,167935,26.61046810273908,30,0.050000000000000044,3.2007811750684465,0
6682,167965,25.893588798410157,30,0.050000000000000044,4.14057520031929,0
6683,167988,21.942370927855706,23,0.050000000000000044,4.173750837643941,1
6684,167994,4.957177290232426,6,0.050000000000000044,1.4514598846435547,1
6685,168008,12.952921548227843,14,0.050000000000000044,3.3087955713272095,1
6686,168038,29.74693533853079,30,0.050000000000000044,3.1394266401018416,0
6687,168055,15.842155829855088,17,0.050000000000000044,4.177011847496033,1
6688,168070,13.552990510328927,15,0.050000000000000044,3.3838047981262207,1
6689,168076,4.957168006567855,6,0.050000000000000044,4.284640908241272,1
6690,168099,21.750245777875293,23,0.050000000000000044,2.885179948806763,1
6691,168129,29.938669958718584,30,0.050000000000000044,3.2778269350528717,0
6692,168147,16.764101548591363,18,0.050000000000000044,3.603180766105652,1
6693,168177,24.497766876265597,30,0.050000000000000044,3.6329645216464996,0
6694,168199,20.779086807601075,22,0.050000000000000044,3.302797222137451,1
6695,168229,28.35635123208873,30,0.050000000000000044,2.810943752527237,0
6696,168259,28.77972965002892,30,0.050000000000000044,2.9126284292766025,0
6697,168289,29.336935302219686,30,0.050000000000000044,4.307490915060043,0
6698,168319,26.98631667726881,30,0.050000000000000044,3.64870091847011,0
6699,168349,26.17295989280782,30,0.050000000000000044,3.784353718161583,0
6700,168357,6.959012388268193,8,0.050000000000000044,3.163821816444397,1
6701,168366,7.955328058699507,9,0.050000000000000044,4.380549788475037,1
6702,168377,10.185875747426314,11,0.050000000000000044,2.572528918584188,1
6703,168392,13.949233808236942,15,0.050000000000000044,3.2205485105514526,1
6704,168422,29.34052718270925,30,0.050000000000000044,3.293833085468837,0
6705,168431,6.760713077512179,9,0.050000000000000044,3.730225086212158,1
6706,168443,10.947397395480914,12,0.050000000000000044,3.526724020640055,1
6707,168449,5.119433216073451,6,0.050000000000000044,1.835612416267395,1
6708,168465,15.050148510165172,16,0.050000000000000044,3.597749710083008,1
6709,168495,27.962059552533812,30,0.050000000000000044,3.372693794114249,0
6710,168511,14.942664819270128,16,0.050000000000000044,4.047235012054443,1
6711,168541,27.018866294788968,30,0.050000000000000044,3.981001302599907,0
6712,168563,20.46815268497891,22,0.050000000000000044,3.305115222930908,1
6713,168588,23.94394477240056,25,0.050000000000000044,4.308026824678693,1
6714,168617,26.31778432116053,29,0.050000000000000044,3.8690523420061385,1
6715,168635,16.95531616003628,18,0.050000000000000044,4.248227059841156,1
6716,168665,29.93654101465306,30,0.050000000000000044,3.159787893295288,0
6717,168689,22.93706291379044,24,0.050000000000000044,2.6195290883382163,1
6718,168712,20.95127536630496,23,0.050000000000000044,4.327114582061768,1
6719,168723,9.154056517391869,11,0.050000000000000044,4.599187135696411,1
6720,168747,22.945544758577068,24,0.050000000000000044,3.9485580126444497,1
6721,168754,4.961979306112574,7,0.050000000000000044,2.1345490217208862,1
6722,168768,12.553232475043696,14,0.050000000000000044,2.718710482120514,1
6723,168798,25.80110690108262,30,0.050000000000000044,3.2946139063153947,0
6724,168821,21.946830692114,23,0.050000000000000044,2.744552214940389,1
6725,168851,28.94635156391087,30,0.050000000000000044,3.5259736606052945,0
6726,168869,17.269541198173854,18,0.050000000000000044,3.157385158538818,1
6727,168888,17.951358998901593,19,0.050000000000000044,3.636538362503052,1
6728,168900,10.319881276868882,12,0.050000000000000044,3.1286582946777344,1
6729,168930,28.943681969257582,30,0.050000000000000044,3.401830162320818,1
6730,168941,8.758772858638666,11,0.050000000000000044,3.5523104667663574,1
6731,168957,14.949484220595176,16,0.050000000000000044,3.4643810987472534,1
6732,168965,6.7560701966034316,8,0.050000000000000044,3.959417223930359,1
6733,168974,7.95321419832226,9,0.050000000000000044,4.119586229324341,1
6734,168983,8.119441468168441,9,0.050000000000000044,3.027856707572937,1
6735,169013,29.940504512554597,30,0.050000000000000044,3.361659497022629,0
6736,169043,29.942350234378438,30,0.050000000000000044,3.8195975848606656,0
6737,169053,8.790176492934611,10,0.050000000000000044,4.049913167953491,1
6738,169083,27.401450348499612,30,0.050000000000000044,4.072060244424002,0
6739,169113,28.946378257505177,30,0.050000000000000044,4.004615128040314,0
6740,169134,19.953724441283953,21,0.050000000000000044,4.159644746780396,1
6741,169164,25.534855474654456,30,0.050000000000000044,2.8264599293470383,0
6742,169190,22.881461455971937,26,0.050000000000000044,3.848098635673523,1
6743,169192,1.2765543816746459,2,0.050000000000000044,4.712911605834961,1
6744,169222,29.93626530301337,30,0.050000000000000044,4.260772057941982,0
6745,169252,29.73705974777041,30,0.050000000000000044,3.90486142039299,0
6746,169266,12.995848022762605,14,0.050000000000000044,3.52713942527771,1
6747,169283,15.95557476031228,17,0.050000000000000044,4.4173489809036255,1
6748,169298,14.179141805875249,15,0.050000000000000044,4.0779224038124084,1
6749,169328,27.06867763383878,30,0.050000000000000044,3.4820424914360046,0
6750,169347,17.83697235147131,19,0.050000000000000044,4.238685131072998,1
6751,169377,28.543734045727327,30,0.050000000000000044,3.0679234713315964,0
6752,169407,25.332195919638064,30,0.050000000000000044,4.202840294156756,0
6753,169426,17.750367517045387,19,0.050000000000000044,3.411150360107422,1
6754,169451,19.175407527015665,25,0.050000000000000044,3.6487443248430886,1
6755,169464,11.95716188911143,13,0.050000000000000044,3.3486721217632294,1
6756,169494,25.09778841619358,30,0.050000000000000044,3.545490162713187,0
6757,169517,20.78107400783887,23,0.050000000000000044,4.084728837013245,1
6758,169527,8.957161915410847,10,0.050000000000000044,5.493776082992554,1
6759,169557,23.031251769966218,30,0.050000000000000044,4.543065100908279,0
6760,169580,21.75089695567789,23,0.050000000000000044,2.9320224126180015,1
6761,169592,10.044000089539914,12,0.050000000000000044,3.8792505264282227,1
6762,169614,20.752493619196237,22,0.050000000000000044,3.53350944519043,1
6763,169641,25.540598529170698,27,0.050000000000000044,3.2311098916190013,1
6764,169667,24.3969132364511,26,0.050000000000000044,4.084174990653992,1
6765,169697,29.540004149224444,30,0.050000000000000044,3.50261552631855,0
6766,169727,27.746578911534986,30,0.050000000000000044,3.575547320502145,0
6767,169733,4.955062641786845,6,0.050000000000000044,3.5026559233665466,1
6768,169743,8.955304501789385,10,0.050000000000000044,4.64276123046875,1
6769,169773,29.352009935066185,30,0.050000000000000044,4.531039774417877,0
6770,169803,29.537405788610663,30,0.050000000000000044,3.344076224735805,0
6771,169828,22.1524699897754,25,0.050000000000000044,2.9370575632367815,1
6772,169846,16.947658452092078,18,0.050000000000000044,3.0380481481552124,1
6773,169865,18.267701989482646,19,0.050000000000000044,4.8529564380645756,1
6774,169895,27.87393524027456,30,0.050000000000000044,3.4695872579302107,0
6775,169925,29.542821652695707,30,0.050000000000000044,4.29162734746933,0
6776,169933,7.195802851385627,8,0.050000000000000044,3.4698091745376587,1
6777,169963,29.941831643083407,30,0.050000000000000044,3.526204058102199,0
6778,169974,9.951898971541112,11,0.050000000000000044,3.5373950799306235,1
6779,169985,9.951890045011162,11,0.050000000000000044,2.929983695348104,1
6780,170015,22.122764357047156,30,0.050000000000000044,3.765016164098467,0
6781,170033,17.18110799597646,18,0.050000000000000044,3.4439380168914795,1
6782,170043,8.957166470265427,10,0.050000000000000044,3.9235273599624634,1
6783,170058,14.187962141000288,15,0.050000000000000044,2.9898142516613007,1
6784,170081,21.94106273973328,23,0.050000000000000044,3.244545857111613,1
6785,170108,25.943451778588425,27,0.050000000000000044,3.1857118947165355,1
6786,170123,13.75236050995009,15,0.050000000000000044,3.2007902463277182,1
6787,170153,29.936003902552155,30,0.050000000000000044,3.1956546157598495,0
6788,170177,22.752648719868873,24,0.050000000000000044,3.918742577234904,1
6789,170202,23.943431483164716,25,0.050000000000000044,3.5058130820592246,1
6790,170215,12.27322935928339,13,0.050000000000000044,3.7203670342763266,1
6791,170241,25.036107991166794,26,0.050000000000000044,3.2909087112971713,1
6792,170271,27.833693567463495,30,0.050000000000000044,3.102872780391148,0
6793,170288,16.044016741570392,17,0.050000000000000044,3.377738523483276,1
6794,170297,7.957166494980669,9,0.050000000000000044,3.973824381828308,1
6795,170326,26.742361019434906,29,0.050000000000000044,4.1856202738625665,1
6796,170333,5.754228330931853,7,0.050000000000000044,2.886358141899109,1
6797,170363,28.07277545344653,30,0.050000000000000044,3.2783237525394986,0
6798,170370,6.116025468205575,7,0.050000000000000044,2.6413429975509644,1
6799,170381,9.348575633706163,11,0.050000000000000044,2.5558767318725586,1
6800,170395,12.953462730061224,14,0.050000000000000044,3.559795379638672,1
6801,170425,29.93211238141906,30,0.050000000000000044,3.6820977926254272,0
6802,170455,27.35637554237599,30,0.050000000000000044,3.0207787241254533,0
6803,170485,28.351119535493275,30,0.050000000000000044,3.5710959434509277,0
6804,170515,28.626863868645685,30,0.050000000000000044,3.343079243387495,0
6805,170539,19.53731972905732,24,0.050000000000000044,3.264150301615397,1
6806,170557,15.948634421590238,18,0.050000000000000044,3.091841459274292,1
6807,170569,10.550604960373226,12,0.050000000000000044,4.282911777496338,1
6808,170599,25.813781821099887,30,0.050000000000000044,4.510252135140555,0
6809,170606,5.756066748709668,7,0.050000000000000044,3.654905319213867,1
6810,170636,28.743530195610603,30,0.050000000000000044,3.3069605827331543,0
6811,170666,29.758298252719275,30,0.050000000000000044,3.1500349385397777,0
6812,170696,29.936287909162495,30,0.050000000000000044,3.2590603679418564,0
6813,170712,14.957161889083054,16,0.050000000000000044,3.3887282609939575,1
6814,170719,6.1919809079544335,7,0.050000000000000044,4.401183605194092,1
6815,170749,28.750734089643284,30,0.050000000000000044,3.620335668325424,0
6816,170774,23.746669854218702,25,0.050000000000000044,3.356126348177592,1
6817,170796,20.15233844333938,22,0.050000000000000044,4.450745781262715,1
6818,170810,13.277194032013352,14,0.050000000000000044,2.801430344581604,1
6819,170831,15.262777429831095,21,0.050000000000000044,3.4533120155334474,1
6820,170861,27.956130685602123,30,0.050000000000000044,3.3739415109157562,0
6821,170891,29.73032976711063,30,0.050000000000000044,3.6820569719587053,0
6822,170893,0.9660165442504834,2,0.050000000000000044,3.1718361377716064,1
6823,170909,14.955328028890332,16,0.050000000000000044,2.583498477935791,1
6824,170928,17.947634224263105,19,0.050000000000000044,3.315256881713867,1
6825,170947,14.81105079630538,19,0.050000000000000044,3.1523468792438507,1
6826,170958,9.552463348105293,11,0.050000000000000044,3.842759291330973,1
6827,170974,12.762187752786293,16,0.050000000000000044,3.57498300075531,1
6828,170998,18.8137939744718,24,0.050000000000000044,2.8749512831370034,1
6829,171026,26.746281248955686,28,0.050000000000000044,3.3161210332598006,1
6830,171039,11.946610067254019,13,0.050000000000000044,1.7418303887049358,1
6831,171048,6.397519541594944,9,0.050000000000000044,3.8260961373647056,1
6832,171062,12.945583542695488,14,0.050000000000000044,5.20699675877889,1
6833,171092,29.54685852856122,30,0.050000000000000044,3.0348737239837646,0
6834,171109,15.949506451100628,17,0.050000000000000044,3.4713513255119324,1
6835,171139,29.5326585498983,30,0.050000000000000044,4.034235102789743,0
6836,171153,12.755326240632659,14,0.050000000000000044,2.2422119677066803,1
6837,171172,18.185542861262604,19,0.050000000000000044,2.320594835281372,1
6838,171202,29.74511186941708,30,0.050000000000000044,3.0055547782352994,0
6839,171213,9.346991822506084,11,0.050000000000000044,3.559502124786377,1
6840,171236,21.938404918260183,23,0.050000000000000044,3.384270270665487,1
6841,171246,9.191557912519196,10,0.050000000000000044,3.4702184200286865,1
6842,171260,12.951890390695231,14,0.050000000000000044,3.5471485257148743,1
6843,171290,29.74539814600947,30,0.050000000000000044,3.850492034639631,0
6844,171304,12.748907451068707,14,0.050000000000000044,3.2621334195137024,1
6845,171328,22.951874131106972,24,0.050000000000000044,2.881053845087687,1
6846,171358,28.346580917074576,30,0.050000000000000044,3.7867091723850796,0
6847,171388,26.47970194278548,30,0.050000000000000044,3.7199218720197678,0
6848,171408,17.949525437265002,20,0.050000000000000044,2.5203644037246704,1
6849,171438,29.940255529390512,30,0.050000000000000044,3.6628875391823903,0
6850,171451,11.764105614358533,13,0.050000000000000044,3.7713460127512612,1
6851,171463,10.947668541780438,12,0.050000000000000044,4.104555209477742,1
6852,171467,3.1953619739646433,4,0.050000000000000044,4.677781105041504,1
6853,171497,29.737959347765084,30,0.050000000000000044,2.8805481791496277,0
6854,171515,15.992743755332832,18,0.050000000000000044,3.2514450550079346,1
6855,171537,20.974101873257098,22,0.050000000000000044,3.1425359547138214,1
6856,171564,25.09984015822265,27,0.050000000000000044,3.1309115886688232,1
6857,171589,23.54373210660387,25,0.050000000000000044,4.000761846701304,1
6858,171619,27.632558921493747,30,0.050000000000000044,3.0389910766056607,0
6859,171638,17.949759891983703,19,0.050000000000000044,3.6525686264038084,1
6860,171650,10.959012213979552,12,0.050000000000000044,3.5901079972585044,1
6861,171680,29.35686628221425,30,0.050000000000000044,4.120218515396118,0
6862,171703,21.953470647462627,23,0.050000000000000044,3.5487788438797,1
6863,171716,11.953482555405536,13,0.050000000000000044,3.885348320007324,1
6864,171721,3.9572063683176055,5,0.050000000000000044,3.6558234691619873,1
6865,171751,29.940007512976003,30,0.050000000000000044,2.9607245240892683,0
6866,171759,6.358371047206305,8,0.050000000000000044,2.1093636751174927,1
6867,171780,18.159611999748837,21,0.050000000000000044,3.094736019770304,1
6868,171810,24.180634808915134,30,0.050000000000000044,3.7477783816201344,0
6869,171839,22.498603517199147,29,0.050000000000000044,3.7953876086643765,1
6870,171849,8.757918490298962,10,0.050000000000000044,2.261181950569153,1
6871,171866,15.951080631385905,17,0.050000000000000044,4.211726009845734,1
6872,171884,16.791764819788487,18,0.050000000000000044,3.806157922744751,1
6873,171903,17.94924988031253,19,0.050000000000000044,3.4561368227005005,1
6874,171926,21.847845798829567,23,0.050000000000000044,4.198985457420349,1
6875,171936,8.955047589842966,10,0.050000000000000044,3.8757967948913574,1
6876,171966,25.968717444851897,30,0.050000000000000044,3.67960330418178,0
6877,171975,7.955323698196624,9,0.050000000000000044,3.625514030456543,1
6878,172005,29.940244521978993,30,0.050000000000000044,3.1539137065410614,0
6879,172023,14.589579757128442,18,0.050000000000000044,3.265726685523987,1
6880,172040,15.959012213830812,17,0.050000000000000044,4.5929787158966064,1
6881,172070,24.69263799943789,30,0.050000000000000044,4.062109095709665,0
6882,172094,22.945823938451664,24,0.050000000000000044,5.069608132044475,1
6883,172117,21.946586858592315,23,0.050000000000000044,3.2820746501286826,1
6884,172131,12.752758779215437,14,0.050000000000000044,3.6599886417388916,1
6885,172161,29.93946367676519,30,0.050000000000000044,4.186757996678352,0
6886,172174,11.949530581337454,13,0.050000000000000044,3.8500889937082925,1
6887,172204,29.930501733769276,30,0.050000000000000044,3.7549669444561005,0
6888,172230,24.943975100470805,26,0.050000000000000044,4.570099989573161,1
6889,172259,23.286097080187208,29,0.050000000000000044,3.6492412260600497,1
6890,172289,29.93763213087406,30,0.050000000000000044,3.8651793003082275,0
6891,172293,2.9592167598122607,4,0.050000000000000044,4.5732316970825195,1
6892,172301,6.792282007460416,8,0.050000000000000044,4.717505931854248,1
6893,172305,2.7591154181621453,4,0.050000000000000044,4.046961307525635,1
6894,172326,19.388724795744128,21,0.050000000000000044,3.746640110015869,1
6895,172356,29.73941442473379,30,0.050000000000000044,3.8019121885299683,0
6896,172386,28.986877375778988,30,0.050000000000000044,4.537299156188965,0
6897,172394,6.955047780005572,8,0.050000000000000044,2.764965057373047,1
6898,172411,15.777004242029129,17,0.050000000000000044,3.42467999458313,1
6899,172436,23.90486864474444,25,0.050000000000000044,4.368134907313755,1
6900,172466,29.945809459048778,30,0.050000000000000044,3.2274905272892545,0
6901,172477,9.95716189005945,11,0.050000000000000044,1.9274302919705708,1
6902,172495,15.717467396000774,18,0.050000000000000044,3.202662169933319,1
6903,172525,29.941578759956045,30,0.050000000000000044,3.528829962015152,0
6904,172555,29.742637812974788,30,0.050000000000000044,3.412006769861494,0
6905,172585,29.545856891642014,30,0.050000000000000044,3.5623469799757004,0
6906,172591,4.952939218797781,6,0.050000000000000044,4.972459316253662,1
6907,172596,4.193831046481001,5,0.050000000000000044,3.6399749517440796,1
6908,172604,6.779511682510846,8,0.050000000000000044,4.206505298614502,1
6909,172624,18.953461616542143,20,0.050000000000000044,4.226395940780639,1
6910,172642,16.756625521996313,18,0.050000000000000044,4.446729242801666,1
6911,172672,26.758636110279415,30,0.050000000000000044,4.913045763969421,0
6912,172702,29.143628153435184,30,0.050000000000000044,3.9264956201825822,0
6913,172732,29.937880390395417,30,0.050000000000000044,3.1528059989213943,0
6914,172742,7.8377373882154755,10,0.050000000000000044,3.372454881668091,1
6915,172772,29.35095839557894,30,0.050000000000000044,3.8618592023849487,0
6916,172791,17.754605651205694,19,0.050000000000000044,3.4975613951683044,1
6917,172821,24.308219703400898,30,0.050000000000000044,3.8857828825712204,0
6918,172851,25.057019553074188,30,0.050000000000000044,4.40009331703186,0
6919,172881,26.846548091089502,30,0.050000000000000044,3.6187011003494263,0
6920,172911,25.458790121576225,30,0.050000000000000044,4.226651804787772,0
6921,172920,7.203596428291799,9,0.050000000000000044,4.002324978510539,1
6922,172944,22.745625432031176,24,0.050000000000000044,4.640380303064982,1
6923,172959,14.184833979671756,15,0.050000000000000044,3.0838045279184976,1
6924,172989,22.913971000787537,30,0.050000000000000044,4.406414091587067,0
6925,172992,1.9602091714909529,3,0.050000000000000044,5.410219192504883,1
6926,173007,13.953724441284699,15,0.050000000000000044,2.7290929555892944,1
6927,173014,5.76015455078024,7,0.050000000000000044,2.7479591965675354,1
6928,173023,7.752358049617,9,0.050000000000000044,3.7449464797973633,1
6929,173053,23.12284696191051,30,0.050000000000000044,3.7337417602539062,0
6930,173067,13.117284729009627,14,0.050000000000000044,3.5376059214274087,1
6931,173092,23.949771474392886,25,0.050000000000000044,3.9341259683881487,1
6932,173122,29.946310564452578,30,0.050000000000000044,2.56892682824816,0
6933,173142,18.957166465171365,20,0.050000000000000044,3.3014799118041993,1
6934,173169,25.74377095187715,27,0.050000000000000044,2.8086924382618497,1
6935,173179,8.953729380539434,10,0.050000000000000044,2.175002872943878,1
6936,173181,1.2765543816746459,2,0.050000000000000044,4.8391594886779785,1
6937,173211,29.942071908002408,30,0.050000000000000044,2.7837558814457486,0
6938,173241,27.797895596034365,30,0.050000000000000044,3.495872884988785,0
6939,173244,1.9583725634928275,3,0.050000000000000044,0.9687972068786621,1
6940,173266,19.90706489131731,22,0.050000000000000044,4.000350761413574,1
6941,173276,9.190255308576273,10,0.050000000000000044,4.091096719106038,1
6942,173293,15.455286702218496,17,0.050000000000000044,4.361123263835907,1
6943,173304,9.951610739086686,11,0.050000000000000044,2.926988442738851,1
6944,173314,8.951090545223636,10,0.050000000000000044,3.439527750015259,1
6945,173338,20.753471411114557,24,0.050000000000000044,3.8687387307484946,1
6946,173358,19.110158044275106,20,0.050000000000000044,3.2580809593200684,1
6947,173369,9.388350833196311,11,0.050000000000000044,3.4197661876678467,1
6948,173392,21.507435336128705,23,0.050000000000000044,3.5377153952916465,1
6949,173409,15.758303675139281,17,0.050000000000000044,3.522548019886017,1
6950,173429,18.953196835388347,20,0.050000000000000044,3.2126426696777344,1
6951,173459,28.514267033479925,30,0.050000000000000044,2.9496177434921265,0
6952,173489,26.96287960774831,30,0.050000000000000044,3.381576746702194,0
6953,173499,7.772957258341484,10,0.050000000000000044,3.0078831911087036,1
6954,173523,22.944242632343936,24,0.050000000000000044,4.658337076505025,1
6955,173553,29.742860930267025,30,0.050000000000000044,2.49290369451046,0
6956,173563,8.955323653881388,10,0.050000000000000044,2.846384286880493,1
6957,173591,24.2597552343094,28,0.050000000000000044,4.020198856081281,1
6958,173620,27.157626925200745,29,0.050000000000000044,3.3077638298273087,1
6959,173650,26.222200449037768,30,0.050000000000000044,3.882878746305193,0
6960,173662,11.195798253339948,12,0.050000000000000044,2.8227346738179526,1
6961,173682,18.947926439829594,20,0.050000000000000044,2.4788904428482055,1
6962,173712,29.943945632964308,30,0.050000000000000044,3.242349535226822,0
6963,173724,11.189504662806012,12,0.050000000000000044,3.5313342014948526,1
6964,173754,26.966839411022722,30,0.050000000000000044,2.966862780707223,0
6965,173772,16.84113514427598,18,0.050000000000000044,3.6117329359054566,1
6966,173795,21.95108113258358,23,0.050000000000000044,3.5271735191345215,1
6967,173805,8.557204797965678,10,0.050000000000000044,3.7308475971221924,1
6968,173817,10.955321348545851,12,0.050000000000000044,3.656415065129598,1
6969,173847,24.730624432533457,30,0.050000000000000044,2.982399616922651,0
6970,173865,16.95717129699318,18,0.050000000000000044,3.977290725708008,1
6971,173875,8.357559013678237,10,0.050000000000000044,3.8007259368896484,1
6972,173903,26.750253141528773,28,0.050000000000000044,3.51139954158238,1
6973,173913,8.874609810819729,10,0.050000000000000044,5.1089426676432295,1
6974,173921,6.9553239419527495,8,0.050000000000000044,4.262543320655823,1
6975,173941,18.749077143898358,20,0.050000000000000044,3.4619279861450196,1
6976,173971,29.92890989422808,30,0.050000000000000044,3.817509242466518,0
6977,173983,11.0422295261466,12,0.050000000000000044,2.7086267471313477,1
6978,173997,12.594984805232938,14,0.050000000000000044,2.898681879043579,1
6979,174027,29.947643962477883,30,0.050000000000000044,4.046471289225987,0
6980,174057,27.94875502319741,30,0.050000000000000044,3.581689864397049,0
6981,174087,28.147393440721157,30,0.050000000000000044,3.511629343032837,0
6982,174113,21.84103773435404,26,0.050000000000000044,3.747368335723877,1
6983,174126,12.0445852357926,13,0.050000000000000044,2.928504149119059,1
6984,174147,19.951610667715716,21,0.050000000000000044,3.1114792346954347,1
6985,174163,12.407299310066332,16,0.050000000000000044,2.8294277787208557,1
6986,174193,29.350558704402843,30,0.050000000000000044,3.997454807162285,0
6987,174223,28.42707584434809,30,0.050000000000000044,2.6897681781223843,1
6988,174253,29.744809110572735,30,0.050000000000000044,3.396678537130356,0
6989,174283,29.94184314191084,30,0.050000000000000044,3.614722047533308,0
6990,174313,29.94157854700707,30,0.050000000000000044,3.7914752662181854,0
6991,174343,28.148644606723106,30,0.050000000000000044,4.2225417750222345,0
6992,174357,13.258733274223767,14,0.050000000000000044,3.8703324794769287,1
6993,174381,22.548020826428072,24,0.050000000000000044,3.243346015612284,1
6994,174388,5.953196762697845,7,0.050000000000000044,3.715567469596863,1
6995,174418,28.94326695080699,30,0.050000000000000044,3.366660015923636,0
6996,174429,9.957162014521833,11,0.050000000000000044,2.34747322400411,1
6997,174436,5.952151181108103,7,0.050000000000000044,4.578752398490906,1
6998,174451,12.511059674142109,15,0.050000000000000044,3.861489693323771,1
6999,174481,26.88751456890164,30,0.050000000000000044,3.418968766927719,0
7000,174511,26.126112929838236,30,0.050000000000000044,3.50051440511431,0
7001,174521,8.955324340377231,10,0.050000000000000044,2.735830624898275,1
7002,174537,15.036672922931299,16,0.050000000000000044,3.4983007311820984,1
7003,174567,29.953196835407645,30,0.050000000000000044,4.26231370653425,0
7004,174577,9.269536666425227,10,0.050000000000000044,2.709543784459432,1
7005,174607,29.93866979241914,30,0.050000000000000044,3.975094590868269,0
7006,174637,29.947921530141045,30,0.050000000000000044,3.5392893254756927,0
7007,174667,29.93789621660413,30,0.050000000000000044,2.9996862581798007,0
7008,174685,16.75618392551684,18,0.050000000000000044,3.371260404586792,1
7009,174715,29.182029030749625,30,0.050000000000000044,3.8628355094364712,0
7010,174728,10.872035963801205,13,0.050000000000000044,2.884447365999222,1
7011,174733,3.9572063683176055,5,0.050000000000000044,3.003180503845215,1
7012,174743,8.989439823218717,10,0.050000000000000044,3.002519369125366,1
7013,174773,26.75966609973063,30,0.050000000000000044,4.058070570230484,0
7014,174780,5.953482026131685,7,0.050000000000000044,1.6688047051429749,1
7015,174807,25.73439968784085,27,0.050000000000000044,2.5194993019104004,1
7016,174820,11.75210389607735,13,0.050000000000000044,4.470741391181946,1
7017,174834,12.953197640259365,14,0.050000000000000044,3.9875542322794595,1
7018,174840,4.957177290232426,6,0.050000000000000044,5.009466171264648,1
7019,174853,11.953454172010776,13,0.050000000000000044,3.215332508087158,1
7020,174863,8.957161897788737,10,0.050000000000000044,2.2042064666748047,1
7021,174875,9.562138367450656,12,0.050000000000000044,5.97795311609904,1
7022,174905,23.520779859698266,30,0.050000000000000044,2.8503591790795326,0
7023,174935,26.01449460196847,30,0.050000000000000044,3.134211165564401,0
7024,174953,16.553499727624256,18,0.050000000000000044,3.1178096771240233,1
7025,174968,13.462189401536174,15,0.050000000000000044,2.7879956364631653,1
7026,174991,16.37878736629958,23,0.050000000000000044,3.455401802062988,1
7027,175021,29.5416347071493,30,0.050000000000000044,3.587394028902054,0
7028,175042,19.942908381233178,21,0.050000000000000044,3.1597384929656984,1
7029,175072,29.74867705837898,30,0.050000000000000044,3.6010551303625107,0
7030,175086,12.95504758475325,14,0.050000000000000044,3.3368136088053384,1
7031,175110,22.870497888918997,24,0.050000000000000044,3.354866882165273,1
7032,175116,5.273766189407221,6,0.050000000000000044,1.5962463021278381,1
7033,175124,5.605736042153356,8,0.050000000000000044,2.378777801990509,1
7034,175144,17.360703792933187,20,0.050000000000000044,3.466923189163208,1
7035,175168,23.257416012453824,24,0.050000000000000044,3.453734199206034,1
7036,175198,24.769775485374506,30,0.050000000000000044,3.5650709015982494,1
7037,175228,29.391365810843716,30,0.050000000000000044,3.815189838409424,0
7038,175236,5.605718988584904,8,0.050000000000000044,3.775972604751587,1
7039,175261,23.54769017665473,25,0.050000000000000044,3.4484745264053345,1
7040,175291,27.70362228473288,30,0.050000000000000044,3.6188110964638844,0
7041,175299,7.123406168209652,8,0.050000000000000044,3.109339118003845,1
7042,175307,6.957162800132125,8,0.050000000000000044,3.6900686025619507,1
7043,175313,4.959018187143877,6,0.050000000000000044,2.764000654220581,1
7044,175341,26.947909468683044,28,0.050000000000000044,3.5760420901434764,1
7045,175360,16.35631903441853,19,0.050000000000000044,3.104631042480469,1
7046,175390,29.937584574105855,30,0.050000000000000044,3.5989133971078053,0
7047,175405,13.953472231294516,15,0.050000000000000044,3.0293588042259216,1
7048,175407,1.1211282096181674,2,0.050000000000000044,nan,1
7049,175424,16.271379179882686,17,0.050000000000000044,3.4013931274414064,1
7050,175454,29.939991822377735,30,0.050000000000000044,3.027066673551287,0
7051,175474,18.9421193691779,20,0.050000000000000044,2.7671077251434326,1
7052,175497,20.845729697280788,23,0.050000000000000044,2.777763307094574,1
7053,175506,7.953721368710505,9,0.050000000000000044,2.464051127433777,1
7054,175511,3.9572063683176055,5,0.050000000000000044,2.2456750869750977,1
7055,175521,7.19682420088822,10,0.050000000000000044,3.1991732915242515,1
7056,175542,18.800624938493012,21,0.050000000000000044,3.9720149517059324,1
7057,175561,17.957171296993174,19,0.050000000000000044,4.408923149108887,1
7058,175577,14.95213046917291,16,0.050000000000000044,5.166732668876648,1
7059,175590,11.949518093927148,13,0.050000000000000044,4.5018519560496015,1
7060,175595,3.9590471683324666,5,0.050000000000000044,3.5631351470947266,1
7061,175616,19.948206268112763,21,0.050000000000000044,3.178815166155497,1
7062,175622,4.959018187143877,6,0.050000000000000044,6.59645414352417,1
7063,175647,23.348846547539672,25,0.050000000000000044,3.8355003197987876,1
7064,175661,11.679926812278973,14,0.050000000000000044,2.9050219655036926,1
7065,175665,2.9552714163121765,4,0.050000000000000044,1.7385073900222778,1
7066,175680,13.952921261230381,15,0.050000000000000044,3.806663453578949,1
7067,175710,29.941832365285833,30,0.050000000000000044,3.087704999106271,0
7068,175729,18.185186377171064,19,0.050000000000000044,3.1348944664001466,1
7069,175732,1.9602091714909529,3,0.050000000000000044,2.179891586303711,1
7070,175762,29.347503796197685,30,0.050000000000000044,4.420480932508196,0
7071,175792,26.654556020158875,30,0.050000000000000044,3.788542091846466,0
7072,175822,24.57241912235059,30,0.050000000000000044,2.605912004198347,0
7073,175840,14.358851392301762,18,0.050000000000000044,3.318511390686035,1
7074,175850,8.716737967334886,10,0.050000000000000044,4.582618355751038,1
7075,175862,11.191285764835126,12,0.050000000000000044,3.306934873263041,1
7076,175883,19.947658205888516,21,0.050000000000000044,3.569728231430054,1
7077,175911,27.038536308432082,28,0.050000000000000044,2.8727992262159074,1
7078,175941,29.371725667110454,30,0.050000000000000044,3.5119404792785645,0
7079,175971,29.74958598268875,30,0.050000000000000044,3.275618859699794,0
7080,175991,15.2912808533104,20,0.050000000000000044,3.9341750621795653,1
7081,176007,14.645685772837078,16,0.050000000000000044,3.745904505252838,1
7082,176037,24.300840190299176,30,0.050000000000000044,4.709698736667633,0
7083,176043,4.957168006567855,6,0.050000000000000044,3.2315680980682373,1
7084,176073,25.22605766852081,30,0.050000000000000044,3.082320436835289,0
7085,176103,26.213609839753545,30,0.050000000000000044,4.4674056598118375,0
7086,176133,29.930015996650877,30,0.050000000000000044,3.9164109230041504,0
7087,176163,21.839592551984314,30,0.050000000000000044,3.55423743384225,0
7088,176184,18.964694032012734,21,0.050000000000000044,3.282619913419088,1
7089,176214,27.25423413235449,30,0.050000000000000044,3.5692195551736012,0
7090,176244,27.996691641859304,30,0.050000000000000044,3.8537579774856567,0
7091,176261,14.128234795767359,17,0.050000000000000044,4.118290305137634,1
7092,176291,29.937840029353612,30,0.050000000000000044,3.9657972880772183,0
7093,176321,22.239135269568774,30,0.050000000000000044,3.4095583260059357,0
7094,176351,29.555747481644392,30,0.050000000000000044,4.324523755482265,0
7095,176381,25.80733944671646,30,0.050000000000000044,3.7760521918535233,0
7096,176411,29.345645441576888,30,0.050000000000000044,3.8091233117239818,0
7097,176429,15.550410703138308,18,0.050000000000000044,3.4346782684326174,1
7098,176459,27.954695768155794,30,0.050000000000000044,3.211125578199114,0
7099,176482,21.54621871233505,23,0.050000000000000044,2.850081980228424,1
7100,176509,20.859090108599904,27,0.050000000000000044,3.0174605676106045,1
7101,176525,14.949494001835665,16,0.050000000000000044,4.406231641769409,1
7102,176541,13.163151264101533,16,0.050000000000000044,2.808840438723564,1
7103,176571,25.89464801848662,30,0.050000000000000044,2.9743816341672624,0
7104,176601,29.38950366429474,30,0.050000000000000044,3.3097779601812363,0
7105,176622,19.94526774295957,21,0.050000000000000044,3.2556975364685057,1
7106,176635,11.548487135344214,13,0.050000000000000044,2.9951409498850503,1
7107,176653,16.94448044132632,18,0.050000000000000044,3.763341999053955,1
7108,176662,7.9553123555244705,9,0.050000000000000044,3.8463134765625,1
7109,176665,1.9602091714909529,3,0.050000000000000044,4.249980926513672,1
7110,176695,25.354037721810013,30,0.050000000000000044,3.630241342953273,0
7111,176725,29.94948412720717,30,0.050000000000000044,4.306625381112099,0
7112,176741,15.106026799899984,16,0.050000000000000044,3.5424981713294983,1
7113,176771,23.673706246862675,30,0.050000000000000044,4.205582107816424,0
7114,176795,23.18432418613455,24,0.050000000000000044,4.186988751093547,1
7115,176808,11.75220930172834,13,0.050000000000000044,2.8748060166835785,1
7116,176817,7.0821368609837725,9,0.050000000000000044,3.727508544921875,1
7117,176833,14.955311688884589,16,0.050000000000000044,3.638868749141693,1
7118,176863,27.166041253026822,30,0.050000000000000044,3.6137493337903703,0
7119,176873,8.98220715080056,10,0.050000000000000044,3.501082420349121,1
7120,176903,29.537913995240597,30,0.050000000000000044,3.5510041373116628,0
7121,176915,11.27719403203803,12,0.050000000000000044,4.867028554280599,1
7122,176919,3.1976750523948407,4,0.050000000000000044,3.52762508392334,1
7123,176949,26.318273186733776,30,0.050000000000000044,3.4685309529304504,0
7124,176955,4.756112614600217,6,0.050000000000000044,3.470834732055664,1
7125,176985,29.951611295392908,30,0.050000000000000044,3.9650996923446655,0
7126,177011,24.940291812371175,26,0.050000000000000044,3.474763790766398,1
7127,177033,20.74249664499532,22,0.050000000000000044,3.81096343199412,1
7128,177055,20.7717290537455,22,0.050000000000000044,3.5422486305236816,1
7129,177085,28.754053121397966,30,0.050000000000000044,3.2287596240639687,1
7130,177096,9.3549092901902,11,0.050000000000000044,2.9932064612706504,1
7131,177108,10.84663139216963,12,0.050000000000000044,4.17734972635905,1
7132,177138,23.355524433626158,30,0.050000000000000044,3.8860340799604143,0
7133,177168,26.644313653995482,30,0.050000000000000044,4.068229645490646,0
7134,177198,27.551930307812718,30,0.050000000000000044,3.4296324593680247,0
7135,177228,29.143680896978694,30,0.050000000000000044,3.905149757862091,0
7136,177242,12.953732647728705,14,0.050000000000000044,3.3022660414377847,1
7137,177272,22.594851081674218,30,0.050000000000000044,3.7154149413108826,0
7138,177286,12.55061520527611,14,0.050000000000000044,3.031350612640381,1
7139,177295,7.949251919003633,9,0.050000000000000044,3.5978349447250366,1
7140,177301,4.959018187143877,6,0.050000000000000044,5.352111101150513,1
7141,177313,8.492127738797004,12,0.050000000000000044,2.5307271083196006,1
7142,177330,15.947943044421153,17,0.050000000000000044,2.8427211940288544,1
7143,177360,29.138375299599467,30,0.050000000000000044,3.676114708185196,0
7144,177389,28.04062172577501,29,0.050000000000000044,2.9516333852495467,1
7145,177419,27.998544449382404,30,0.050000000000000044,3.3118807077407837,0
7146,177424,3.9572063683176055,5,0.050000000000000044,4.423875331878662,1
7147,177444,19.039296595542396,20,0.050000000000000044,3.4959187507629395,1
7148,177468,19.370733214225353,24,0.050000000000000044,3.500691572825114,1
7149,177498,29.74815202286332,30,0.050000000000000044,3.548663377761841,0
7150,177501,1.9602091714909529,3,0.050000000000000044,5.130814075469971,1
7151,177512,9.95136338230915,11,0.050000000000000044,3.8688621520996094,1
7152,177542,22.668580698246014,30,0.050000000000000044,3.917362247194563,0
7153,177559,15.74906934630226,17,0.050000000000000044,3.1403064131736755,1
7154,177568,7.9590122436400925,9,0.050000000000000044,3.4794445832570395,1
7155,177593,23.353833782632492,25,0.050000000000000044,3.8335606257120767,1
7156,177606,11.385091539690967,13,0.050000000000000044,2.6305286089579263,1
7157,177636,29.22611293713475,30,0.050000000000000044,3.909611016511917,0
7158,177666,24.622963948814817,30,0.050000000000000044,2.7547259501048496,0
7159,177696,29.940256062924885,30,0.050000000000000044,3.500159651041031,0
7160,177703,5.949766698437791,7,0.050000000000000044,4.503077507019043,1
7161,177722,17.353258327684625,19,0.050000000000000044,4.072966432571411,1
7162,177744,20.778174352201898,22,0.050000000000000044,3.4455430706342063,1
7163,177747,1.9602091714909529,3,0.050000000000000044,nan,1
7164,177762,13.15646838094699,15,0.050000000000000044,2.8574612140655518,1
7165,177792,29.937338297089102,30,0.050000000000000044,3.000845029950142,0
7166,177804,10.750528660211677,12,0.050000000000000044,2.8491320610046387,1
7167,177826,20.549787470870125,22,0.050000000000000044,4.355417013168335,1
7168,177856,29.742036305065437,30,0.050000000000000044,3.511537730693817,0
7169,177885,26.552875916801234,29,0.050000000000000044,2.532933677945818,1
7170,177915,27.47844249006002,30,0.050000000000000044,2.777137986251286,0
7171,177933,16.94238164736824,18,0.050000000000000044,4.28734073638916,1
7172,177963,28.43456215242773,30,0.050000000000000044,4.38443524496896,0
7173,177976,11.953196856862933,13,0.050000000000000044,2.969960331916809,1
7174,177990,12.551773789367905,14,0.050000000000000044,4.731009801228841,1
7175,178010,16.18672150330163,20,0.050000000000000044,1.9140926122665405,1
7176,178040,28.752240941416144,30,0.050000000000000044,3.6884698569774628,0
7177,178057,15.749194815760916,17,0.050000000000000044,3.3593961000442505,1
7178,178072,13.445658141587646,15,0.050000000000000044,4.000348925590515,1
7179,178088,14.947662018696267,16,0.050000000000000044,3.096557140350342,1
7180,178116,25.2531321923761,28,0.050000000000000044,3.8447276524135043,1
7181,178146,25.892076660377313,30,0.050000000000000044,4.171852690832956,0
7182,178176,28.145539979462768,30,0.050000000000000044,3.123788144439459,0
7183,178206,29.938153182817445,30,0.050000000000000044,3.533271448952811,0
7184,178210,2.5634323146893294,4,0.050000000000000044,1.6864807605743408,1
7185,178217,5.953482026131685,7,0.050000000000000044,4.097113847732544,1
7186,178247,25.058266862186386,30,0.050000000000000044,2.999272176197597,0
7187,178277,29.924746334315238,30,0.050000000000000044,3.059670090675354,0
7188,178307,29.949748520998376,30,0.050000000000000044,4.121239219393049,0
7189,178321,12.680609066426225,14,0.050000000000000044,2.695012152194977,1
7190,178351,29.145216629129358,30,0.050000000000000044,3.6286042588097707,0
7191,178370,17.748809907133666,19,0.050000000000000044,4.69997730255127,1
7192,178388,16.470136344831317,18,0.050000000000000044,3.5166409492492674,1
7193,178415,26.264253963166038,27,0.050000000000000044,3.1263113419214883,1
7194,178434,17.95530892975776,19,0.050000000000000044,4.540093564987183,1
7195,178464,29.940833117658237,30,0.050000000000000044,4.202332228422165,0
7196,178491,24.354445982620117,27,0.050000000000000044,3.8168161710103354,1
7197,178502,9.948445088338916,11,0.050000000000000044,3.4851760069529214,1
7198,178532,29.93236838137761,30,0.050000000000000044,3.3595235347747803,0
7199,178559,25.39849385470701,27,0.050000000000000044,3.4757062196731567,1
7200,178579,18.942103478383405,20,0.050000000000000044,4.013160657882691,1
7201,178609,29.947626319929217,30,0.050000000000000044,3.9372207820415497,0
7202,178639,29.95161094060319,30,0.050000000000000044,2.8241095202309743,0
7203,178662,20.96245838905976,23,0.050000000000000044,3.422327240308126,1
7204,178692,25.37774098412104,30,0.050000000000000044,4.20893782377243,0
7205,178722,29.734954963065054,30,0.050000000000000044,3.3553527423313687,0
7206,178742,18.955311689268576,20,0.050000000000000044,4.881832408905029,1
7207,178772,29.936529835034566,30,0.050000000000000044,3.443406119942665,0
7208,178802,25.01531379600334,30,0.050000000000000044,4.405999047415597,0
7209,178827,24.072189280381192,25,0.050000000000000044,3.2059147357940674,1
7210,178840,10.560657688546534,13,0.050000000000000044,1.8750958740711212,1
7211,178845,3.560246286141126,5,0.050000000000000044,4.064100742340088,1
7212,178875,29.14722916457403,30,0.050000000000000044,3.479158742087228,0
7213,178900,24.033502082946516,25,0.050000000000000044,2.7389724254608154,1
7214,178921,18.165542995574725,21,0.050000000000000044,3.970679235458374,1
7215,178935,12.95319734534648,14,0.050000000000000044,2.3413557211558023,1
7216,178944,7.751292354162033,9,0.050000000000000044,4.152876615524292,1
7217,178974,22.164345575345653,30,0.050000000000000044,3.072433761187962,0
7218,178986,10.358308074622178,12,0.050000000000000044,4.085922082265218,1
7219,179016,27.95033816363527,30,0.050000000000000044,2.967675432562828,0
7220,179024,6.953220219867334,8,0.050000000000000044,2.3753141164779663,1
7221,179054,27.1689971958532,30,0.050000000000000044,3.440880060195923,0
7222,179060,4.9555893528467045,6,0.050000000000000044,3.036725640296936,1
7223,179064,2.957376534134098,4,0.050000000000000044,4.427558898925781,1
7224,179082,16.95531194430677,18,0.050000000000000044,3.690854400396347,1
7225,179096,12.555253858153158,14,0.050000000000000044,2.984863519668579,1
7226,179126,29.941279331800597,30,0.050000000000000044,3.4280883755002702,0
7227,179144,16.7436301955266,18,0.050000000000000044,3.564897632598877,1
7228,179154,8.95505667354873,10,0.050000000000000044,3.738773465156555,1
7229,179182,26.532371564418444,28,0.050000000000000044,3.5880943707057407,1
7230,179212,29.95188269958942,30,0.050000000000000044,3.544176407158375,0
7231,179242,29.95006656086297,30,0.050000000000000044,4.386227301188877,0
7232,179253,9.952921311077322,11,0.050000000000000044,2.9635005791982016,1
7233,179265,10.953736252179247,12,0.050000000000000044,3.6133089860280356,1
7234,179295,29.935777000227297,30,0.050000000000000044,4.06079363822937,0
7235,179325,28.952441245911732,30,0.050000000000000044,3.1407483369112015,0
7236,179343,16.947397224682096,18,0.050000000000000044,4.189111948013306,1
7237,179350,5.757924433802747,7,0.050000000000000044,3.3672986030578613,1
7238,179363,11.756068139543931,13,0.050000000000000044,3.900893767674764,1
7239,179370,5.959013234599721,7,0.050000000000000044,3.1878888607025146,1
7240,179379,7.840817786859825,9,0.050000000000000044,3.599756360054016,1
7241,179409,29.53294163437627,30,0.050000000000000044,3.048265814781189,0
7242,179418,7.955333043509096,9,0.050000000000000044,1.641918122768402,1
7243,179448,27.952281199138184,30,0.050000000000000044,3.5460482835769653,0
7244,179478,28.94737129547525,30,0.050000000000000044,4.964240516935076,1
7245,179494,15.050148551162062,16,0.050000000000000044,3.452309548854828,1
7246,179510,14.955047541066468,16,0.050000000000000044,3.534908890724182,1
7247,179527,15.951608283823493,17,0.050000000000000044,2.987165719270706,1
7248,179550,21.9447454796537,23,0.050000000000000044,3.487332900365194,1
7249,179557,5.95532657664769,7,0.050000000000000044,4.251298308372498,1
7250,179587,27.785987302827902,30,0.050000000000000044,3.77667920930045,0
7251,179615,26.15631394192163,28,0.050000000000000044,3.860498683793204,1
7252,179645,24.101862138079973,30,0.050000000000000044,3.0759536921977997,0
7253,179675,25.292832663091687,30,0.050000000000000044,3.5404976095472063,0
7254,179705,28.741858929435374,30,0.050000000000000044,3.644027143716812,0
7255,179725,18.54975237344712,20,0.050000000000000044,3.292285680770874,1
7256,179751,23.320961221504888,26,0.050000000000000044,2.2717122435569763,1
7257,179773,20.951599347322297,22,0.050000000000000044,3.774335185686747,1
7258,179801,27.104397305398088,28,0.050000000000000044,4.078974076679775,1
7259,179830,25.61123738686677,29,0.050000000000000044,2.870584419795445,1
7260,179859,27.94159104375569,29,0.050000000000000044,3.1912686143602644,1
7261,179863,2.9573710298187494,4,0.050000000000000044,1.76328444480896,1
7262,179893,27.167243579826653,30,0.050000000000000044,3.114186018705368,0
7263,179916,21.951611039105735,23,0.050000000000000044,3.4658950765927634,1
7264,179921,3.9550942616836293,5,0.050000000000000044,4.825591087341309,1
7265,179951,28.990992252925484,30,0.050000000000000044,3.3662620782852173,0
7266,179958,5.955057689223602,7,0.050000000000000044,3.609527111053467,1
7267,179977,16.758048191347477,19,0.050000000000000044,3.1308032035827638,1
7268,180007,28.14088337028431,30,0.050000000000000044,3.59756943157741,0
7269,180037,29.93312846498492,30,0.050000000000000044,3.189500719308853,0
7270,180067,29.948184661212164,30,0.050000000000000044,3.4088088614600047,0
7271,180082,13.959012213831533,15,0.050000000000000044,3.37445604801178,1
7272,180095,12.046471084495314,13,0.050000000000000044,4.542741616566976,1
7273,180115,18.951356400054895,20,0.050000000000000044,3.6232283115386963,1
7274,180145,27.524673792943034,30,0.050000000000000044,3.280465990304947,0
7275,180175,20.454545454545464,30,0.050000000000000044,3.4701200212751115,0
7276,180182,5.554613662639834,7,0.050000000000000044,3.070547342300415,1
7277,180212,29.779050042296973,30,0.050000000000000044,3.25075164437294,0
7278,180242,22.684373235546275,30,0.050000000000000044,3.4034482070377896,0
7279,180272,29.94159211011956,30,0.050000000000000044,3.543361008167267,0
7280,180281,7.752109942522178,9,0.050000000000000044,2.155807673931122,1
7281,180311,27.28168248090435,30,0.050000000000000044,2.760593124798366,0
7282,180323,10.952921262802038,12,0.050000000000000044,3.710216442743937,1
7283,180353,26.69188125528172,30,0.050000000000000044,3.792294681072235,0
7284,180357,3.1976750523948407,4,0.050000000000000044,4.093038558959961,1
7285,180362,3.9572063683176055,5,0.050000000000000044,4.7948479652404785,1
7286,180369,5.959013234599721,7,0.050000000000000044,2.5536028146743774,1
7287,180374,3.953524034131285,5,0.050000000000000044,4.06589412689209,1
7288,180404,29.341142729198612,30,0.050000000000000044,3.7140640318393707,0
7289,180408,2.9592167598122607,4,0.050000000000000044,4.98707389831543,1
7290,180427,17.996554824126022,19,0.050000000000000044,2.6227122843265533,1
7291,180457,29.743278429477684,30,0.050000000000000044,4.006778031587601,0
7292,180480,21.94765781489445,23,0.050000000000000044,2.883583386739095,1
7293,180501,15.594502939758122,21,0.050000000000000044,3.194739007949829,1
7294,180531,29.947941245454253,30,0.050000000000000044,3.5688401630946567,0
7295,180561,26.52204830176428,30,0.050000000000000044,3.463160812854767,0
7296,180591,29.350983950678845,30,0.050000000000000044,3.1977472645895824,0
7297,180603,10.95557476063803,12,0.050000000000000044,2.6671443780263266,1
7298,180614,9.750538070191952,11,0.050000000000000044,3.9869953791300454,1
7299,180644,29.577478993001385,30,0.050000000000000044,2.983829587697983,0
7300,180674,27.96232408529738,30,0.050000000000000044,3.197354589189802,0
7301,180680,4.959018187143877,6,0.050000000000000044,2.6687777042388916,1
7302,180682,0.9660165442504834,2,0.050000000000000044,nan,1
7303,180703,19.941613726624187,21,0.050000000000000044,3.0002217292785645,1
7304,180726,21.947929278438377,23,0.050000000000000044,3.2557735443115234,1
7305,180756,29.78489742601541,30,0.050000000000000044,2.9343645125627518,0
7306,180785,27.86440892633899,29,0.050000000000000044,3.4095774718693326,1
7307,180815,29.75486668773881,30,0.050000000000000044,3.1206468514033725,0
7308,180842,25.947657951740993,27,0.050000000000000044,3.9160875592912947,1
7309,180857,13.951095923023253,15,0.050000000000000044,2.82096129655838,1
7310,180867,9.197648578126493,10,0.050000000000000044,4.213707208633423,1
7311,180897,29.953449166332835,30,0.050000000000000044,3.3252762258052826,0
7312,180927,29.947925341598843,30,0.050000000000000044,3.3575628144400462,0
7313,180957,29.926309150474744,30,0.050000000000000044,3.5309400111436844,0
7314,180977,18.953460884598922,20,0.050000000000000044,3.0491733074188234,1
7315,181007,29.743196851635485,30,0.050000000000000044,3.6484505449022566,0
7316,181027,19.186002081305386,20,0.050000000000000044,2.8245394945144655,1
7317,181057,28.668972465280163,30,0.050000000000000044,2.2639224156737328,0
7318,181072,13.750777245365716,15,0.050000000000000044,3.0792423486709595,1
7319,181094,20.949231184190143,22,0.050000000000000044,2.878026556968689,1
7320,181109,13.547184828589618,15,0.050000000000000044,4.446389555931091,1
7321,181128,18.277194032012606,19,0.050000000000000044,3.6542990684509276,1
7322,181142,12.955325548338111,14,0.050000000000000044,3.8968395392100015,1
7323,181149,5.95717232116616,7,0.050000000000000044,3.415599822998047,1
7324,181178,28.264265036865712,29,0.050000000000000044,3.0702119214194163,1
7325,181208,29.55491302127441,30,0.050000000000000044,3.351166546344757,0
7326,181218,8.951370354306428,10,0.050000000000000044,2.561692714691162,1
7327,181236,16.747335855371187,18,0.050000000000000044,3.0874158143997192,1
7328,181266,29.54345138278136,30,0.050000000000000044,3.7390854699271068,0
7329,181296,27.94624709408353,30,0.050000000000000044,3.3068765103816986,0
7330,181322,24.74052118261295,26,0.050000000000000044,4.072793046633403,1
7331,181352,27.545216003868592,30,0.050000000000000044,2.7668300047516823,1
7332,181382,29.940256775564713,30,0.050000000000000044,2.654369762965611,0
7333,181390,6.870647948529509,8,0.050000000000000044,4.034640789031982,1
7334,181407,11.392134806654743,17,0.050000000000000044,2.6908831000328064,1
7335,181422,13.39766660824086,15,0.050000000000000044,3.7336347699165344,1
7336,181441,15.79207574639034,19,0.050000000000000044,3.4034517288208006,1
7337,181456,14.116256699012782,15,0.050000000000000044,3.0817770957946777,1
7338,181486,27.287117510526,30,0.050000000000000044,3.4532255104609897,0
7339,181516,27.156205656047074,30,0.050000000000000044,2.958806350827217,0
7340,181546,29.182500320416917,30,0.050000000000000044,2.7815842969076976,0
7341,181576,29.141499240381574,30,0.050000000000000044,3.717698037624359,0
7342,181587,9.951902264278894,11,0.050000000000000044,3.5363799333572388,1
7343,181610,21.715899373326145,23,0.050000000000000044,2.610848069190979,1
7344,181640,29.947382979532488,30,0.050000000000000044,3.590583860874176,0
7345,181643,1.9602091714909529,3,0.050000000000000044,nan,1
7346,181673,26.447170806602795,30,0.050000000000000044,4.283192664384842,0
7347,181691,15.241626634071652,18,0.050000000000000044,3.6683510541915894,1
7348,181701,8.986002375769017,10,0.050000000000000044,3.470662752787272,1
7349,181719,17.182991181997657,18,0.050000000000000044,3.1607519388198853,1
7350,181741,16.110804721646403,22,0.050000000000000044,3.234103560447693,1
7351,181771,28.80171318841804,30,0.050000000000000044,3.9952687195369174,0
7352,181801,29.953482711509796,30,0.050000000000000044,3.386620342731476,0
7353,181828,25.030499798794768,27,0.050000000000000044,3.657910006386893,1
7354,181833,3.7562653400402612,5,0.050000000000000044,1.7633442878723145,1
7355,181863,29.146264973167806,30,0.050000000000000044,3.454874668802534,0
7356,181890,22.613828752097987,27,0.050000000000000044,2.3207681008747647,1
7357,181920,25.40350613067192,30,0.050000000000000044,3.3194189965724945,0
7358,181933,10.56697273259842,13,0.050000000000000044,3.211259444554647,1
7359,181963,27.55883068244753,30,0.050000000000000044,2.4892957551138744,0
7360,181972,7.586855564303888,9,0.050000000000000044,2.8093059062957764,1
7361,181993,16.020491629774416,21,0.050000000000000044,4.174986124038696,1
7362,182006,11.754889575779497,13,0.050000000000000044,3.8352440198262534,1
7363,182020,12.953453755102192,14,0.050000000000000044,3.0933626890182495,1
7364,182033,12.044620954800967,13,0.050000000000000044,3.304020404815674,1
7365,182043,7.205363926390915,10,0.050000000000000044,2.062786340713501,1
7366,182073,29.33905571636368,30,0.050000000000000044,3.672769218683243,0
7367,182089,14.949493360577684,16,0.050000000000000044,4.913914084434509,1
7368,182093,3.0505961767749987,4,0.050000000000000044,6.457782745361328,1
7369,182100,5.95717232116616,7,0.050000000000000044,4.890213966369629,1
7370,182130,28.94074775334825,30,0.050000000000000044,4.168172666004726,0
7371,182160,29.542301253489747,30,0.050000000000000044,4.089117646217346,0
7372,182186,24.945824629332837,26,0.050000000000000044,4.265409032503764,1
7373,182216,29.93261424469538,30,0.050000000000000044,3.6456863582134247,0
7374,182246,28.38599441488435,30,0.050000000000000044,4.322143452508109,0
7375,182266,18.949530159957476,20,0.050000000000000044,3.388363981246948,1
7376,182284,13.613365510806272,18,0.050000000000000044,3.539350128173828,1
7377,182296,10.955316141548371,12,0.050000000000000044,3.708680788675944,1
7378,182326,29.741396055152798,30,0.050000000000000044,3.803943395614624,0
7379,182330,2.9592167598122607,4,0.050000000000000044,3.106045722961426,1
7380,182360,29.553502078427396,30,0.050000000000000044,3.931203305721283,0
7381,182367,5.95373898026243,7,0.050000000000000044,2.7294936180114746,1
7382,182383,15.117315200604228,16,0.050000000000000044,3.1652209162712097,1
7383,182413,25.997557468502595,30,0.050000000000000044,3.740740954875946,1
7384,182443,28.630841106170234,30,0.050000000000000044,3.671199526105608,0
7385,182450,5.593044253188626,7,0.050000000000000044,3.0796215534210205,1
7386,182475,23.94766289711997,25,0.050000000000000044,4.152363419532776,1
7387,182503,26.790694579698105,28,0.050000000000000044,2.8904740810394287,1
7388,182533,27.363906692814783,30,0.050000000000000044,3.867529481649399,0
7389,182563,21.320515553118803,30,0.050000000000000044,3.636755977358137,0
7390,182583,17.847499152618305,20,0.050000000000000044,3.480476188659668,1
7391,182608,23.94315214717384,25,0.050000000000000044,3.7310689176831926,1
7392,182619,8.960614181796632,11,0.050000000000000044,4.8177478313446045,1
7393,182629,8.154600497936563,10,0.050000000000000044,3.6153090794881186,1
7394,182639,8.756068289701213,10,0.050000000000000044,2.6668918132781982,1
7395,182669,29.03881958664605,30,0.050000000000000044,2.7256943210959435,1
7396,182699,29.53288945026916,30,0.050000000000000044,3.7135476044246127,0
7397,182705,4.5966638975407035,6,0.050000000000000044,3.2399061918258667,1
7398,182727,18.47847830156165,22,0.050000000000000044,3.644478368759155,1
7399,182757,29.95319721669394,30,0.050000000000000044,3.007018506526947,0
7400,182787,28.028003307885168,30,0.050000000000000044,3.961485351834978,0
7401,182817,28.546105182277845,30,0.050000000000000044,4.332067906856537,0
7402,182823,4.001616131048545,6,0.050000000000000044,1.8262324333190918,1
7403,182841,14.367520317849658,18,0.050000000000000044,3.709458589553833,1
7404,182871,29.953471023832844,30,0.050000000000000044,3.9580862862723216,0
7405,182900,27.35174337564158,29,0.050000000000000044,3.092177376151085,1
7406,182930,29.23668595147116,30,0.050000000000000044,3.2696694816861833,0
7407,182938,6.99655495624685,8,0.050000000000000044,3.2794137001037598,1
7408,182951,11.95162238229141,13,0.050000000000000044,3.5809410413106284,1
7409,182977,21.943662250480724,26,0.050000000000000044,3.2983407974243164,1
7410,182995,15.755027088191646,18,0.050000000000000044,3.4200647473335266,1
7411,183015,18.38506819265566,20,0.050000000000000044,3.334847927093506,1
7412,183043,27.252357498895005,28,0.050000000000000044,3.9462132453918457,1
7413,183068,18.313756543754657,25,0.050000000000000044,3.930967399052211,1
7414,183092,23.1054778219213,24,0.050000000000000044,4.006245930989583,1
7415,183122,22.756823465099025,30,0.050000000000000044,4.463269438062396,1
7416,183139,16.117854782652813,17,0.050000000000000044,4.555148780345917,1
7417,183159,18.939473660771505,20,0.050000000000000044,5.025576257705689,1
7418,183187,24.754802139264573,28,0.050000000000000044,4.628962959562029,1
7419,183211,22.951632407995795,24,0.050000000000000044,3.452326933542887,1
7420,183231,16.248677487910886,20,0.050000000000000044,2.9646968603134156,1
7421,183243,10.555358106420673,12,0.050000000000000044,2.965757211049398,1
7422,183253,8.754210140752127,10,0.050000000000000044,2.883453687032064,1
7423,183283,27.59970367644618,30,0.050000000000000044,4.398455721991403,0
7424,183298,14.05411322393183,15,0.050000000000000044,2.7233749330043793,1
7425,183328,29.066549977947048,30,0.050000000000000044,3.7782390415668488,0
7426,183348,18.78701039475752,20,0.050000000000000044,3.3881986141204834,1
7427,183355,5.756066748709668,7,0.050000000000000044,4.081546306610107,1
7428,183367,10.957161892843438,12,0.050000000000000044,3.1953580379486084,1
7429,183385,16.941862887063746,18,0.050000000000000044,4.693815040588379,1
7430,183396,10.193940860444362,11,0.050000000000000044,4.3863991896311445,1
7431,183413,15.953197597206305,17,0.050000000000000044,4.028289377689362,1
7432,183443,21.84751683427788,30,0.050000000000000044,3.177395599228995,0
7433,183473,29.94553010204711,30,0.050000000000000044,3.6329175531864166,0
7434,183490,14.565672656255675,17,0.050000000000000044,2.8868576884269714,1
7435,183511,20.041101861523277,21,0.050000000000000044,3.862246608734131,1
7436,183517,4.757953414991336,6,0.050000000000000044,2.9086724519729614,1
7437,183534,14.959830685825697,17,0.050000000000000044,4.737956881523132,1
7438,183564,26.05431464378679,30,0.050000000000000044,3.7159827649593353,0
7439,183576,10.955328029038967,12,0.050000000000000044,3.5438600381215415,1
7440,183606,21.21498793196327,30,0.050000000000000044,2.995805025100708,0
7441,183610,2.9557893636642034,4,0.050000000000000044,3.4166676998138428,1
7442,183628,16.354282634233154,18,0.050000000000000044,3.8240357398986817,1
7443,183658,22.155915087775302,30,0.050000000000000044,3.853342499051775,0
7444,183682,19.529950762362965,24,0.050000000000000044,4.297660867373149,1
7445,183698,14.957161889064562,16,0.050000000000000044,3.8895739316940308,1
7446,183705,6.191559436351632,7,0.050000000000000044,3.219066023826599,1
7447,183718,8.181818181818182,13,0.050000000000000044,3.565580209096273,1
7448,183725,4.799736461079368,7,0.050000000000000044,4.297788381576538,1
7449,183748,20.37714999090423,23,0.050000000000000044,3.9738663037618003,1
7450,183778,26.915212918086898,30,0.050000000000000044,3.623716643878392,0
7451,183808,27.56039345997895,30,0.050000000000000044,4.347521245479584,0
7452,183838,29.932078603183882,30,0.050000000000000044,4.328122956412179,0
7453,183868,29.94527830353756,30,0.050000000000000044,4.1750854551792145,0
7454,183877,7.75644498726981,9,0.050000000000000044,2.4823079109191895,1
7455,183907,29.144584171856902,30,0.050000000000000044,3.701233046395438,0
7456,183937,24.07845609485926,30,0.050000000000000044,3.7705392837524414,0
7457,183967,22.708198690594074,30,0.050000000000000044,4.177671228136335,0
7458,183972,4.1205353024358065,5,0.050000000000000044,3.807807683944702,1
7459,183995,22.185467342796514,23,0.050000000000000044,2.9924660205841063,1
7460,184021,20.30131818885272,26,0.050000000000000044,3.311831372124808,1
7461,184051,29.937578087499105,30,0.050000000000000044,2.9576881442751204,0
7462,184081,27.165229653747264,30,0.050000000000000044,3.8267951011657715,0
7463,184099,16.9531968353914,18,0.050000000000000044,4.248921632766724,1
7464,184129,29.937878742465017,30,0.050000000000000044,3.594572275876999,0
7465,184159,29.941829842140436,30,0.050000000000000044,3.4391696453094482,0
7466,184189,29.38256123251461,30,0.050000000000000044,4.4387900829315186,0
7467,184203,12.953186307866106,14,0.050000000000000044,4.715864022572835,1
7468,184216,11.749986028373794,13,0.050000000000000044,4.104629367589951,1
7469,184225,7.9590122436400925,9,0.050000000000000044,4.202885150909424,1
7470,184235,7.5636979575423435,10,0.050000000000000044,2.331031918525696,1
7471,184243,6.555506805158492,8,0.050000000000000044,3.8266934156417847,1
7472,184273,29.936314881868196,30,0.050000000000000044,3.422459900379181,0
7473,184303,29.748418676710568,30,0.050000000000000044,3.373752304485866,0
7474,184308,3.9571975996624404,5,0.050000000000000044,3.89408540725708,1
7475,184315,5.957167485940297,7,0.050000000000000044,0.9971499443054199,1
7476,184345,29.578250160379493,30,0.050000000000000044,3.8347651660442352,0
7477,184375,25.614795734244375,30,0.050000000000000044,4.165705135890415,0
7478,184382,6.2771942064500115,7,0.050000000000000044,3.0953516960144043,1
7479,184406,22.739424719594965,24,0.050000000000000044,3.6701767841974893,1
7480,184433,25.510727169360212,27,0.050000000000000044,3.1320831775665283,1
7481,184448,13.9479324838068,15,0.050000000000000044,3.0404441356658936,1
7482,184478,29.546603289750514,30,0.050000000000000044,2.914520059313093,0
7483,184500,18.868422048816658,22,0.050000000000000044,3.8956076304117837,1
7484,184517,15.985791001820182,17,0.050000000000000044,3.459413528442383,1
7485,184527,8.953453414329623,10,0.050000000000000044,3.6459007263183594,1
7486,184538,9.959012214701307,11,0.050000000000000044,5.3591353098551435,1
7487,184568,29.541612649561237,30,0.050000000000000044,3.6510209441184998,0
7488,184586,13.794333125152543,18,0.050000000000000044,2.4463905692100525,1
7489,184616,29.94212587349525,30,0.050000000000000044,3.2471567392349243,0
7490,184632,15.191976329083364,16,0.050000000000000044,2.325987607240677,1
7491,184657,23.951070964440895,25,0.050000000000000044,2.922209362188975,1
7492,184687,29.937642085441816,30,0.050000000000000044,4.066263573510306,0
7493,184707,18.790694579684406,20,0.050000000000000044,2.908189630508423,1
7494,184722,13.943731641508224,15,0.050000000000000044,3.0510969758033752,1
7495,184730,7.044593950684414,8,0.050000000000000044,3.6046226620674133,1
7496,184742,10.951368000625322,12,0.050000000000000044,3.46450146039327,1
7497,184746,2.9573710298187494,4,0.050000000000000044,3.100972890853882,1
7498,184754,6.955056842892072,8,0.050000000000000044,4.951063394546509,1
7499,184772,16.394431851224073,18,0.050000000000000044,3.321106433868408,1
7500,184777,3.9571975996624404,5,0.050000000000000044,4.4501471519470215,1
7501,184804,25.970656660835623,27,0.050000000000000044,3.453744718006679,1
7502,184820,14.953480773332952,16,0.050000000000000044,2.9806621968746185,1
7503,184841,20.112313851398486,21,0.050000000000000044,3.8107272148132325,1
7504,184860,17.95133447260805,19,0.050000000000000044,4.088510227203369,1
7505,184867,5.957167485940297,7,0.050000000000000044,4.741847038269043,1
7506,184897,29.74867191715043,30,0.050000000000000044,3.904060184955597,0
7507,184927,29.94737106521636,30,0.050000000000000044,3.7918270315442766,0
7508,184943,14.357963684230599,16,0.050000000000000044,3.761043906211853,1
7509,184957,12.950046344260292,14,0.050000000000000044,2.854227662086487,1
7510,184987,29.940278936763594,30,0.050000000000000044,3.899812255586897,0
7511,185003,14.40030594599438,16,0.050000000000000044,3.4905551075935364,1
7512,185032,25.754105221422048,29,0.050000000000000044,3.4402232319116592,1
7513,185062,24.97759500593997,30,0.050000000000000044,3.6341663088117326,0
7514,185082,18.951886547673066,20,0.050000000000000044,3.676980209350586,1
7515,185112,29.94526824054944,30,0.050000000000000044,3.909619390964508,0
7516,185137,23.748139302041807,25,0.050000000000000044,3.9276978174845376,1
7517,185167,29.742428291811454,30,0.050000000000000044,3.1620234421321323,0
7518,185185,16.162302996465417,18,0.050000000000000044,4.10850248336792,1
7519,185210,23.595230231031653,25,0.050000000000000044,4.979739983876546,1
7520,185220,8.951634465076927,10,0.050000000000000044,3.4044960339864097,1
7521,185248,25.345563002208266,28,0.050000000000000044,3.5235236372266496,1
7522,185278,23.93790281740182,30,0.050000000000000044,4.71915510722569,0
7523,185292,12.552172426062397,14,0.050000000000000044,4.727089703083038,1
7524,185305,10.886467683750118,13,0.050000000000000044,3.3560943603515625,1
7525,185335,29.93811810502765,30,0.050000000000000044,3.91723302432469,0
7526,185363,26.945544463331398,28,0.050000000000000044,3.4534983975546703,1
7527,185393,29.941292451447048,30,0.050000000000000044,3.6258490681648254,0
7528,185399,4.957172438484455,6,0.050000000000000044,5.361598014831543,1
7529,185429,29.94584040184912,30,0.050000000000000044,3.807179480791092,0
7530,185445,14.187881045780482,16,0.050000000000000044,4.084046721458435,1
7531,185475,29.14811994157077,30,0.050000000000000044,3.1596192632402693,0
7532,185503,27.261884858123594,28,0.050000000000000044,3.0388876370021274,1
7533,185509,4.959018187143877,6,0.050000000000000044,2.9944649934768677,1
7534,185511,1.1211282096181674,2,0.050000000000000044,nan,1
7535,185541,29.947646502176557,30,0.050000000000000044,3.847824603319168,0
7536,185571,29.939454539923453,30,0.050000000000000044,2.5949257952826366,0
7537,185593,20.750883687150814,22,0.050000000000000044,3.2034153938293457,1
7538,185607,10.40767382406674,14,0.050000000000000044,3.5942986806233725,1
7539,185636,26.546941992901907,29,0.050000000000000044,3.6645490527153015,1
7540,185641,4.1205353024358065,5,0.050000000000000044,2.775595188140869,1
7541,185657,14.946069388157182,16,0.050000000000000044,3.5333456993103027,1
7542,185674,15.754503541809592,17,0.050000000000000044,3.4760774672031403,1
7543,185692,17.184489510203218,18,0.050000000000000044,3.5976107120513916,1
7544,185722,24.425691171666443,30,0.050000000000000044,3.466102123260498,0
7545,185752,29.140308626519797,30,0.050000000000000044,3.0989277064800262,0
7546,185782,25.897278469557918,30,0.050000000000000044,3.1157824652535573,0
7547,185798,14.753950680177288,16,0.050000000000000044,3.8564111590385437,1
7548,185828,27.888124327361137,30,0.050000000000000044,3.9510012418031693,0
7549,185845,14.44461814920598,17,0.050000000000000044,3.805550992488861,1
7550,185875,29.946071619954054,30,0.050000000000000044,3.1542843239648,0
7551,185880,4.195807353052021,5,0.050000000000000044,4.097095251083374,1
7552,185895,13.953724456468278,15,0.050000000000000044,4.385450124740601,1
7553,185916,19.36021719594973,21,0.050000000000000044,3.440501093864441,1
7554,185936,18.949232728991642,20,0.050000000000000044,3.801482391357422,1
7555,185960,22.786993933428107,24,0.050000000000000044,4.0369265874226885,1
7556,185990,29.744682755540648,30,0.050000000000000044,3.780092171260289,0
7557,186006,14.58564821268971,16,0.050000000000000044,2.6741987466812134,1
7558,186036,27.761511873003997,30,0.050000000000000044,3.8000126481056213,0
7559,186066,29.94395354296138,30,0.050000000000000044,4.0666802270071845,0
7560,186096,26.001708734804254,30,0.050000000000000044,3.7609846591949463,0
7561,186120,22.9785855290696,24,0.050000000000000044,3.848252813021342,1
7562,186144,22.95346197616135,24,0.050000000000000044,3.3348079125086465,1
7563,186174,29.932847194181477,30,0.050000000000000044,3.71374705859593,0
7564,186190,14.950051566219487,16,0.050000000000000044,3.3764374256134033,1
7565,186220,29.94710628484933,30,0.050000000000000044,3.6737628877162933,0
7566,186233,11.946068371055391,13,0.050000000000000044,2.777677377065023,1
7567,186240,4.804599678516992,7,0.050000000000000044,4.20614218711853,1
7568,186254,12.95531614048039,14,0.050000000000000044,3.9836676120758057,1
7569,186281,26.113913729744738,27,0.050000000000000044,3.746481554848807,1
7570,186303,17.96713970989938,22,0.050000000000000044,3.0446803092956545,1
7571,186333,25.256340569821273,30,0.050000000000000044,3.794206939637661,0
7572,186354,15.37988481627883,21,0.050000000000000044,3.1239842414855956,1
7573,186368,12.554577763709037,14,0.050000000000000044,4.05567193031311,1
7574,186398,29.937114538193597,30,0.050000000000000044,4.359848431178501,0
7575,186427,25.79686185595875,29,0.050000000000000044,3.8353206430162703,1
7576,186457,29.93866995119549,30,0.050000000000000044,3.3359882533550262,0
7577,186487,21.874849731382454,30,0.050000000000000044,4.101406914847238,0
7578,186502,13.946595236450069,15,0.050000000000000044,3.3031052947044373,1
7579,186532,29.549793610401338,30,0.050000000000000044,2.8421642184257507,0
7580,186540,6.9571666396087695,8,0.050000000000000044,3.997449040412903,1
7581,186542,1.0831046283131358,2,0.050000000000000044,nan,1
7582,186560,17.066585398285753,18,0.050000000000000044,2.067876124382019,1
7583,186580,18.949483828151656,20,0.050000000000000044,3.186956548690796,1
7584,186600,18.64299555977807,20,0.050000000000000044,3.7358147144317626,1
7585,186611,9.95504758561942,11,0.050000000000000044,4.251401901245117,1
7586,186641,29.942652163992218,30,0.050000000000000044,3.9713009893894196,0
7587,186671,29.935776336125215,30,0.050000000000000044,3.2390967096601213,0
7588,186701,29.14734969815595,30,0.050000000000000044,4.040640950202942,0
7589,186727,24.940248424372406,26,0.050000000000000044,3.8478064139684043,1
7590,186736,8.194211133866032,9,0.050000000000000044,4.581507762273152,1
7591,186766,26.424193635748892,30,0.050000000000000044,3.6840169770377025,0
7592,186796,27.003570805393636,30,0.050000000000000044,4.040860623121262,0
7593,186826,24.14607579288307,30,0.050000000000000044,4.433836596352713,0
7594,186856,29.941853250735974,30,0.050000000000000044,3.871652990579605,0
7595,186886,29.540322916775235,30,0.050000000000000044,3.363482883998326,0
7596,186909,21.94108605184875,23,0.050000000000000044,3.440905292828878,1
7597,186935,24.951636962952243,26,0.050000000000000044,4.531611641248067,1
7598,186965,29.74904292852212,30,0.050000000000000044,3.256701812148094,0
7599,186995,29.547419126065677,30,0.050000000000000044,3.8037053857530867,0
7600,187002,5.953219764487226,7,0.050000000000000044,4.325197458267212,1
7601,187029,25.9494968180987,27,0.050000000000000044,3.2995358194623674,1
7602,187059,28.939680308977444,30,0.050000000000000044,2.9800044127873013,1
7603,187089,28.57272489654975,30,0.050000000000000044,3.8175358921289444,1
7604,187099,8.953206889509119,10,0.050000000000000044,3.9948028326034546,1
7605,187113,12.871964672390208,14,0.050000000000000044,3.6756190061569214,1
7606,187129,14.946361950298694,16,0.050000000000000044,3.7262001633644104,1
7607,187159,27.900983614167636,30,0.050000000000000044,4.1443890162876675,0
7608,187170,10.04856716334562,11,0.050000000000000044,4.133734464645386,1
7609,187187,15.94739614485503,17,0.050000000000000044,4.194328784942627,1
7610,187198,9.760148603052913,11,0.050000000000000044,3.204770008722941,1
7611,187211,11.947679078262682,13,0.050000000000000044,3.3126538594563804,1
7612,187225,12.951899772779218,14,0.050000000000000044,4.111201643943787,1
7613,187241,15.193952504040949,16,0.050000000000000044,3.3496445417404175,1
7614,187253,10.555738966772234,12,0.050000000000000044,5.5790079434712725,1
7615,187283,22.08862650794076,30,0.050000000000000044,4.268644656453814,0
7616,187313,29.94609384836698,30,0.050000000000000044,3.586299329996109,0
7617,187343,24.742056710440504,30,0.050000000000000044,3.61907468523298,0
7618,187362,18.04668778832125,19,0.050000000000000044,2.966307854652405,1
7619,187378,14.744171924993301,16,0.050000000000000044,3.8118723034858704,1
7620,187397,17.75420574236455,19,0.050000000000000044,3.97827730178833,1
7621,187425,26.938162383608006,28,0.050000000000000044,3.937847682407924,1
7622,187445,19.064998469265802,20,0.050000000000000044,4.450796222686767,1
7623,187466,18.95167467272551,21,0.050000000000000044,3.5028172969818114,1
7624,187496,22.518448008998316,30,0.050000000000000044,4.1924737095832825,0
7625,187517,19.946082840916787,21,0.050000000000000044,3.9032536506652833,1
7626,187547,26.962973922064098,30,0.050000000000000044,4.363550356456211,1
7627,187577,29.74426652684839,30,0.050000000000000044,3.4162333011627197,0
7628,187603,23.159995264127506,26,0.050000000000000044,3.5259700616200766,1
7629,187624,19.441650564399325,21,0.050000000000000044,3.031528115272522,1
7630,187639,11.341942686799973,15,0.050000000000000044,2.0238904555638633,1
7631,187665,24.248497395451622,26,0.050000000000000044,3.5828359127044678,1
7632,187677,11.26767449673679,12,0.050000000000000044,2.7677334944407144,1
7633,187707,29.942642781517467,30,0.050000000000000044,4.2991469247000555,0
7634,187726,17.94764628037704,19,0.050000000000000044,3.1054721117019652,1
7635,187756,28.19661042273152,30,0.050000000000000044,3.2173629850149155,0
7636,187786,25.805804772697826,30,0.050000000000000044,3.7275779587881908,0
7637,187800,12.953485364372094,14,0.050000000000000044,3.4922662377357483,1
7638,187813,11.955311688561947,13,0.050000000000000044,4.291305780410767,1
7639,187819,4.957177290232426,6,0.050000000000000044,4.389407634735107,1
7640,187832,11.953209672275017,13,0.050000000000000044,2.7105973809957504,1
7641,187847,14.044861584993292,15,0.050000000000000044,3.4605425198872886,1
7642,187877,29.750629172315048,30,0.050000000000000044,3.4488175362348557,0
7643,187889,10.955047797125797,12,0.050000000000000044,3.550425926844279,1
7644,187895,4.756119597166153,6,0.050000000000000044,2.814981460571289,1
7645,187925,29.949769621249626,30,0.050000000000000044,3.591219961643219,0
7646,187933,6.955047971433825,8,0.050000000000000044,3.360138177871704,1
7647,187941,6.959012388268193,8,0.050000000000000044,3.737823963165283,1
7648,187971,24.935134307322315,30,0.050000000000000044,3.360947608947754,0
7649,187975,2.9592167598122607,4,0.050000000000000044,3.404024600982666,1
7650,187994,17.973559552670192,19,0.050000000000000044,4.362712335586548,1
7651,188002,6.955299826692759,8,0.050000000000000044,2.370494246482849,1
7652,188032,29.933948072466382,30,0.050000000000000044,3.6382175981998444,0
7653,188060,26.9412796086717,28,0.050000000000000044,3.7224464416503906,1
7654,188077,14.285154148902418,17,0.050000000000000044,4.206781983375549,1
7655,188083,4.367166051770688,6,0.050000000000000044,3.4069433212280273,1
7656,188105,20.943441628337272,22,0.050000000000000044,3.75508721669515,1
7657,188135,29.54397854714566,30,0.050000000000000044,3.7494524206433977,0
7658,188165,28.03068886035169,30,0.050000000000000044,3.1960336565971375,0
7659,188191,24.942103819661423,26,0.050000000000000044,3.15207846959432,1
7660,188221,29.953471023833377,30,0.050000000000000044,3.7917983531951904,0
7661,188251,29.537296127211313,30,0.050000000000000044,3.716620070593698,0
7662,188277,24.9458253592157,26,0.050000000000000044,3.6829762118203297,1
7663,188307,29.94263039181375,30,0.050000000000000044,3.4182850973946706,0
7664,188337,29.94580689157914,30,0.050000000000000044,3.830990433692932,0
7665,188348,9.959012214701307,11,0.050000000000000044,3.017918904622396,1
7666,188354,4.959018187143877,6,0.050000000000000044,4.0258073806762695,1
7667,188382,26.94604730545962,28,0.050000000000000044,4.5007971695491245,1
7668,188393,9.750529595872363,11,0.050000000000000044,3.1763142744700112,1
7669,188399,4.955064039787177,6,0.050000000000000044,2.2880055904388428,1
7670,188411,10.589342493336288,12,0.050000000000000044,4.745010693868001,1
7671,188431,19.112352436310243,20,0.050000000000000044,4.180822849273682,1
7672,188454,21.947383023261942,23,0.050000000000000044,3.0063279072443643,1
7673,188469,13.755594956428311,15,0.050000000000000044,2.748404562473297,1
7674,188499,26.208520086024176,30,0.050000000000000044,2.85391742842538,0
7675,188526,24.290801267448977,27,0.050000000000000044,3.8989219835826328,1
7676,188556,25.57308755737066,30,0.050000000000000044,3.7861524522304535,0
7677,188586,26.34042000369644,30,0.050000000000000044,4.076543467385428,0
7678,188597,10.19368390607421,11,0.050000000000000044,4.398599942525228,1
7679,188627,29.94157806952907,30,0.050000000000000044,4.010057585580008,0
7680,188657,29.940552563594956,30,0.050000000000000044,3.8992893397808075,0
7681,188671,12.959012213835136,14,0.050000000000000044,3.9888426462809243,1
7682,188683,10.95716190884756,12,0.050000000000000044,3.61051082611084,1
7683,188703,18.953461635518764,20,0.050000000000000044,2.9671993255615234,1
7684,188707,3.2753881864994234,4,0.050000000000000044,1.9805926084518433,1
7685,188735,26.936808366241642,28,0.050000000000000044,2.920396617480687,1
7686,188753,16.951611695405017,18,0.050000000000000044,3.9767105102539064,1
7687,188757,3.277228986514285,4,0.050000000000000044,2.7214019298553467,1
7688,188787,29.943965958630283,30,0.050000000000000044,4.1131800924028665,0
7689,188817,29.773512499357928,30,0.050000000000000044,4.142017424106598,0
7690,188847,23.670006119855422,30,0.050000000000000044,4.701357228415353,0
7691,188869,20.94768223659716,22,0.050000000000000044,3.609037200609843,1
7692,188899,29.93921683373849,30,0.050000000000000044,3.720556770052229,0
7693,188929,29.940282684102574,30,0.050000000000000044,3.617955580353737,0
7694,188959,29.347970198030986,30,0.050000000000000044,3.369939855166844,0
7695,188965,4.84991313478692,6,0.050000000000000044,2.4747095108032227,1
7696,188995,26.211747584862255,30,0.050000000000000044,3.6758359500340054,0
7697,189014,17.95163697051628,19,0.050000000000000044,3.015733242034912,1
7698,189044,28.120592346499624,30,0.050000000000000044,3.632641479372978,0
7699,189059,13.794132033217414,15,0.050000000000000044,3.6709932486216226,1
7700,189089,24.069586040671833,30,0.050000000000000044,3.02221217751503,0
7701,189119,29.546916739912316,30,0.050000000000000044,3.8695760454450334,0
7702,189141,20.74693170253946,22,0.050000000000000044,3.036103844642639,1
7703,189171,29.73807876823404,30,0.050000000000000044,3.6075725896017894,0
7704,189177,4.955334021795722,6,0.050000000000000044,3.4755642414093018,1
7705,189201,22.187487917980118,24,0.050000000000000044,3.2105023860931396,1
7706,189209,6.957162188088722,8,0.050000000000000044,3.5162270069122314,1
7707,189227,17.044326156453206,18,0.050000000000000044,2.8178627490997314,1
7708,189231,2.7572668943498306,4,0.050000000000000044,3.039588451385498,1
7709,189240,8.071217564011526,9,0.050000000000000044,3.1279364426930747,1
7710,189262,20.944472010022483,22,0.050000000000000044,3.4149943828582763,1
7711,189285,21.979660408782205,23,0.050000000000000044,4.074284831682841,1
7712,189297,10.953729011817718,12,0.050000000000000044,1.9401618639628093,1
7713,189306,7.75606833338029,9,0.050000000000000044,6.15322732925415,1
7714,189336,29.746669007918133,30,0.050000000000000044,3.7684861421585083,0
7715,189344,7.044589772757389,8,0.050000000000000044,2.0819934606552124,1
7716,189354,8.949235911852636,10,0.050000000000000044,3.07027268409729,1
7717,189369,13.404282297400927,15,0.050000000000000044,4.577633738517761,1
7718,189399,29.257874671127972,30,0.050000000000000044,2.992198739733015,1
7719,189429,26.294132033216687,30,0.050000000000000044,3.8368090987205505,0
7720,189459,27.716437846222778,30,0.050000000000000044,3.698888727596828,0
7721,189489,27.827165247154,30,0.050000000000000044,4.036696881055832,0
7722,189498,7.947671476945338,9,0.050000000000000044,3.300298571586609,1
7723,189506,6.953480987377489,8,0.050000000000000044,4.350556969642639,1
7724,189528,19.962848783398645,22,0.050000000000000044,3.91952915986379,1
7725,189533,3.989439550944213,5,0.050000000000000044,3.2205233573913574,1
7726,189537,3.277228986514285,4,0.050000000000000044,4.752155780792236,1
7727,189551,12.955299496373021,14,0.050000000000000044,3.225858529408773,1
7728,189565,11.16035962709322,14,0.050000000000000044,3.048961341381073,1
7729,189570,3.7562653400402612,5,0.050000000000000044,3.8112454414367676,1
7730,189600,29.549526066167303,30,0.050000000000000044,4.3402960896492,0
7731,189625,22.74618328329324,25,0.050000000000000044,3.794930875301361,1
7732,189630,4.119716808703259,5,0.050000000000000044,2.860433578491211,1
7733,189636,4.953230411074033,6,0.050000000000000044,3.1924080848693848,1
7734,189658,21.191833575696894,22,0.050000000000000044,3.176938199996948,1
7735,189688,26.593590002094786,30,0.050000000000000044,3.4566988050937653,1
7736,189718,29.13511739840351,30,0.050000000000000044,3.2030947378703525,0
7737,189726,6.9555749704764125,8,0.050000000000000044,2.772478938102722,1
7738,189756,29.939453291109857,30,0.050000000000000044,3.7438787072896957,0
7739,189786,27.584932532096172,30,0.050000000000000044,3.406785726547241,0
7740,189816,28.502107081902928,30,0.050000000000000044,3.672208696603775,0
7741,189833,15.946068297552484,17,0.050000000000000044,3.18614262342453,1
7742,189863,29.94396669401722,30,0.050000000000000044,3.6858430930546353,0
7743,189888,22.829938316697252,25,0.050000000000000044,3.6867783069610596,1
7744,189891,2.19780350286469,3,0.050000000000000044,nan,1
7745,189903,10.953197640422792,12,0.050000000000000044,4.2186219692230225,1
7746,189917,12.953184776630113,14,0.050000000000000044,4.418810129165649,1
7747,189947,29.945532625449317,30,0.050000000000000044,4.403319461005075,0
7748,189977,26.087224322449767,30,0.050000000000000044,3.6677237153053284,0
7749,189983,4.9555893528467045,6,0.050000000000000044,3.117875576019287,1
7750,189989,4.752915290078981,6,0.050000000000000044,3.98639178276062,1
7751,189993,2.9592167598122607,4,0.050000000000000044,2.0624654293060303,1
7752,190023,29.756711159660355,30,0.050000000000000044,2.9788189956120084,0
7753,190051,22.602733083405298,28,0.050000000000000044,3.8248944112232754,1
7754,190063,11.273494119118489,12,0.050000000000000044,4.083081086476644,1
7755,190093,29.54489185620376,30,0.050000000000000044,3.7050460278987885,0
7756,190106,12.189707679699044,13,0.050000000000000044,4.23766827583313,1
7757,190136,25.013475900229707,30,0.050000000000000044,4.876339823007584,0
7758,190166,29.74850563307725,30,0.050000000000000044,4.0895514488220215,0
7759,190177,9.757918465583721,11,0.050000000000000044,4.505171616872151,1
7760,190206,27.4426219169197,29,0.050000000000000044,4.244915962219238,1
7761,190228,20.748403169344087,22,0.050000000000000044,3.3340630531311035,1
7762,190244,15.04855016390604,16,0.050000000000000044,4.418960332870483,1
7763,190274,27.37094772462086,30,0.050000000000000044,3.7597776481083462,0
7764,190280,4.561489487084988,6,0.050000000000000044,2.4689106941223145,1
7765,190294,12.951635754564979,14,0.050000000000000044,2.5646708806355796,1
7766,190307,9.940034152808655,13,0.050000000000000044,4.626219113667806,1
7767,190335,26.545596873924183,28,0.050000000000000044,5.176279919488089,1
7768,190365,22.833656554594555,30,0.050000000000000044,4.817783564329147,0
7769,190372,5.959013234599721,7,0.050000000000000044,3.9821150302886963,1
7770,190382,8.85339928701284,10,0.050000000000000044,2.9177215099334717,1
7771,190412,27.586188633086145,30,0.050000000000000044,2.6433939337730408,0
7772,190432,18.952921261210285,20,0.050000000000000044,3.8802680015563964,1
7773,190452,18.545083485319708,20,0.050000000000000044,3.0041592597961424,1
7774,190479,25.3443840357061,27,0.050000000000000044,3.683876554171244,1
7775,190507,26.54508559060353,28,0.050000000000000044,4.068310022354126,1
7776,190537,29.9284211090389,30,0.050000000000000044,3.729462593793869,0
7777,190567,29.741283714478193,30,0.050000000000000044,4.392814687320164,0
7778,190583,14.953474040228777,16,0.050000000000000044,4.363693714141846,1
7779,190605,20.947673188913598,22,0.050000000000000044,4.255647540092468,1
7780,190621,12.96630242189361,16,0.050000000000000044,3.381962478160858,1
7781,190651,24.69400787152558,30,0.050000000000000044,3.827528272356306,0
7782,190662,8.363070099992646,11,0.050000000000000044,3.7739384969075522,1
7783,190692,29.94765981215589,30,0.050000000000000044,3.812331661581993,0
7784,190713,16.018078856028584,21,0.050000000000000044,4.049915218353272,1
7785,190725,10.955321348545851,12,0.050000000000000044,3.486178159713745,1
7786,190755,28.826390399173132,30,0.050000000000000044,4.769474574497768,0
7787,190757,0.9660165442504834,2,0.050000000000000044,2.8510780334472656,1
7788,190787,29.946084457920712,30,0.050000000000000044,3.8980631487710133,0
7789,190816,27.935767601216057,29,0.050000000000000044,3.69782817363739,1
7790,190838,19.476240047667428,22,0.050000000000000044,3.74093074798584,1
7791,190862,19.927758042197393,24,0.050000000000000044,3.4874196449915567,1
7792,190892,29.941578893257947,30,0.050000000000000044,4.279167398810387,0
7793,190922,28.940049290066266,30,0.050000000000000044,3.9689724445343018,0
7794,190942,18.557236333753952,20,0.050000000000000044,4.060868549346924,1
7795,190949,5.757924433802747,7,0.050000000000000044,1.9655107855796814,1
7796,190963,12.54716410198064,14,0.050000000000000044,4.545960585276286,1
7797,190991,26.335636310945375,28,0.050000000000000044,3.923560721533639,1
7798,191004,9.09071874394072,13,0.050000000000000044,3.290818691253662,1
7799,191010,4.955055041632964,6,0.050000000000000044,2.076850652694702,1
7800,191031,19.95186242592756,21,0.050000000000000044,3.8898772478103636,1
7801,191041,8.957171302104223,10,0.050000000000000044,2.9164816538492837,1
7802,191050,6.4009175774725815,9,0.050000000000000044,2.4779164791107178,1
7803,191067,14.56288092405422,17,0.050000000000000044,4.279379785060883,1
7804,191088,20.04485453192746,21,0.050000000000000044,2.6214134295781455,1
7805,191101,9.609182217382319,13,0.050000000000000044,4.146046320597331,1
7806,191107,4.35428208612619,6,0.050000000000000044,4.030899524688721,1
7807,191137,29.74708059789059,30,0.050000000000000044,3.2060163021087646,0
7808,191164,24.557336420406514,27,0.050000000000000044,3.681213174547468,1
7809,191189,23.4003188194566,25,0.050000000000000044,3.4866995016733804,1
7810,191219,27.08227588450978,30,0.050000000000000044,3.2719268117632185,0
7811,191249,28.939800027287955,30,0.050000000000000044,3.1154402047395706,0
7812,191254,3.9572014196905787,5,0.050000000000000044,3.2423934936523438,1
7813,191284,28.401697549830587,30,0.050000000000000044,3.164942517876625,0
7814,191314,28.956524347785027,30,0.050000000000000044,3.9456060273306712,0
7815,191344,29.94766577155451,30,0.050000000000000044,3.335052080452442,0
7816,191355,9.786488384784507,11,0.050000000000000044,2.7011409997940063,1
7817,191365,9.050148511645554,10,0.050000000000000044,3.801146666208903,1
7818,191395,29.949784722841105,30,0.050000000000000044,4.042326143809727,0
7819,191425,29.938701996747383,30,0.050000000000000044,2.984494134783745,0
7820,191433,6.354944070254472,8,0.050000000000000044,2.269505500793457,1
7821,191445,10.957161892843438,12,0.050000000000000044,3.076719641685486,1
7822,191475,23.110468107833142,30,0.050000000000000044,3.74632682119097,0
7823,191486,8.166495104240635,11,0.050000000000000044,4.389331817626953,1
7824,191497,9.951626475598523,11,0.050000000000000044,4.264224052429199,1
7825,191527,29.922917719234917,30,0.050000000000000044,3.6566377026694163,0
7826,191557,28.152628675915963,30,0.050000000000000044,3.8906236439943314,0
7827,191580,21.949233056033833,23,0.050000000000000044,3.1581116120020547,1
7828,191610,26.96829384389623,30,0.050000000000000044,3.913050447191511,0
7829,191616,4.959018187143877,6,0.050000000000000044,3.798759341239929,1
7830,191646,29.939488163201712,30,0.050000000000000044,3.6120207650320872,0
7831,191676,24.140590891142164,30,0.050000000000000044,3.420369789004326,0
7832,191706,23.02565266706487,30,0.050000000000000044,2.8838061605181013,0
7833,191713,5.757924433802747,7,0.050000000000000044,3.792298197746277,1
7834,191743,28.971850357780156,30,0.050000000000000044,3.54791327885219,1
7835,191752,7.756060949833983,9,0.050000000000000044,2.2311204274495444,1
7836,191763,9.75606078049064,11,0.050000000000000044,2.8986685276031494,1
7837,191780,16.26268282071219,17,0.050000000000000044,3.1590868473052978,1
7838,191784,2.3974713947814035,4,0.050000000000000044,5.997361183166504,1
7839,191800,13.755800070315171,16,0.050000000000000044,2.6947662830352783,1
7840,191830,29.07659568379304,30,0.050000000000000044,4.035118545804705,0
7841,191860,29.77457334791797,30,0.050000000000000044,2.781771309673786,0
7842,191883,21.951347269175162,23,0.050000000000000044,3.7565516948699953,1
7843,191888,3.9851801756536984,5,0.050000000000000044,1.5301365852355957,1
7844,191899,9.953454192081054,11,0.050000000000000044,1.5369091033935547,1
7845,191910,9.953712749230206,11,0.050000000000000044,3.956438938776652,1
7846,191929,17.95347404024636,19,0.050000000000000044,4.590896701812744,1
7847,191937,6.553005101571253,8,0.050000000000000044,4.727835416793823,1
7848,191967,28.74775008497188,30,0.050000000000000044,2.9873689072472707,0
7849,191994,25.145746485218634,27,0.050000000000000044,3.8576413222721646,1
7850,192024,26.953814376740546,30,0.050000000000000044,3.7529715299606323,0
7851,192041,15.748943320510932,17,0.050000000000000044,4.341081380844116,1
7852,192045,2.9195409641714383,4,0.050000000000000044,2.0575194358825684,1
7853,192075,29.95162300272523,30,0.050000000000000044,2.4237748895372664,0
7854,192083,6.158116339783793,8,0.050000000000000044,1.6731951236724854,1
7855,192113,29.141776185298376,30,0.050000000000000044,4.035225674510002,0
7856,192143,29.138403676296072,30,0.050000000000000044,3.6425516605377197,0
7857,192173,29.752091033207677,30,0.050000000000000044,3.3221123814582825,0
7858,192192,18.119705880064487,19,0.050000000000000044,3.409356212615967,1
7859,192222,29.551781358118237,30,0.050000000000000044,3.0706291369029453,0
7860,192230,6.753951700945479,8,0.050000000000000044,4.771742820739746,1
7861,192260,27.801214292776663,30,0.050000000000000044,3.8595153093338013,0
7862,192290,27.168155446160284,30,0.050000000000000044,3.9137857300894603,0
7863,192300,9.050424758202725,10,0.050000000000000044,5.022341092427571,1
7864,192330,29.93681564394435,30,0.050000000000000044,4.3357957771846225,0
7865,192342,10.955323648917043,12,0.050000000000000044,3.450768152872721,1
7866,192372,29.939228858088036,30,0.050000000000000044,3.7594563961029053,0
7867,192402,27.39415841801291,30,0.050000000000000044,3.759310415812901,0
7868,192432,29.94976099069645,30,0.050000000000000044,3.490107983350754,0
7869,192439,5.989439815306069,7,0.050000000000000044,4.79969596862793,1
7870,192469,25.25237020335477,30,0.050000000000000044,3.2367872148752213,0
7871,192480,9.76198676739257,11,0.050000000000000044,3.973605473836263,1
7872,192510,20.90360589635976,30,0.050000000000000044,3.3580139875411987,0
7873,192518,6.003805498062195,8,0.050000000000000044,4.013699173927307,1
7874,192528,8.951087928388034,10,0.050000000000000044,3.983588695526123,1
7875,192548,18.591475316108603,20,0.050000000000000044,2.358782196044922,1
7876,192578,24.622160749441605,30,0.050000000000000044,3.527688673564366,0
7877,192591,11.959012213856212,13,0.050000000000000044,3.662925640741984,1
7878,192621,29.575971437401268,30,0.050000000000000044,3.7789559960365295,0
7879,192651,25.69077938803888,30,0.050000000000000044,4.026388951710293,0
7880,192658,5.95716295071267,7,0.050000000000000044,4.1235573291778564,1
7881,192664,4.957177290232426,6,0.050000000000000044,2.2682735919952393,1
7882,192694,29.941882653144276,30,0.050000000000000044,3.3038425956453596,0
7883,192708,12.553784205537593,14,0.050000000000000044,3.5078697204589844,1
7884,192720,10.554577646741924,12,0.050000000000000044,2.9504974285761514,1
7885,192729,7.949801578846807,9,0.050000000000000044,3.641239643096924,1
7886,192734,3.4093498526757755,5,0.050000000000000044,4.801116943359375,1
7887,192748,9.272913441362146,14,0.050000000000000044,3.7871885299682617,1
7888,192778,29.936015229240994,30,0.050000000000000044,3.0566447462354387,0
7889,192781,1.7649228101313175,3,0.050000000000000044,3.9010021686553955,1
7890,192794,10.439631888401227,13,0.050000000000000044,4.335847854614258,1
7891,192807,11.754210832962254,13,0.050000000000000044,2.6235010623931885,1
7892,192826,17.75421781194406,19,0.050000000000000044,3.3953222274780273,1
7893,192837,9.55642799263791,11,0.050000000000000044,5.1029079755147295,1
7894,192855,16.476707585841368,18,0.050000000000000044,2.8109391927719116,1
7895,192885,29.74655719289717,30,0.050000000000000044,4.091965541243553,0
7896,192900,14.267139046679748,15,0.050000000000000044,3.42586886882782,1
7897,192918,15.754874542423824,18,0.050000000000000044,3.2937865257263184,1
7898,192948,27.948101350965945,30,0.050000000000000044,3.429320991039276,1
7899,192978,27.761109981568367,30,0.050000000000000044,4.120046990258353,0
7900,193000,19.160066479008663,22,0.050000000000000044,2.7822721799214682,1
7901,193026,24.945772194296342,26,0.050000000000000044,4.041083772977193,1
7902,193044,17.192098335818912,18,0.050000000000000044,3.1413929939270018,1
7903,193070,25.108076006564673,26,0.050000000000000044,2.7555514176686606,1
7904,193093,21.143928600609534,23,0.050000000000000044,3.9908732970555625,1
7905,193113,18.039916307875806,20,0.050000000000000044,3.220845174789429,1
7906,193132,17.54693556560144,19,0.050000000000000044,3.723411703109741,1
7907,193156,22.949232206306366,24,0.050000000000000044,2.9733128547668457,1
7908,193167,9.951093400475454,11,0.050000000000000044,3.0019776821136475,1
7909,193170,1.9583725634928275,3,0.050000000000000044,1.628143072128296,1
7910,193181,9.756068144489232,11,0.050000000000000044,4.013446966807048,1
7911,193200,17.90763490432637,19,0.050000000000000044,3.5422001838684083,1
7912,193230,28.79490531194849,30,0.050000000000000044,3.9091688224247525,0
7913,193260,29.34910280317379,30,0.050000000000000044,4.057980544865131,0
7914,193266,4.757953414991336,6,0.050000000000000044,3.7983016967773438,1
7915,193296,29.946596047769713,30,0.050000000000000044,4.5325033366680145,0
7916,193326,28.93868064531623,30,0.050000000000000044,3.240079845700945,1
7917,193354,26.750900845847784,28,0.050000000000000044,3.5890073776245117,1
7918,193378,21.54650053205169,24,0.050000000000000044,2.1969295144081116,1
7919,193390,10.955316140588593,12,0.050000000000000044,3.2602638403574624,1
7920,193402,10.992907665922091,12,0.050000000000000044,2.959944248199463,1
7921,193413,9.955311694486992,11,0.050000000000000044,2.3644324938456216,1
7922,193423,8.75829903356947,10,0.050000000000000044,3.1663928031921387,1
7923,193430,5.955329049678141,7,0.050000000000000044,4.079475998878479,1
7924,193441,10.070813986518274,11,0.050000000000000044,2.8426853020985923,1
7925,193471,26.445671891715072,30,0.050000000000000044,4.123311485563006,0
7926,193501,29.953206244223534,30,0.050000000000000044,3.6637562066316605,0
7927,193517,14.55089857919296,16,0.050000000000000044,4.018830955028534,1
7928,193535,16.748426490988734,18,0.050000000000000044,3.618512213230133,1
7929,193549,11.35093475660456,14,0.050000000000000044,2.635906219482422,1
7930,193568,18.18839670153399,19,0.050000000000000044,4.37126898765564,1
7931,193578,8.959012218924851,10,0.050000000000000044,2.83851957321167,1
7932,193589,9.554577689770548,11,0.050000000000000044,2.666783412297567,1
7933,193604,13.943985175206308,15,0.050000000000000044,2.7801265865564346,1
7934,193625,19.9516114250628,21,0.050000000000000044,4.065572500228882,1
7935,193655,25.618299045755748,30,0.050000000000000044,4.43898344039917,0
7936,193674,17.750530035886438,19,0.050000000000000044,3.2737996578216553,1
7937,193694,18.951075512563072,20,0.050000000000000044,3.1147188186645507,1
7938,193713,17.474219650169292,19,0.050000000000000044,3.223711395263672,1
7939,193743,29.72759367630558,30,0.050000000000000044,3.4950881685529436,0
7940,193770,25.944757417505752,27,0.050000000000000044,3.6251165015356883,1
7941,193800,29.55045457733511,30,0.050000000000000044,4.3824484050273895,0
7942,193830,29.535583625891498,30,0.050000000000000044,3.698553834642683,0
7943,193838,7.2735029495374866,8,0.050000000000000044,6.36278223991394,1
7944,193843,3.984052395616735,5,0.050000000000000044,3.174694061279297,1
7945,193858,13.947406296482619,15,0.050000000000000044,3.3927884101867676,1
7946,193887,27.33777181914126,29,0.050000000000000044,3.197311452456883,1
7947,193917,27.43944835417231,30,0.050000000000000044,3.511844515800476,1
7948,193926,8.054113225130122,9,0.050000000000000044,3.0156760811805725,1
7949,193948,21.11178967888569,22,0.050000000000000044,3.700714667638143,1
7950,193978,29.546101508412885,30,0.050000000000000044,4.280562877655029,0
7951,193989,9.750246576725385,11,0.050000000000000044,3.855729103088379,1
7952,194007,16.951627937799014,18,0.050000000000000044,4.371254801750183,1
7953,194036,27.936878719597395,29,0.050000000000000044,3.210037022829056,1
7954,194059,22.271917971348326,23,0.050000000000000044,3.2934055805206297,1
7955,194079,15.851835877162072,20,0.050000000000000044,3.131189966201782,1
7956,194095,14.752355178090438,16,0.050000000000000044,3.2991001904010773,1
7957,194105,8.953483192056385,10,0.050000000000000044,3.6936490535736084,1
7958,194135,24.73980507370964,30,0.050000000000000044,3.0800743443625316,0
7959,194142,5.959013234599721,7,0.050000000000000044,4.547275543212891,1
7960,194147,3.9572063683176055,5,0.050000000000000044,2.567034959793091,1
7961,194156,7.9534752891203135,9,0.050000000000000044,4.0369923909505205,1
7962,194179,16.628258694470894,23,0.050000000000000044,3.2146225929260255,1
7963,194191,10.959012213979552,12,0.050000000000000044,2.9542768796284995,1
7964,194221,24.073509533118628,30,0.050000000000000044,3.76556995511055,0
7965,194251,26.76488769555296,30,0.050000000000000044,3.53653131212507,0
7966,194260,7.595268571290436,9,0.050000000000000044,2.9778620402018228,1
7967,194290,27.114272419519416,30,0.050000000000000044,3.019601345062256,0
7968,194320,29.938405318267304,30,0.050000000000000044,4.1554800271987915,0
7969,194350,25.8883173756298,30,0.050000000000000044,3.235438483101981,0
7970,194380,26.482106676548387,30,0.050000000000000044,3.5285376459360123,0
7971,194410,29.933950414662338,30,0.050000000000000044,3.642453500202724,0
7972,194440,28.86218405248009,30,0.050000000000000044,3.214305430650711,1
7973,194446,5.193136523474102,6,0.050000000000000044,2.9363222122192383,1
7974,194461,12.712026566942392,15,0.050000000000000044,4.799936234951019,1
7975,194477,14.946324439192502,16,0.050000000000000044,5.234079718589783,1
7976,194482,3.9553723585150364,5,0.050000000000000044,3.536099910736084,1
7977,194507,20.528362538731933,25,0.050000000000000044,2.839593450228373,1
7978,194528,20.185755040335504,21,0.050000000000000044,2.6260713736216226,1
7979,194535,5.757924433802747,7,0.050000000000000044,4.13868522644043,1
7980,194545,9.189261257969424,10,0.050000000000000044,3.6676855087280273,1
7981,194570,23.951622978738975,25,0.050000000000000044,3.3032593925793967,1
7982,194599,27.944723775809873,29,0.050000000000000044,2.678717698369707,1
7983,194616,15.955315800093297,17,0.050000000000000044,3.9387775659561157,1
7984,194646,24.203317191530413,30,0.050000000000000044,3.426688756261553,0
7985,194654,6.987589621719936,8,0.050000000000000044,3.7716116905212402,1
7986,194670,14.951105939103655,16,0.050000000000000044,2.928342282772064,1
7987,194696,22.36892159479258,26,0.050000000000000044,2.7142295837402344,1
7988,194705,7.757918634927063,9,0.050000000000000044,3.0233362913131714,1
7989,194721,14.938426207177267,16,0.050000000000000044,3.6528775691986084,1
7990,194729,5.7632191024395345,8,0.050000000000000044,3.215726613998413,1
7991,194759,29.943395234430316,30,0.050000000000000044,2.973592094012669,0
7992,194789,29.93791435698229,30,0.050000000000000044,3.3982788920402527,0
7993,194808,14.956893377751534,19,0.050000000000000044,2.8754150390625,1
7994,194837,27.94788652233889,29,0.050000000000000044,3.0355120386396135,1
7995,194842,3.9590471683324666,5,0.050000000000000044,2.004826545715332,1
7996,194872,25.376153297342064,30,0.050000000000000044,2.9080762714147568,0
7997,194902,25.842866578824825,30,0.050000000000000044,3.369556026799338,0
7998,194932,29.550214952467417,30,0.050000000000000044,3.813796639442444,0
7999,194960,24.96157387979635,28,0.050000000000000044,3.2321859427860806,1
8000,194975,13.591160881431552,15,0.050000000000000044,3.241579294204712,1
8001,194990,13.545350024053882,15,0.050000000000000044,3.010510563850403,1
8002,195020,29.738111452512747,30,0.050000000000000044,3.610594719648361,0
8003,195023,1.9602091714909529,3,0.050000000000000044,nan,1
8004,195043,18.548499128138886,20,0.050000000000000044,2.56655330657959,1
8005,195062,17.78648838482419,19,0.050000000000000044,3.6304099559783936,1
8006,195067,3.9553723585150364,5,0.050000000000000044,3.3607006072998047,1
8007,195079,10.353324962626667,12,0.050000000000000044,3.0800653298695884,1
8008,195084,3.75812300647113,5,0.050000000000000044,3.093201756477356,1
8009,195114,27.960711913828852,30,0.050000000000000044,3.2746588672910417,0
8010,195126,10.983870712469562,12,0.050000000000000044,4.05459721883138,1
8011,195138,10.95531196210451,12,0.050000000000000044,5.4853120644887285,1
8012,195167,27.867988437175953,29,0.050000000000000044,3.9021027428763255,1
8013,195181,13.114974580914767,14,0.050000000000000044,3.409844398498535,1
8014,195211,29.945545103290826,30,0.050000000000000044,3.4656243664877757,0
8015,195241,29.74692929515482,30,0.050000000000000044,3.3276083171367645,0
8016,195271,25.85954711935708,30,0.050000000000000044,3.7759473494121005,0
8017,195283,9.329647566198695,12,0.050000000000000044,3.4965654214223227,1
8018,195302,17.744834069237193,19,0.050000000000000044,5.038186740875244,1
8019,195314,10.94740562676396,12,0.050000000000000044,2.791166663169861,1
8020,195339,23.392818161934215,25,0.050000000000000044,3.3190175692240396,1
8021,195342,2.123508977009134,3,0.050000000000000044,3.63082218170166,1
8022,195372,29.135544782530392,30,0.050000000000000044,3.4625206291675568,0
8023,195382,8.953197748520063,10,0.050000000000000044,4.119690656661987,1
8024,195398,14.949787513686458,16,0.050000000000000044,3.0830100178718567,1
8025,195414,14.94766058011803,16,0.050000000000000044,3.554915726184845,1
8026,195444,29.75051017743461,30,0.050000000000000044,3.2545067369937897,0
8027,195459,13.957161889067745,15,0.050000000000000044,4.37862761815389,1
8028,195483,22.93635363464034,24,0.050000000000000044,3.172857165336609,1
8029,195511,26.938653690430144,28,0.050000000000000044,4.174403429031372,1
8030,195534,21.344513056874934,23,0.050000000000000044,4.770199735959371,1
8031,195564,29.949486004627897,30,0.050000000000000044,3.913111448287964,0
8032,195589,21.330312110635205,25,0.050000000000000044,3.4674611488978067,1
8033,195608,17.553500381190293,19,0.050000000000000044,2.948604965209961,1
8034,195626,17.031023634248765,18,0.050000000000000044,4.1887112855911255,1
8035,195637,9.550903638832523,11,0.050000000000000044,4.068429629007976,1
8036,195667,28.951611311135977,30,0.050000000000000044,3.544111933026995,1
8037,195697,25.81047804312433,30,0.050000000000000044,3.304638534784317,0
8038,195727,29.346992507674532,30,0.050000000000000044,3.090295468057905,0
8039,195731,2.9592167598122607,4,0.050000000000000044,4.2418317794799805,1
8040,195746,13.951093147243139,15,0.050000000000000044,4.163755297660828,1
8041,195754,6.358379816372972,8,0.050000000000000044,2.6765785217285156,1
8042,195771,14.655941634777296,17,0.050000000000000044,3.1693978011608124,1
8043,195780,8.046449915404066,9,0.050000000000000044,3.4382807413736978,1
8044,195810,29.34210116035377,30,0.050000000000000044,4.277215821402414,0
8045,195820,8.951352026917466,10,0.050000000000000044,3.593599001566569,1
8046,195850,25.33773624284569,30,0.050000000000000044,3.553178770201547,0
8047,195864,11.883281036079238,14,0.050000000000000044,4.237086355686188,1
8048,195878,12.951633820764757,14,0.050000000000000044,3.7741735776265464,1
8049,195908,25.3190732953046,30,0.050000000000000044,3.9236384332180023,0
8050,195925,15.945013427640868,17,0.050000000000000044,2.3331238627433777,1
8051,195953,23.600611621408316,28,0.050000000000000044,3.850531578063965,1
8052,195983,24.347611153319612,30,0.050000000000000044,4.537311179297311,0
8053,195994,9.79227768263539,11,0.050000000000000044,4.836394627888997,1
8054,196024,29.94579598974751,30,0.050000000000000044,4.073409527540207,0
8055,196037,11.95716201367674,13,0.050000000000000044,3.884819666544596,1
8056,196067,22.395450565139598,30,0.050000000000000044,2.9611057553972517,0
8057,196097,27.556016531007543,30,0.050000000000000044,3.7323281466960907,0
8058,196116,15.488199674349083,19,0.050000000000000044,3.552834129333496,1
8059,196135,16.949275499121956,19,0.050000000000000044,4.265757203102112,1
8060,196148,11.955304496720746,13,0.050000000000000044,3.2691860795021057,1
8061,196153,3.9590471683324666,5,0.050000000000000044,3.5770790576934814,1
8062,196170,15.59420078931797,17,0.050000000000000044,4.344221293926239,1
8063,196200,29.54613425680039,30,0.050000000000000044,3.805016666650772,0
8064,196226,23.693033702333253,26,0.050000000000000044,2.678392310937246,1
8065,196256,27.874219010372787,30,0.050000000000000044,3.1511847376823425,0
8066,196286,23.98819659550201,30,0.050000000000000044,3.0176626103264943,0
8067,196316,28.157382130339073,30,0.050000000000000044,3.604348659515381,0
8068,196326,8.957161915410847,10,0.050000000000000044,3.5602229833602905,1
8069,196330,2.9592167598122607,4,0.050000000000000044,3.428525447845459,1
8070,196358,23.861958269643132,28,0.050000000000000044,3.7643161160605296,1
8071,196382,23.27164801662582,24,0.050000000000000044,2.6511328170696893,1
8072,196407,19.234994310592555,25,0.050000000000000044,2.837158421675364,1
8073,196418,9.959012214701307,11,0.050000000000000044,3.778046131134033,1
8074,196448,24.585725923220014,30,0.050000000000000044,4.317653477191925,0
8075,196459,9.95373614621749,11,0.050000000000000044,4.309403777122498,1
8076,196483,22.950035860798437,24,0.050000000000000044,3.6924942334493003,1
8077,196501,15.634791788466428,18,0.050000000000000044,3.1071918964385987,1
8078,196531,21.12965320403049,30,0.050000000000000044,4.601138728005545,0
8079,196539,6.959012388268193,8,0.050000000000000044,4.967724323272705,1
8080,196558,17.957161889063993,19,0.050000000000000044,2.961884021759033,1
8081,196588,27.16102787018034,30,0.050000000000000044,3.754417657852173,0
8082,196618,29.33875584940335,30,0.050000000000000044,3.936124086380005,0
8083,196631,11.358939067815673,13,0.050000000000000044,2.1352265725533166,1
8084,196647,14.7869818568823,16,0.050000000000000044,3.037417948246002,1
8085,196658,10.050148510418122,11,0.050000000000000044,3.02929695447286,1
8086,196679,16.533377965857927,21,0.050000000000000044,4.510434627532959,1
8087,196709,29.04885281079144,30,0.050000000000000044,3.7276785373687744,0
8088,196739,27.488187588563093,30,0.050000000000000044,3.8432587555476596,0
8089,196769,28.584953976430462,30,0.050000000000000044,3.8536864817142487,0
8090,196799,26.320360247571823,30,0.050000000000000044,3.3737508910042897,0
8091,196829,27.24497281152511,30,0.050000000000000044,4.077727884054184,0
8092,196859,26.87971979779909,30,0.050000000000000044,3.089606216975621,0
8093,196878,17.750528547846525,19,0.050000000000000044,3.10653338432312,1
8094,196908,25.73607089936401,30,0.050000000000000044,4.19895376265049,0
8095,196938,29.928606180763808,30,0.050000000000000044,3.5301454407828197,0
8096,196968,27.87947403925503,30,0.050000000000000044,4.247447893023491,0
8097,196998,28.435395740110863,30,0.050000000000000044,3.38408408846174,0
8098,197028,29.747197287916713,30,0.050000000000000044,3.6134252846240997,0
8099,197058,25.56677090019222,30,0.050000000000000044,3.910247938973563,0
8100,197074,14.959012213830917,16,0.050000000000000044,3.0062679946422577,1
8101,197100,22.958124259912367,26,0.050000000000000044,3.8590002741132463,1
8102,197111,9.957161909584332,11,0.050000000000000044,4.651462554931641,1
8103,197126,13.946853306926801,15,0.050000000000000044,4.5865238308906555,1
8104,197135,6.404636762870176,9,0.050000000000000044,3.7544803619384766,1
8105,197165,29.93972034606353,30,0.050000000000000044,3.918124943971634,0
8106,197178,11.955312300691977,13,0.050000000000000044,4.077337185541789,1
8107,197199,20.068973884093545,21,0.050000000000000044,2.4039399147033693,1
8108,197205,4.0056818181818175,6,0.050000000000000044,2.8756017088890076,1
8109,197230,24.265803918556994,25,0.050000000000000044,4.102464159329732,1
8110,197247,14.760012183559237,17,0.050000000000000044,4.055727690458298,1
8111,197254,4.855350654837144,7,0.050000000000000044,4.422798454761505,1
8112,197284,29.34407999488233,30,0.050000000000000044,3.0850688219070435,0
8113,197314,29.94551775297344,30,0.050000000000000044,3.133424094745091,0
8114,197323,7.9590122436400925,9,0.050000000000000044,3.6352301836013794,1
8115,197353,26.999659973182254,30,0.050000000000000044,3.8129072040319443,0
8116,197382,27.943694166692314,29,0.050000000000000044,3.2805000713893344,1
8117,197412,26.67267432761033,30,0.050000000000000044,3.597094863653183,0
8118,197415,1.9602091714909529,3,0.050000000000000044,nan,1
8119,197445,27.83881041446593,30,0.050000000000000044,2.8750172033905983,0
8120,197471,21.808810565405462,26,0.050000000000000044,4.154469847679138,1
8121,197476,3.9556112295059234,5,0.050000000000000044,3.201827049255371,1
8122,197506,26.011727748342526,30,0.050000000000000044,3.467131887163435,0
8123,197533,24.94835195372123,27,0.050000000000000044,3.6585618257522583,1
8124,197563,23.781739832989206,30,0.050000000000000044,2.6321946552821567,0
8125,197593,28.946624052504966,30,0.050000000000000044,2.8175063133239746,0
8126,197611,16.953184806191963,18,0.050000000000000044,2.644224673509598,1
8127,197632,19.559224415605815,21,0.050000000000000044,3.7227673530578613,1
8128,197641,7.95531619084056,9,0.050000000000000044,2.478515386581421,1
8129,197666,21.523604029649952,25,0.050000000000000044,3.0892480611801147,1
8130,197696,29.75052960151661,30,0.050000000000000044,3.777268409729004,0
8131,197707,9.953206364171747,11,0.050000000000000044,4.422987580299377,1
8132,197720,11.95531230100609,13,0.050000000000000044,3.328333854675293,1
8133,197745,23.946832017984374,25,0.050000000000000044,2.73082568248113,1
8134,197775,29.540314143593957,30,0.050000000000000044,4.0423678159713745,0
8135,197805,20.454545454545464,30,0.050000000000000044,3.3859446346759796,0
8136,197835,26.965600453559805,30,0.050000000000000044,3.186410767691476,0
8137,197865,24.62456311902304,30,0.050000000000000044,3.1280097365379333,0
8138,197869,2.9851781656432337,4,0.050000000000000044,5.667656898498535,1
8139,197899,25.41816480897481,30,0.050000000000000044,2.8059920413153514,0
8140,197908,7.9531942948028815,9,0.050000000000000044,2.792469541231791,1
8141,197920,10.75606813721183,12,0.050000000000000044,5.326247056325276,1
8142,197932,10.119710927570383,12,0.050000000000000044,4.02669628461202,1
8143,197937,3.756289207298002,5,0.050000000000000044,2.136949062347412,1
8144,197960,21.744731180320045,23,0.050000000000000044,3.466821869214376,1
8145,197977,15.942598332666503,17,0.050000000000000044,4.280230641365051,1
8146,197983,4.957168006567855,6,0.050000000000000044,1.8283729553222656,1
8147,197994,9.949534613107215,11,0.050000000000000044,3.681401570638021,1
8148,198024,29.002098085439545,30,0.050000000000000044,3.644648253917694,0
8149,198038,12.945041364994871,14,0.050000000000000044,3.9105939865112305,1
8150,198068,25.453099109606562,30,0.050000000000000044,3.3830591440200806,0
8151,198077,7.992843240312591,9,0.050000000000000044,3.5791521072387695,1
8152,198107,29.95348269011251,30,0.050000000000000044,3.9172352041516985,0
8153,198124,15.742347474375173,17,0.050000000000000044,3.850937080383301,1
8154,198139,13.951627403264812,15,0.050000000000000044,4.1939215660095215,1
8155,198169,27.569941941958877,30,0.050000000000000044,3.8320442140102386,0
8156,198193,22.94130034380892,24,0.050000000000000044,3.2488383452097573,1
8157,198223,27.76095012751534,30,0.050000000000000044,4.10141726902553,0
8158,198235,10.20451050019254,12,0.050000000000000044,2.759092370669047,1
8159,198265,28.553668779566117,30,0.050000000000000044,2.961702823638916,0
8160,198276,9.957161911187303,11,0.050000000000000044,2.8063055674235025,1
8161,198306,29.54376228728629,30,0.050000000000000044,3.3194129126412526,0
8162,198336,29.944746771490383,30,0.050000000000000044,3.828566163778305,0
8163,198361,23.743790216766854,25,0.050000000000000044,3.755572954813639,1
8164,198391,27.744502979445205,30,0.050000000000000044,3.4317873886653354,0
8165,198397,4.959018187143877,6,0.050000000000000044,3.419146418571472,1
8166,198426,27.90565045447165,29,0.050000000000000044,3.050897410937718,1
8167,198443,14.282768401947093,17,0.050000000000000044,3.199165642261505,1
8168,198473,29.947106283541668,30,0.050000000000000044,4.283155232667923,0
8169,198480,5.959013234599721,7,0.050000000000000044,2.5587706565856934,1
8170,198495,12.677176335791176,15,0.050000000000000044,4.08129342397054,1
8171,198509,12.544260864086853,14,0.050000000000000044,3.943039059638977,1
8172,198539,25.378775482818163,30,0.050000000000000044,3.5279780285699025,0
8173,198569,29.189196197113322,30,0.050000000000000044,3.3807792961597443,0
8174,198589,18.949232913090796,20,0.050000000000000044,3.4254000186920166,1
8175,198614,22.548230169367052,25,0.050000000000000044,3.6879179080327353,1
8176,198644,24.85412043851289,30,0.050000000000000044,3.5874788016080856,0
8177,198674,28.94578498145424,30,0.050000000000000044,3.166447247777666,1
8178,198688,10.77270917149095,14,0.050000000000000044,3.9419811367988586,1
8179,198708,18.946069013893638,20,0.050000000000000044,3.319949769973755,1
8180,198722,12.949518057552645,14,0.050000000000000044,2.111055334409078,1
8181,198738,14.951343950330182,16,0.050000000000000044,3.4196512401103973,1
8182,198758,18.35498249694028,20,0.050000000000000044,4.608475160598755,1
8183,198778,17.988655431000065,20,0.050000000000000044,4.463145899772644,1
8184,198787,7.6472549999562185,9,0.050000000000000044,3.4052093029022217,1
8185,198814,25.946059152886438,27,0.050000000000000044,3.635847500392369,1
8186,198844,29.93500408871963,30,0.050000000000000044,3.7062159180641174,0
8187,198849,3.9571975996624404,5,0.050000000000000044,5.503574371337891,1
8188,198862,11.979891939916687,13,0.050000000000000044,3.8252262274424234,1
8189,198892,28.59543711889624,30,0.050000000000000044,3.3699245303869247,0
8190,198922,28.746442079342756,30,0.050000000000000044,3.64921464238848,0
8191,198940,16.953461637554575,18,0.050000000000000044,2.4672329664230346,1
8192,198970,28.94632308421186,30,0.050000000000000044,4.742006199700492,1
8193,198977,5.9571636464636555,7,0.050000000000000044,3.0268670320510864,1
8194,198996,17.957161908695703,19,0.050000000000000044,2.7422814846038817,1
8195,199009,11.950027325258569,13,0.050000000000000044,3.9007697900136313,1
8196,199015,4.757953414991336,6,0.050000000000000044,4.705763816833496,1
8197,199019,2.9592167598122607,4,0.050000000000000044,3.9910874366760254,1
8198,199027,6.957171472012259,8,0.050000000000000044,3.1614646911621094,1
8199,199054,25.939980030240157,27,0.050000000000000044,3.447028228214809,1
8200,199075,17.891003276514258,21,0.050000000000000044,3.4050223350524904,1
8201,199096,19.74815161586231,21,0.050000000000000044,3.663248062133789,1
8202,199126,28.728582819709995,30,0.050000000000000044,3.4261116640908376,0
8203,199139,11.756460115933972,13,0.050000000000000044,3.8715364933013916,1
8204,199169,29.942108135708178,30,0.050000000000000044,4.076740115880966,0
8205,199192,21.94951960940525,23,0.050000000000000044,4.169395327568054,1
8206,199220,27.06103609676329,28,0.050000000000000044,4.607238599232265,1
8207,199230,8.957162018745377,10,0.050000000000000044,4.809475421905518,1
8208,199260,25.259052454185277,30,0.050000000000000044,4.167056381702423,0
8209,199290,29.940533417128304,30,0.050000000000000044,4.150059563773019,0
8210,199320,26.160871519426472,30,0.050000000000000044,3.634251892566681,0
8211,199350,27.545782975461698,30,0.050000000000000044,3.4191727808543613,0
8212,199380,28.353572455867287,30,0.050000000000000044,3.1814579367637634,0
8213,199410,23.388361563613323,30,0.050000000000000044,4.16769540309906,0
8214,199428,16.758298257457227,18,0.050000000000000044,2.9873484134674073,1
8215,199458,25.134920468517507,30,0.050000000000000044,3.425476772444589,0
8216,199488,27.74181710761021,30,0.050000000000000044,4.0083188861608505,1
8217,199502,12.957161892699022,14,0.050000000000000044,3.8069353103637695,1
8218,199514,8.06038979637173,12,0.050000000000000044,3.447360356648763,1
8219,199544,29.128344935597095,30,0.050000000000000044,4.548173487186432,0
8220,199559,13.75559497506477,15,0.050000000000000044,3.721867402394613,1
8221,199583,23.04064623160432,24,0.050000000000000044,4.547311703364055,1
8222,199594,9.955311931569382,11,0.050000000000000044,4.388203938802083,1
8223,199607,11.94711177301382,13,0.050000000000000044,4.9750847816467285,1
8224,199628,19.952921261203347,21,0.050000000000000044,4.191621462504069,1
8225,199643,13.211274082133444,15,0.050000000000000044,4.007433255513509,1
8226,199650,5.753956653508718,7,0.050000000000000044,3.148382306098938,1
8227,199680,28.352667148263933,30,0.050000000000000044,3.7748290598392487,0
8228,199691,9.955047797847552,11,0.050000000000000044,2.6631890535354614,1
8229,199710,17.84169288832367,19,0.050000000000000044,4.849533462524414,1
8230,199729,17.957161908695703,19,0.050000000000000044,3.3095969676971437,1
8231,199759,29.17946987692378,30,0.050000000000000044,3.963827473776681,1
8232,199786,25.949785214840137,27,0.050000000000000044,3.9974626132420132,1
8233,199809,21.157622925517234,23,0.050000000000000044,4.156767765680949,1
8234,199823,12.55642796297737,14,0.050000000000000044,4.435464382171631,1
8235,199829,4.959018187143877,6,0.050000000000000044,4.267717361450195,1
8236,199852,21.183481784533093,23,0.050000000000000044,3.4605276187260947,1
8237,199868,12.73297957224311,16,0.050000000000000044,4.012440085411072,1
8238,199888,18.719479810996177,20,0.050000000000000044,4.956751728057862,1
8239,199904,14.951370115344242,16,0.050000000000000044,3.4802876114845276,1
8240,199933,27.552025829390466,29,0.050000000000000044,4.36087053162711,1
8241,199948,14.114194128318253,15,0.050000000000000044,3.119295299053192,1
8242,199964,12.374981898763677,16,0.050000000000000044,3.588490605354309,1
8243,199994,29.938134924500137,30,0.050000000000000044,3.455236656325204,0
