episode,global_step,episode_reward,episode_length,epsilon,mean_loss,crashed
0,7,5.193665180542367,7,0.999916875,nan,1
1,13,3.7291878685264623,6,0.999845625,nan,1
2,35,15.716171201497513,22,0.999584375,nan,1
3,42,5.9537186689723285,7,0.99950125,nan,1
4,46,2.2510998650200844,4,0.99945375,nan,1
5,57,7.415047377271146,11,0.999323125,nan,1
6,59,1.1985551664893401,2,0.999299375,nan,1
7,62,1.9602091714909529,3,0.99926375,nan,1
8,66,2.3993286500746023,4,0.99921625,nan,1
9,96,21.81587510258334,30,0.99886,nan,0
10,126,24.54142015847572,30,0.99850375,nan,0
11,131,3.1952257573120324,5,0.998444375,nan,1
12,134,1.6000371704030871,3,0.99840875,nan,1
13,142,6.5573618233404005,8,0.99831375,nan,1
14,146,2.5660591737676812,4,0.99826625,nan,1
15,156,7.990665145694396,10,0.9981475,nan,1
16,179,16.15690958242075,23,0.997874375,nan,1
17,184,3.5914050701063145,5,0.997815,nan,1
18,214,20.97511019592067,30,0.99745875,nan,0
19,217,1.9583725634928275,3,0.997423125,nan,1
20,222,3.4024166792303987,5,0.99736375,nan,1
21,227,2.9329180468382665,5,0.997304375,nan,1
22,244,12.527507027059821,17,0.9971025,nan,1
23,254,6.858054941467969,10,0.99698375,nan,1
24,262,6.951905410838071,8,0.99688875,nan,1
25,292,23.979070882347298,30,0.9965325,nan,0
26,295,1.9602091714909529,3,0.996496875,nan,1
27,324,20.629415389121014,29,0.9961525,nan,1
28,327,1.7953289908768333,3,0.996116875,nan,1
29,336,7.159504820824822,9,0.99601,nan,1
30,339,1.9194621337758533,3,0.995974375,nan,1
31,343,2.957376534134098,4,0.995926875,nan,1
32,348,3.202326951244266,5,0.9958675,nan,1
33,354,4.5553262556970475,6,0.99579625,nan,1
34,357,1.9602091714909529,3,0.995760625,nan,1
35,366,6.9582084711266,9,0.99565375,nan,1
36,370,2.396747833339994,4,0.99560625,nan,1
37,377,5.007379884333251,7,0.995523125,nan,1
38,396,15.564654169417542,19,0.9952975,nan,1
39,410,9.454289576599585,14,0.99513125,nan,1
40,414,2.9552714163121765,4,0.99508375,nan,1
41,421,4.5329552163324065,7,0.995000625,nan,1
42,426,3.200102027666586,5,0.99494125,nan,1
43,452,19.753048906459917,26,0.9946325,nan,1
44,458,3.611671974388786,6,0.99456125,nan,1
45,486,19.801454354153233,28,0.99422875,nan,1
46,504,15.005180508461452,18,0.994015,nan,1
47,523,13.496955167565945,19,0.993789375,nan,1
48,528,3.885309086546542,5,0.99373,nan,1
49,538,7.239114915693936,10,0.99361125,nan,1
50,543,3.397966641970814,5,0.993551875,nan,1
51,556,10.364663466709498,13,0.9933975,nan,1
52,560,2.3985653663433473,4,0.99335,nan,1
53,563,1.602272727272727,3,0.993314375,nan,1
54,575,10.651011543016704,12,0.993171875,nan,1
55,584,6.446679753393776,9,0.993065,nan,1
56,604,14.179796664629173,20,0.9928275,nan,1
57,609,3.9572063683176055,5,0.992768125,nan,1
58,623,11.805322801326222,14,0.992601875,nan,1
59,630,4.182051189737286,7,0.99251875,nan,1
60,635,2.727272727272727,5,0.992459375,nan,1
61,644,7.589459055696095,9,0.9923525,nan,1
62,674,21.509092584114104,30,0.99199625,nan,0
63,704,21.65015469552652,30,0.99164,nan,0
64,734,23.045076358218793,30,0.99128375,nan,0
65,739,3.953519466070628,5,0.991224375,nan,1
66,768,23.335491129751297,29,0.99088,nan,1
67,773,2.925011729107178,5,0.990820625,nan,1
68,797,16.98952636768926,24,0.990535625,nan,1
69,801,2.5990593639587067,4,0.990488125,nan,1
70,806,3.202326951244266,5,0.99042875,nan,1
71,816,7.129224251271433,10,0.99031,nan,1
72,831,11.559364614192784,15,0.990131875,nan,1
73,853,14.952979888914632,22,0.989870625,nan,1
74,857,2.401173448340891,4,0.989823125,nan,1
75,860,1.602272727272727,3,0.9897875,nan,1
76,872,9.759725977230328,12,0.989645,nan,1
77,886,10.254473723558052,14,0.98947875,nan,1
78,891,3.202326951244266,5,0.989419375,nan,1
79,910,13.740964319966182,19,0.98919375,nan,1
80,929,13.542978956403061,19,0.988968125,nan,1
81,936,4.524002095071743,7,0.988885,nan,1
82,957,18.79966592809392,21,0.988635625,nan,1
83,963,4.520984465417463,6,0.988564375,nan,1
84,973,6.494318181818181,10,0.988445625,nan,1
85,1003,21.842750646786545,30,0.988089375,nan,0
86,1018,12.593588715788911,15,0.98791125,nan,1
87,1038,18.32201788869225,20,0.98767375,nan,1
88,1041,1.9602091714909529,3,0.987638125,nan,1
89,1053,9.80732900430554,12,0.987495625,nan,1
90,1061,5.802747549267479,8,0.987400625,nan,1
91,1076,10.670453795907278,15,0.9872225,nan,1
92,1080,2.566053658965085,4,0.987175,nan,1
93,1099,13.117299540861323,19,0.986949375,nan,1
94,1105,4.194300028756653,6,0.986878125,nan,1
95,1110,3.199682108644822,5,0.98681875,nan,1
96,1114,2.8758067386837762,4,0.98677125,nan,1
97,1130,12.970623034253826,16,0.98658125,nan,1
98,1136,3.731835905305929,6,0.98651,nan,1
99,1144,6.561319049273667,8,0.986415,nan,1
100,1148,2.403409090909091,4,0.9863675,nan,1
101,1157,7.195730154460242,9,0.986260625,nan,1
102,1161,3.277228986514285,4,0.986213125,nan,1
103,1168,5.713367011726561,7,0.98613,nan,1
104,1198,24.78884600248373,30,0.98577375,nan,0
105,1212,9.651222397380861,14,0.9856075,nan,1
106,1218,4.389293567678652,6,0.98553625,nan,1
107,1230,8.170024503877219,12,0.98539375,nan,1
108,1248,12.109320986900252,18,0.9851800000000001,nan,1
109,1252,2.403409090909091,4,0.9851325,nan,1
110,1270,13.138002212248404,18,0.98491875,nan,1
111,1300,23.022090667672032,30,0.9845625,nan,0
112,1306,4.392517539416151,6,0.98449125,nan,1
113,1326,15.464578946596129,20,0.98425375,nan,1
114,1336,7.8482732362503445,10,0.984135,nan,1
115,1339,1.6000542239715385,3,0.984099375,nan,1
116,1350,7.684144516618514,11,0.98396875,nan,1
117,1367,12.53820980024993,17,0.983766875,nan,1
118,1388,15.183156517316128,21,0.9835175,nan,1
119,1391,1.7671529078868469,3,0.983481875,nan,1
120,1410,14.92634522249517,19,0.98325625,nan,1
121,1419,7.077922390391941,9,0.983149375,nan,1
122,1434,9.981774441929511,15,0.98297125,nan,1
123,1446,9.761756071826678,12,0.98282875,nan,1
124,1460,12.000511344864911,14,0.9826625,nan,1
125,1466,4.3613826497774895,6,0.98259125,nan,1
126,1482,13.158858438996335,16,0.98240125,nan,1
127,1489,4.882471677100911,7,0.982318125,nan,1
128,1505,11.019328664545927,16,0.982128125,nan,1
129,1517,9.56168089187581,12,0.981985625,nan,1
130,1520,1.7649228101313175,3,0.98195,nan,1
131,1525,3.557624920501958,5,0.981890625,nan,1
132,1555,24.135642574320965,30,0.981534375,nan,0
133,1562,4.405999392560942,7,0.98145125,nan,1
134,1573,9.201535498125214,11,0.981320625,nan,1
135,1603,23.308791756244208,30,0.980964375,nan,0
136,1610,4.963540924270216,7,0.98088125,nan,1
137,1629,12.873060630503069,19,0.980655625,nan,1
138,1635,4.557408836307863,6,0.980584375,nan,1
139,1647,7.934084808346993,12,0.980441875,nan,1
140,1677,23.40332415400781,30,0.980085625,nan,0
141,1686,6.994757273376397,9,0.97997875,nan,1
142,1693,4.176230271827127,7,0.979895625,nan,1
143,1708,9.984640564002103,15,0.9797175,nan,1
144,1716,6.9539846428137535,8,0.9796225,nan,1
145,1734,13.331052172101002,18,0.97940875,nan,1
146,1751,11.791158231903315,17,0.979206875,nan,1
147,1757,3.6173325035328254,6,0.979135625,nan,1
148,1767,8.15515271386952,10,0.979016875,nan,1
149,1797,22.171537057325118,30,0.978660625,nan,0
150,1810,9.789676227937278,13,0.97850625,nan,1
151,1817,5.955329049678141,7,0.978423125,nan,1
152,1825,6.398146053004248,8,0.978328125,nan,1
153,1834,7.6017399229971545,9,0.97822125,nan,1
154,1839,3.756289207298002,5,0.978161875,nan,1
155,1847,5.3254527718809355,8,0.978066875,nan,1
156,1857,7.491262406044709,10,0.977948125,nan,1
157,1869,8.337612942846317,12,0.977805625,nan,1
158,1899,23.554574994987576,30,0.977449375,nan,0
159,1921,18.369709409176895,22,0.977188125,nan,1
160,1941,13.758482546844245,20,0.976950625,nan,1
161,1961,14.466929984458227,20,0.976713125,nan,1
162,1989,19.55724999075255,28,0.976380625,nan,1
163,1997,5.565916762759784,8,0.976285625,nan,1
164,2002,3.9590471683324666,5,0.97622625,nan,1
165,2009,4.4466279937954365,7,0.976143125,nan,1
166,2019,7.643514944999764,10,0.976024375,nan,1
167,2024,3.9550916435570764,5,0.975965,nan,1
168,2027,1.7649228101313175,3,0.975929375,nan,1
169,2033,4.595445573346169,6,0.975858125,nan,1
170,2047,9.618307462231062,14,0.975691875,nan,1
171,2060,9.01721773752178,13,0.9755375,nan,1
172,2074,10.445681477874215,14,0.97537125,nan,1
173,2078,2.3993434037758172,4,0.97532375,nan,1
174,2088,8.357510575762683,10,0.975205,nan,1
175,2090,1.1985551664893401,2,0.97518125,nan,1
176,2093,1.7649228101313175,3,0.975145625,nan,1
177,2102,5.89355616847272,9,0.97503875,nan,1
178,2106,2.3993434037758172,4,0.97499125,nan,1
179,2109,1.9602091714909529,3,0.974955625,nan,1
180,2139,22.79965366212184,30,0.974599375,nan,0
181,2163,18.170745302685063,24,0.974314375,nan,1
182,2180,12.546514747970127,17,0.9741125,nan,1
183,2189,5.937567487024548,9,0.974005625,nan,1
184,2215,21.925403302831757,26,0.973696875,nan,1
185,2221,4.517367576597584,6,0.973625625,nan,1
186,2224,1.7649228101313175,3,0.97359,nan,1
187,2239,10.246355691516367,15,0.973411875,nan,1
188,2249,8.593038309684843,10,0.973293125,nan,1
189,2275,18.041099591763718,26,0.972984375,nan,1
190,2291,11.13674769031022,16,0.972794375,nan,1
191,2300,6.523167348498027,9,0.9726875,nan,1
192,2323,17.19069658388717,23,0.972414375,nan,1
193,2343,14.934658548176936,20,0.972176875,nan,1
194,2354,7.745483399237688,11,0.97204625,nan,1
195,2382,19.560479581480127,28,0.97171375,nan,1
196,2386,2.403409090909091,4,0.97166625,nan,1
197,2416,21.089381631140583,30,0.97131,nan,0
198,2437,15.030713276670722,21,0.971060625,nan,1
199,2439,0.9660165442504834,2,0.971036875,nan,1
200,2452,9.858039227164541,13,0.9708825,nan,1
201,2473,14.450482714518758,21,0.970633125,nan,1
202,2491,12.854938529660151,18,0.970419375,nan,1
203,2516,18.459338359169898,25,0.9701225,nan,1
204,2526,8.352520091897947,10,0.97000375,nan,1
205,2549,16.692636652648293,23,0.969730625,nan,1
206,2556,4.412831268773845,7,0.9696475,nan,1
207,2581,16.88303680162462,25,0.969350625,nan,1
208,2589,6.353941057480948,8,0.969255625,nan,1
209,2595,4.959018187143877,6,0.969184375,nan,1
210,2602,5.398258044485635,7,0.96910125,nan,1
211,2617,12.085632493397307,15,0.968923125,nan,1
212,2621,2.4011735340394504,4,0.968875625,nan,1
213,2627,3.6059202739653466,6,0.968804375,nan,1
214,2640,11.754330584884428,13,0.96865,nan,1
215,2647,4.802336412114081,7,0.968566875,nan,1
216,2667,13.784853136314526,20,0.968329375,nan,1
217,2672,3.200118922011725,5,0.96827,nan,1
218,2675,1.9583725634928275,3,0.968234375,nan,1
219,2685,8.00841268756835,10,0.968115625,nan,1
220,2703,16.754760127430536,18,0.967901875,nan,1
221,2713,6.338775253212276,10,0.967783125,nan,1
222,2717,2.403409090909091,4,0.967735625,nan,1
223,2722,3.9571975996624404,5,0.96767625,nan,1
224,2742,14.456530306935349,20,0.96743875,nan,1
225,2760,15.207851562447424,18,0.967225,nan,1
226,2769,6.686472376808297,9,0.967118125,nan,1
227,2799,21.581560401098056,30,0.966761875,nan,0
228,2822,17.862805073129483,23,0.96648875,nan,1
229,2852,20.626019415689697,30,0.9661325,nan,0
230,2882,22.077266387522858,30,0.96577625,nan,0
231,2885,1.9222645732545307,3,0.965740625,nan,1
232,2890,3.200089460961302,5,0.96568125,nan,1
233,2919,21.618128243011054,29,0.965336875,nan,1
234,2924,3.9571975996624404,5,0.9652775,nan,1
235,2932,6.753976164886902,8,0.9651825,nan,1
236,2939,4.526371057164537,7,0.965099375,nan,1
237,2951,9.952971042358685,12,0.964956875,nan,1
238,2964,9.728726426807073,13,0.9648025,nan,1
239,2968,2.759508927129191,4,0.964755,nan,1
240,2978,8.002255764313091,10,0.96463625,nan,1
241,3001,15.284185701838185,23,0.964363125,nan,1
242,3025,17.271683846338114,24,0.964078125,nan,1
243,3046,14.905061898750018,21,0.96382875,nan,1
244,3053,4.324701729979711,7,0.963745625,nan,1
245,3083,23.631722398793496,30,0.963389375,nan,0
246,3103,17.56167032670103,20,0.963151875,nan,1
247,3114,7.538870680990383,11,0.96302125,nan,1
248,3126,9.760856941678853,12,0.96287875,nan,1
249,3147,15.130885033674598,21,0.962629375,nan,1
250,3152,3.2509302735402907,5,0.96257,nan,1
251,3164,8.254131873657046,12,0.9624275,nan,1
252,3174,8.198152227263806,10,0.96230875,nan,1
253,3198,15.938599584402722,24,0.96202375,nan,1
254,3228,22.668513271736515,30,0.9616675,nan,0
255,3256,20.549128583838524,28,0.961335,nan,1
256,3258,1.1211282096181674,2,0.9613112500000001,nan,1
257,3262,2.1625542239715383,4,0.96126375,nan,1
258,3264,0.9660165442504834,2,0.96124,nan,1
259,3275,9.672854247424956,11,0.961109375,nan,1
260,3280,3.200102027666586,5,0.96105,nan,1
261,3295,11.04257846201945,15,0.960871875,nan,1
262,3325,21.24550860445984,30,0.960515625,nan,0
263,3343,12.309251841558382,18,0.960301875,nan,1
264,3359,12.95980603166036,16,0.960111875,nan,1
265,3364,3.3983888004226444,5,0.9600525,nan,1
266,3372,4.975331036866383,8,0.9599575,nan,1
267,3387,11.094951895707977,15,0.959779375,nan,1
268,3394,5.36039023809878,7,0.95969625,nan,1
269,3400,3.6436615855939984,6,0.959625,nan,1
270,3411,8.243504861280613,11,0.959494375,nan,1
271,3424,9.850768111571087,13,0.95934,nan,1
272,3430,4.98518051915004,6,0.95926875,nan,1
273,3460,21.18444278444748,30,0.9589125000000001,nan,0
274,3467,4.802737666162005,7,0.958829375,nan,1
275,3486,14.05301739912463,19,0.95860375,nan,1
276,3490,2.396747833339994,4,0.95855625,nan,1
277,3496,4.017289342416829,6,0.958485,nan,1
278,3523,19.754989360254207,27,0.958164375,nan,1
279,3532,7.949251919003633,9,0.9580575,nan,1
280,3540,5.685426813316849,8,0.9579625,nan,1
281,3543,1.9602091714909529,3,0.957926875,nan,1
282,3546,1.7649228101313175,3,0.95789125,nan,1
283,3571,18.510642259017065,25,0.957594375,nan,1
284,3601,21.726427574237235,30,0.957238125,nan,0
285,3621,18.239966295844933,20,0.957000625,nan,1
286,3644,18.576405379122612,23,0.9567275,nan,1
287,3656,10.36173687564563,12,0.956585,nan,1
288,3659,1.9602091714909529,3,0.956549375,nan,1
289,3663,2.853067587644767,4,0.9565018750000001,nan,1
290,3668,3.9556185106781476,5,0.9564425,nan,1
291,3688,15.886779250652264,20,0.956205,nan,1
292,3694,4.245258820895448,6,0.95613375,nan,1
293,3717,16.19423416609494,23,0.955860625,nan,1
294,3723,4.559643757091477,6,0.9557893749999999,nan,1
295,3726,1.7671529078868469,3,0.95575375,nan,1
296,3730,3.1958220062021736,4,0.95570625,nan,1
297,3760,21.36605401079702,30,0.95535,nan,0
298,3765,3.4001865502029167,5,0.955290625,nan,1
299,3773,5.617302964358937,8,0.955195625,nan,1
300,3789,11.18214631691082,16,0.955005625,nan,1
301,3819,21.403820997640963,30,0.954649375,nan,0
302,3822,1.382026070392301,3,0.95461375,nan,1
303,3840,12.892529905079295,18,0.9544,nan,1
304,3849,7.362427278052968,9,0.954293125,nan,1
305,3853,2.2488844296919193,4,0.954245625,nan,1
306,3862,5.776302991594279,9,0.95413875,nan,1
307,3866,2.5634323146893294,4,0.9540912500000001,nan,1
308,3871,3.200465013710966,5,0.954031875,nan,1
309,3888,11.443820774647133,17,0.95383,nan,1
310,3895,4.647248322717909,7,0.953746875,nan,1
311,3914,13.769994863414853,19,0.95352125,nan,1
312,3920,3.881500290463004,6,0.95345,nan,1
313,3926,4.003446175613618,6,0.95337875,nan,1
314,3951,18.632653726775732,25,0.953081875,nan,1
315,3957,4.959018187143877,6,0.953010625,nan,1
316,3982,19.923875887527448,25,0.95271375,nan,1
317,3998,11.147289330597793,16,0.95252375,nan,1
318,4011,9.530030872609144,13,0.952369375,nan,1
319,4030,14.579695902456216,19,0.95214375,nan,1
320,4035,3.1985928590312933,5,0.952084375,nan,1
321,4040,3.200089460961302,5,0.952025,nan,1
322,4045,3.200118922011725,5,0.951965625,nan,1
323,4059,10.443519846724648,14,0.951799375,nan,1
324,4078,15.092396120082793,19,0.95157375,nan,1
325,4087,7.9553158299025775,9,0.951466875,nan,1
326,4117,21.963849128940375,30,0.951110625,nan,0
327,4143,20.38797827704718,26,0.950801875,nan,1
328,4152,6.453387939165502,9,0.950695,nan,1
329,4167,11.807716466215146,15,0.950516875,nan,1
330,4177,7.87792330616082,10,0.950398125,nan,1
331,4188,8.254352349585446,11,0.9502675,nan,1
332,4190,0.9660165442504834,2,0.95024375,nan,1
333,4193,1.602272727272727,3,0.950208125,nan,1
334,4223,21.03719879998539,30,0.949851875,nan,0
335,4226,1.4547784624645592,3,0.94981625,nan,1
336,4252,21.423370923820684,26,0.9495075,nan,1
337,4257,3.9590471683324666,5,0.949448125,nan,1
338,4269,8.175084902481261,12,0.949305625,nan,1
339,4279,8.358746913429654,10,0.949186875,nan,1
340,4290,9.951075525514609,11,0.94905625,nan,1
341,4301,7.650058925009183,11,0.948925625,nan,1
342,4304,1.9583725634928275,3,0.94889,nan,1
343,4316,8.808528356697023,12,0.9487475,nan,1
344,4319,1.5982070401394535,3,0.948711875,nan,1
345,4349,25.45008097501046,30,0.948355625,nan,0
346,4379,24.777989987209885,30,0.947999375,nan,0
347,4390,8.844396836164186,11,0.94786875,nan,1
348,4402,8.805530624081984,12,0.94772625,nan,1
349,4411,8.190243226974214,9,0.947619375,nan,1
350,4431,16.84951143533017,20,0.947381875,nan,1
351,4441,7.5223423838179775,10,0.947263125,nan,1
352,4444,1.9583725634928275,3,0.9472275,nan,1
353,4455,7.965705526344756,11,0.947096875,nan,1
354,4460,2.727272727272727,5,0.9470375,nan,1
355,4469,7.004777275767083,9,0.946930625,nan,1
356,4474,3.2171164092705675,5,0.94687125,nan,1
357,4487,9.53165672379993,13,0.946716875,nan,1
358,4499,9.127431527789868,12,0.946574375,nan,1
359,4508,6.609650762028952,9,0.9464675,nan,1
360,4538,22.35838699901358,30,0.94611125,nan,0
361,4549,8.198698542441692,11,0.945980625,nan,1
362,4579,20.454545454545464,30,0.945624375,nan,0
363,4584,3.283098497412217,5,0.945565,nan,1
364,4603,14.587495269707274,19,0.945339375,nan,1
365,4609,3.762563684841354,6,0.945268125,nan,1
366,4614,3.9556112295059234,5,0.94520875,nan,1
367,4639,17.466717772649567,25,0.944911875,nan,1
368,4651,8.134395868810605,12,0.944769375,nan,1
369,4670,14.217144209990977,19,0.94454375,nan,1
370,4687,13.182739879606837,17,0.944341875,nan,1
371,4714,19.31809959450452,27,0.94402125,nan,1
372,4722,5.684271975652682,8,0.94392625,nan,1
373,4730,5.327501540857291,8,0.94383125,nan,1
374,4760,20.76358705746602,30,0.9434750000000001,nan,1
375,4790,23.849574385398128,30,0.94311875,nan,0
376,4814,18.01910550133257,24,0.94283375,nan,1
377,4828,9.85638143371488,14,0.9426675,nan,1
378,4837,6.103804145213348,9,0.942560625,nan,1
379,4841,2.7943365791981405,4,0.9425131250000001,nan,1
380,4852,7.9295809794176515,11,0.9423825,nan,1
381,4856,2.3993286500746023,4,0.942335,nan,1
382,4883,23.607512745697793,27,0.942014375,nan,1
383,4886,1.7649228101313175,3,0.94197875,nan,1
384,4916,21.09547037586054,30,0.9416225,nan,0
385,4941,18.179374820240398,25,0.941325625,nan,1
386,4944,1.9602091714909529,3,0.94129,nan,1
387,4957,10.257399157483452,13,0.941135625,nan,1
388,4987,22.465170106422907,30,0.940779375,nan,0
389,5014,20.306301229389668,27,0.94045875,0.3167119175195694,1
390,5044,22.27007326170182,30,0.9401025000000001,0.09195306384935975,0
391,5054,8.366552550115756,10,0.93998375,0.06825119815766811,1
392,5061,5.451775144984683,7,0.939900625,0.055780088528990746,1
393,5065,2.9592167598122607,4,0.939853125,0.04591510444879532,1
394,5071,3.96010171814956,6,0.939781875,0.04378639534115791,1
395,5082,7.927770541256775,11,0.93965125,0.03484747807184855,1
396,5098,12.526763344305003,16,0.93946125,0.049112156964838505,1
397,5107,5.858967982614776,9,0.939354375,0.04246417246758938,1
398,5111,2.2488844296919193,4,0.939306875,0.04296023026108742,1
399,5115,2.566053658965085,4,0.939259375,0.04022634029388428,1
400,5130,11.219523760161277,15,0.93908125,0.03891371097415686,1
401,5155,18.583455929489244,25,0.938784375,0.038871837158997856,1
402,5184,22.985044452628618,29,0.93844,0.03796147066168487,1
403,5187,1.9583725634928275,3,0.938404375,nan,1
404,5198,7.6083851144263335,11,0.93827375,0.02623294045527776,1
405,5205,5.764102696169624,7,0.9381906250000001,0.03804345242679119,1
406,5230,20.721669478522887,25,0.93789375,0.03651831423242887,1
407,5247,14.157665291685637,17,0.937691875,0.033219404984265566,1
408,5261,12.750921370110241,14,0.937525625,0.03426855895668268,1
409,5270,7.587755143986433,9,0.93741875,0.02645612508058548,1
410,5295,22.14574797035555,25,0.937121875,0.03360873647034168,1
411,5297,0.9182360421533567,2,0.937098125,0.040385738015174866,1
412,5327,27.007179772640885,30,0.9367418750000001,0.029966067522764206,1
413,5339,10.800235334445416,12,0.936599375,0.041603393852710724,1
414,5361,17.568295576358658,22,0.936338125,0.035103521309792995,1
415,5381,14.342843497289277,20,0.936100625,0.03643278926610947,1
416,5390,7.753964241045095,9,0.93599375,0.034379078075289726,1
417,5401,7.204069992683633,11,0.935863125,0.03786656881372134,1
418,5404,1.716727660515417,3,0.9358275,0.053611643612384796,1
419,5409,3.0829916301590727,5,0.935768125,0.02347288839519024,1
420,5412,1.5974290027069837,3,0.9357325,0.030950162559747696,1
421,5441,19.921820082319353,29,0.935388125,0.03692936817450183,1
422,5468,19.83578269787475,27,0.9350675,0.03540136159530708,1
423,5487,15.323724202174708,19,0.934841875,0.025250062346458435,1
424,5508,17.35894463560969,21,0.9345925,0.034717345920701824,1
425,5538,24.171813905827932,30,0.93423625,0.0314611191196101,1
426,5543,3.75812300647113,5,0.934176875,0.029827168211340904,1
427,5545,0.9660165442504834,2,0.934153125,0.03411044180393219,1
428,5554,6.954826392543504,9,0.93404625,0.03592253290116787,1
429,5566,9.398570245511745,12,0.93390375,0.036018957694371544,1
430,5569,1.9583725634928275,3,0.933868125,0.02956397458910942,1
431,5572,1.7671529078868469,3,0.9338325,0.04374609515070915,1
432,5577,3.758507393455113,5,0.933773125,0.0297367125749588,1
433,5584,6.048315178662095,7,0.93369,0.027298910543322563,1
434,5602,14.40668690385793,18,0.93347625,0.031901529524475336,1
435,5632,25.023623809305633,30,0.93312,0.030937297735363245,0
436,5636,2.2488844296919193,4,0.9330725,0.028238307684659958,1
437,5666,21.867567728153237,30,0.93271625,0.029585127053516253,0
438,5672,3.730999434178105,6,0.932645,0.03839804511517286,1
439,5682,6.307203841391107,10,0.93252625,0.03025056514889002,1
440,5688,4.600625733627084,6,0.932455,0.037051379680633545,1
441,5698,8.953977133650461,10,0.93233625,0.03510134853422642,1
442,5707,6.560533186302682,9,0.932229375,0.03310386463999748,1
443,5737,24.94059638604607,30,0.931873125,0.030315784038975835,0
444,5740,1.925144218813404,3,0.9318375,0.04733240604400635,1
445,5749,6.328779588553648,9,0.931730625,0.034008074551820755,1
446,5765,11.266498510733149,16,0.931540625,0.029312378726899624,1
447,5795,23.513769175996302,30,0.931184375,0.03145811307643141,0
448,5798,1.9194621337758533,3,0.93114875,0.02192089334130287,1
449,5815,14.76096705444079,17,0.9309468750000001,0.03035931335762143,1
450,5845,23.34918863008221,30,0.930590625,0.03351765708066523,0
451,5850,3.1982722364950593,5,0.93053125,0.03904684633016586,1
452,5859,6.607467701296311,9,0.930424375,0.028248155489563942,1
453,5864,3.784876135394171,5,0.930365,0.03418792597949505,1
454,5871,5.567098287176134,7,0.930281875,0.027204202488064766,1
455,5886,11.480469066108551,15,0.93010375,0.0402981648221612,1
456,5890,2.7572668943498306,4,0.93005625,0.047678396105766296,1
457,5904,9.64729037856526,14,0.92989,0.03365296870470047,1
458,5907,1.9583725634928275,3,0.929854375,nan,1
459,5925,13.258065897426535,18,0.929640625,0.03411957174539566,1
460,5942,13.681582648661575,17,0.92943875,0.029325462877750397,1
461,5955,9.534408686786952,13,0.9292843749999999,0.03187240722278754,1
462,5959,2.766160496208155,4,0.929236875,0.02196834608912468,1
463,5961,1.2783909896727712,2,0.929213125,0.029133014380931854,1
464,5966,3.078561054054516,5,0.92915375,0.048166997730731964,1
465,5970,2.5682892715232106,4,0.92910625,0.036751847714185715,1
466,6000,21.487768375627304,30,0.92875,0.029315123334527016,0
467,6013,9.346449667643565,13,0.928595625,0.2714319129784902,1
468,6017,2.9592167598122607,4,0.9285481250000001,0.08453867584466934,1
469,6025,6.257421605319945,8,0.928453125,0.17194148525595665,1
470,6030,3.3216279934124358,5,0.92839375,0.2660650610923767,1
471,6035,3.953524034131285,5,0.928334375,0.20229783654212952,1
472,6058,18.380111754724684,23,0.9280612500000001,0.1203335536022981,1
473,6073,12.370812888463643,15,0.927883125,0.10155254043638706,1
474,6081,6.400390698446924,8,0.927788125,0.13839400559663773,1
475,6092,7.345673556053679,11,0.9276575,0.11330427726109822,1
476,6116,17.269198102194082,24,0.9273725,0.093748290091753,1
477,6120,2.281855352221269,4,0.927325,0.09447135031223297,1
478,6131,8.605880312068066,11,0.927194375,0.09169738367199898,1
479,6152,17.28528117599761,21,0.926945,0.10572122658292453,1
480,6172,14.782478836586712,20,0.9267075,0.09949503988027572,1
481,6179,5.758478848114247,7,0.9266243750000001,0.10907632857561111,1
482,6209,24.144190382923817,30,0.926268125,0.08349222596734762,0
483,6231,17.645131211356635,22,0.926006875,0.0885961726307869,1
484,6238,4.454668737993514,7,0.92592375,0.08632174506783485,1
485,6244,4.587771443396816,6,0.9258525,0.057703450322151184,1
486,6248,2.3993434037758172,4,0.925805,0.14049813151359558,1
487,6259,8.243948386022042,11,0.925674375,0.07613809034228325,1
488,6266,5.76015455078024,7,0.92559125,0.08470197021961212,1
489,6271,3.8716617383781236,5,0.925531875,0.08975696563720703,1
490,6290,13.897697572197497,19,0.92530625,0.07868715822696686,1
491,6306,12.896091835283228,16,0.92511625,0.09780662693083286,1
492,6336,25.233935515653318,30,0.92476,0.07917861035093665,0
493,6346,8.982558386500283,10,0.92464125,0.059565549716353416,1
494,6361,12.166238041552312,15,0.924463125,0.09092437103390694,1
495,6375,12.595268397579135,14,0.924296875,0.07533502330382665,1
496,6378,1.9602091714909529,3,0.92426125,0.05395415052771568,1
497,6381,1.7671529078868469,3,0.924225625,0.09980643540620804,1
498,6384,1.7862340231910245,3,0.9241900000000001,0.09521402418613434,1
499,6402,14.52792446493853,18,0.9239762499999999,0.08092787116765976,1
500,6429,21.064412968067593,27,0.923655625,0.10104952220405851,1
501,6436,4.379538159888982,7,0.9235725,0.08196397125720978,1
502,6445,7.9553045265046265,9,0.923465625,0.07600480690598488,1
503,6473,23.728776372583923,28,0.923133125,0.07890283422810691,1
504,6476,1.9602091714909529,3,0.9230975,0.10102088004350662,1
505,6484,5.0866647342195535,8,0.9230025,0.08139269426465034,1
506,6495,7.252284802007395,11,0.922871875,0.10553295537829399,1
507,6509,10.897736912473176,14,0.922705625,0.08809787034988403,1
508,6514,3.0477994270222224,5,0.92264625,0.11690737307071686,1
509,6529,13.392713292025936,15,0.922468125,0.09835563786327839,1
510,6534,3.7562824772575865,5,0.92240875,0.09106998145580292,1
511,6544,8.756711159845407,10,0.92229,0.07812423259019852,1
512,6570,18.117451543986917,26,0.92198125,0.08667986591657002,1
513,6574,2.281855352221269,4,0.92193375,0.10108078271150589,1
514,6577,1.602272727272727,3,0.921898125,0.1061471551656723,1
515,6607,26.16088419792005,30,0.921541875,0.0911471928868975,0
516,6623,11.74083193036521,16,0.921351875,0.09324471279978752,1
517,6650,21.853905394362936,27,0.92103125,0.08525308221578598,1
518,6678,21.07415290637409,28,0.92069875,0.0801088075552668,1
519,6680,0.9660165442504834,2,0.920675,0.1049884706735611,1
520,6709,24.395746164142064,29,0.920330625,0.08919745257922582,1
521,6717,6.557215143331477,8,0.920235625,0.0543965008109808,1
522,6727,8.755044736776807,10,0.9201168750000001,0.06510549038648605,1
523,6755,20.435707978305807,28,0.919784375,0.08586113687072482,1
524,6760,3.335471160598647,5,0.919725,0.09783655405044556,1
525,6763,1.9583725634928275,3,0.919689375,nan,1
526,6767,2.5682892715232106,4,0.919641875,0.12302301824092865,1
527,6788,15.109380773192019,21,0.9193925000000001,0.08052738259236018,1
528,6795,4.887654075985122,7,0.919309375,0.07970799505710602,1
529,6798,1.7953289908768333,3,0.91927375,0.10512097924947739,1
530,6802,2.5942352256076413,4,0.91922625,0.11434066295623779,1
531,6830,21.57546738658853,28,0.91889375,0.10203758999705315,1
532,6837,5.55723470288042,7,0.918810625,0.11224660277366638,1
533,6840,1.9602091714909529,3,0.918775,0.1524416208267212,1
534,6845,3.395371589244005,5,0.918715625,0.13167747855186462,1
535,6875,21.250542233922094,30,0.918359375,0.0903406451855387,1
536,6879,2.7591154181621453,4,0.918311875,0.11726149916648865,1
537,6903,20.270228521327912,24,0.918026875,0.08907389144102733,1
538,6909,4.392524686245909,6,0.917955625,0.09690242260694504,1
539,6918,7.756449236115124,9,0.91784875,0.06773046404123306,1
540,6927,7.24593490852457,9,0.917741875,0.08578139543533325,1
541,6947,17.002337811147754,20,0.917504375,0.09499644562602043,1
542,6955,6.953734605906879,8,0.917409375,0.08843648806214333,1
543,6964,5.937595150980756,9,0.9173025,0.0958748608827591,1
544,6973,6.007094625896059,9,0.917195625,0.07288729026913643,1
545,6979,4.0012277930894165,6,0.917124375,0.10568544268608093,1
546,7002,16.167910131848338,23,0.91685125,0.09749967604875565,1
547,7010,5.402284812703053,8,0.91675625,0.41134996712207794,1
548,7026,10.749896525977178,16,0.91656625,0.2247595191001892,1
549,7056,20.978701614275256,30,0.91621,0.2283084187656641,0
550,7086,22.564771609604744,30,0.91585375,0.17560272983142308,0
551,7106,16.80669946126711,20,0.91561625,0.21075484156608582,1
552,7113,5.591838402725428,7,0.9155331250000001,0.1225428581237793,1
553,7123,6.715611571930909,10,0.915414375,0.17855995893478394,1
554,7134,8.290564437947697,11,0.91528375,0.16412120560805002,1
555,7146,9.09194129587905,12,0.91514125,0.14217038452625275,1
556,7152,4.521813691444165,6,0.91507,0.14491040259599686,1
557,7158,4.7601835319688295,6,0.91499875,0.1309933215379715,1
558,7170,10.40401864512252,12,0.91485625,0.14248435199260712,1
559,7182,9.044704396019272,12,0.91471375,0.14872689296801886,1
560,7196,10.490045073303053,14,0.9145475,0.14686178229749203,1
561,7204,5.604385631043769,8,0.9144525,0.16896533966064453,1
562,7213,7.395551588821978,9,0.9143456249999999,0.11078312993049622,1
563,7218,3.283098497412217,5,0.91428625,0.10734722018241882,1
564,7248,21.250096626795916,30,0.91393,0.1571491463109851,0
565,7268,16.392894912206508,20,0.9136925,0.15986291766166688,1
566,7278,8.197064963700676,10,0.91357375,0.14529673382639885,1
567,7297,14.103804269143973,19,0.913348125,0.14179094433784484,1
568,7314,12.089786132040409,17,0.91314625,0.1593229193240404,1
569,7317,1.9583725634928275,3,0.913110625,0.1564498245716095,1
570,7320,1.7953289908768333,3,0.913075,0.15178456902503967,1
571,7332,9.078927439121736,12,0.9129325,0.13883833587169647,1
572,7357,19.45169803728192,25,0.9126356250000001,0.12737717727820078,1
573,7385,23.36039055306939,28,0.912303125,0.1412860027381352,1
574,7413,20.465970364341665,28,0.911970625,0.14452704893691198,1
575,7423,7.405944248201726,10,0.911851875,0.15838973224163055,1
576,7426,2.1206341138986122,3,0.91181625,0.12930460274219513,1
577,7436,7.051836070086396,10,0.9116975,0.1286817416548729,1
578,7453,14.965344735137576,17,0.911495625,0.15014632046222687,1
579,7476,16.140507781971927,23,0.9112225,0.1603067902227243,1
580,7481,3.204545454545454,5,0.911163125,0.20268656313419342,1
581,7511,23.593249104321586,30,0.910806875,0.15022762332643783,0
582,7515,2.9552714163121765,4,0.910759375,0.16482850909233093,1
583,7543,23.330165646314985,28,0.910426875,0.1430680187685149,1
584,7550,5.404594584227799,7,0.91034375,0.13237687200307846,1
585,7565,11.613241774491772,15,0.910165625,0.1699625514447689,1
586,7576,7.963418418131645,11,0.910035,0.13545767962932587,1
587,7588,9.80718705060453,12,0.9098925,0.1982435186704,1
588,7602,10.64569736309621,14,0.90972625,0.11114193499088287,1
589,7615,10.87736080462523,13,0.909571875,0.1808303495248159,1
590,7633,13.266556749299369,18,0.909358125,0.12465532422065735,1
591,7636,1.9583725634928275,3,0.9093225,0.09614495933055878,1
592,7640,2.6486688489825894,4,0.909275,0.08309701085090637,1
593,7653,10.681074260804053,13,0.909120625,0.12414537866910298,1
594,7683,23.39086368282797,30,0.9087643750000001,0.15980974904128484,0
595,7686,1.6530620728196186,3,0.90872875,0.19079160690307617,1
596,7689,1.9951325536127245,3,0.908693125,0.14288920164108276,1
597,7708,14.769023145757238,19,0.9084675,0.16988508105278016,1
598,7730,16.923273390510964,22,0.90820625,0.14808231294155122,1
599,7744,12.354651542606168,14,0.90804,0.12766877189278603,1
600,7763,14.726279807187666,19,0.9078143750000001,0.17694658041000366,1
601,7786,20.3868709548945,23,0.90754125,0.143050999691089,1
602,7789,1.9602091714909529,3,0.907505625,0.21245291829109192,1
603,7800,7.701391453311493,11,0.907375,0.1658038298288981,1
604,7811,7.420544656786808,11,0.907244375,0.18892675638198853,1
605,7841,25.148412096962346,30,0.906888125,0.1637567924335599,0
606,7851,6.454725925977518,10,0.906769375,0.10236398875713348,1
607,7856,3.397966641970814,5,0.90671,0.14323268830776215,1
608,7883,18.77781985591088,27,0.906389375,0.1519221675892671,1
609,7893,7.404630893196874,10,0.906270625,0.15738680958747864,1
610,7920,20.819738329379707,27,0.90595,0.14556806215218135,1
611,7929,6.797847463969864,9,0.905843125,0.1420687437057495,1
612,7933,2.3989273212049906,4,0.905795625,0.13910667598247528,1
613,7947,9.749584975833107,14,0.905629375,0.14492511252562204,1
614,7950,1.7953289908768333,3,0.90559375,0.12515535950660706,1
615,7958,6.790167778958246,8,0.90549875,0.13350364565849304,1
616,7970,9.607713088864262,12,0.90535625,0.1861727386713028,1
617,7991,17.750591192791763,21,0.905106875,0.13404422700405122,1
618,8016,20.276683672489003,25,0.90481,0.2659333497285843,1
619,8038,15.385578719498216,22,0.90454875,0.3111391425132751,1
620,8060,15.49669414572297,22,0.9042875,0.26859354476133984,1
621,8065,3.56248189876368,5,0.904228125,0.4081485867500305,1
622,8087,17.814801237138276,22,0.9039668750000001,0.23708029389381408,1
623,8090,1.8555311580971054,3,0.90393125,0.16141122579574585,1
624,8098,6.985776822962701,8,0.90383625,0.18194810301065445,1
625,8128,22.700193438288412,30,0.9034800000000001,0.2500225333496928,0
626,8133,3.3694256351595744,5,0.903420625,0.24991634488105774,1
627,8136,1.7649228101313175,3,0.903385,0.2994949519634247,1
628,8145,7.758298448409552,9,0.903278125,0.22399023175239563,1
629,8147,0.9660165442504834,2,0.903254375,nan,1
630,8153,4.595443961645915,6,0.903183125,0.22717491537332535,1
631,8165,10.647492389961998,12,0.903040625,0.21936637659867605,1
632,8173,5.401277396690906,8,0.902945625,0.194930799305439,1
633,8176,1.9602091714909529,3,0.90291,0.18416795134544373,1
634,8188,9.560859277392263,12,0.9027675000000001,0.16078981508811316,1
635,8198,7.849591348370262,10,0.90264875,0.1708899289369583,1
636,8201,1.989430498320539,3,0.902613125,0.28387683629989624,1
637,8205,2.7591154181621453,4,0.902565625,0.21855300664901733,1
638,8211,4.559253874462416,6,0.902494375,0.17729449272155762,1
639,8230,15.132085644891829,19,0.90226875,0.23573196232318877,1
640,8241,9.55379161762625,11,0.902138125,0.21805772185325623,1
641,8246,3.720924725986522,5,0.90207875,0.21311956644058228,1
642,8276,22.447183824875225,30,0.9017225,0.23197884857654572,0
643,8285,7.075247976722884,9,0.901615625,0.20319870114326477,1
644,8293,6.046614297377375,8,0.901520625,0.2652799189090729,1
645,8307,12.517700751396669,14,0.901354375,0.18693867325782776,1
646,8315,5.325107836863967,8,0.901259375,0.2124081626534462,1
647,8320,3.758512897770461,5,0.9012,0.28614962100982666,1
648,8327,4.287573834461877,7,0.901116875,0.24219194054603577,1
649,8342,12.417618284187895,15,0.90093875,0.21452176570892334,1
650,8358,13.315557568266735,16,0.90074875,0.22837907075881958,1
651,8374,12.418779916466052,16,0.90055875,0.19854668155312538,1
652,8397,17.104166703668376,23,0.900285625,0.18493488927682242,1
653,8403,4.004516750934724,6,0.900214375,0.14309123158454895,1
654,8414,7.341607495741725,11,0.90008375,0.1957715650399526,1
655,8424,7.603447690049217,10,0.899965,0.1943605144818624,1
656,8441,11.742198133845655,17,0.899763125,0.2207265980541706,1
657,8452,7.254838810895903,11,0.8996325000000001,0.21642215053240457,1
658,8464,9.960787127125485,12,0.89949,0.26846883694330853,1
659,8472,6.197444199528099,8,0.8993950000000001,0.2193927988409996,1
660,8477,3.656434068295144,5,0.899335625,0.2544165551662445,1
661,8483,3.8804259402359493,6,0.899264375,0.1484392285346985,1
662,8489,4.959018187143877,6,0.899193125,0.18467985093593597,1
663,8498,6.99998546200315,9,0.89908625,0.16109851747751236,1
664,8528,25.100630120348956,30,0.89873,0.21857832744717598,0
665,8532,2.7591154181621453,4,0.8986825,0.24160827696323395,1
666,8545,8.866425748391427,13,0.898528125,0.24030346671740213,1
667,8553,5.186450384779036,8,0.898433125,0.16671115159988403,1
668,8558,4.054114629085036,5,0.89837375,0.12852981686592102,1
669,8570,9.20705569004106,12,0.89823125,0.19624100625514984,1
670,8600,22.301766508152763,30,0.897875,0.2050235290080309,0
671,8616,13.041966041436709,16,0.897685,0.2383270226418972,1
672,8624,5.2477643574318,8,0.89759,0.23005293309688568,1
673,8631,5.59527437016612,7,0.897506875,0.14567454159259796,1
674,8637,4.0129818028253235,6,0.897435625,0.2513117790222168,1
675,8657,16.81682555719088,20,0.897198125,0.18786696940660477,1
676,8686,19.864672363240974,29,0.89685375,0.23411563890320913,1
677,8709,17.01212369746858,23,0.896580625,0.1463892956574758,1
678,8737,21.98415868183989,28,0.8962481250000001,0.19973409814493998,1
679,8748,8.520538172308106,11,0.8961175,0.23219957451025644,1
680,8778,23.863066247340118,30,0.8957612500000001,0.2533150762319565,0
681,8804,19.015901912893177,26,0.8954525,0.2369393983057567,1
682,8808,2.8050980119022495,4,0.895405,0.19993604719638824,1
683,8820,10.248053323596162,12,0.8952625,0.238694429397583,1
684,8824,2.3993434037758172,4,0.895215,0.14535404741764069,1
685,8848,19.129677611939602,24,0.89493,0.21306894719600677,1
686,8855,5.758332142817377,7,0.894846875,0.14955615997314453,1
687,8860,3.202309897675814,5,0.8947875,0.251975417137146,1
688,8865,4.277200005325695,5,0.894728125,0.234695702791214,1
689,8892,20.337704127982153,27,0.8944075,0.17991299501487187,1
690,8900,6.957162800132125,8,0.8943125000000001,0.19652584940195084,1
691,8909,6.444505353911209,9,0.894205625,0.28362859785556793,1
692,8918,7.758298551725085,9,0.8940987499999999,0.15835438668727875,1
693,8939,18.55559130621393,21,0.8938493750000001,0.1990478217601776,1
694,8949,6.580841678906313,10,0.893730625,0.24611290295918783,1
695,8971,17.321556107304037,22,0.893469375,0.19116440117359162,1
696,8983,8.700376707452381,12,0.893326875,0.20000571012496948,1
697,8986,1.9222645732545307,3,0.89329125,0.15779909491539001,1
698,8995,7.358645018015903,9,0.893184375,0.24572665989398956,1
699,9011,10.83557525581809,16,0.892994375,0.3710624426603317,1
700,9026,10.153591839630042,15,0.89281625,0.4201972708106041,1
701,9036,7.806489528899503,10,0.8926975,0.3444931010405223,1
702,9043,4.848110937784481,7,0.892614375,0.4706263244152069,1
703,9073,22.20782622546201,30,0.892258125,0.3429800160229206,0
704,9083,6.619408293150444,10,0.892139375,0.36628489196300507,1
705,9087,2.9592167598122607,4,0.892091875,0.2992725968360901,1
706,9094,5.202127840555179,7,0.89200875,0.37279176712036133,1
707,9097,1.9583725634928275,3,0.891973125,0.4463009536266327,1
708,9104,5.5594790955903335,7,0.89189,0.33024318516254425,1
709,9109,3.756289207298002,5,0.891830625,0.2064889371395111,1
710,9138,19.92164875870252,29,0.89148625,0.3188790764127459,1
711,9144,4.361382619586294,6,0.8914150000000001,0.3613850325345993,1
712,9146,0.9660165442504834,2,0.89139125,nan,1
713,9164,14.294891264594954,18,0.8911775,0.28994582295417787,1
714,9194,21.178652694367713,30,0.89082125,0.32493558738912853,0
715,9198,2.7572668943498306,4,0.89077375,0.264479398727417,1
716,9206,5.7632191024395345,8,0.89067875,0.2989773601293564,1
717,9215,7.756748893677902,9,0.890571875,0.2713480517268181,1
718,9220,3.078561054054516,5,0.8905125,0.3072243332862854,1
719,9227,4.655243475385087,7,0.890429375,0.2743024528026581,1
720,9242,9.835447439734827,15,0.89025125,0.2799209952354431,1
721,9248,3.7743443532379866,6,0.89018,0.2489544302225113,1
722,9255,5.400349113891839,7,0.890096875,0.45136088132858276,1
723,9267,10.161027711251847,12,0.889954375,0.17900630831718445,1
724,9273,4.402247087750604,6,0.889883125,0.2784923240542412,1
725,9289,13.841938402636137,16,0.889693125,0.2618993669748306,1
726,9296,4.846313115883271,7,0.88961,0.30530065298080444,1
727,9304,6.760149598236084,8,0.8895150000000001,0.3231822997331619,1
728,9315,7.825975887387541,11,0.889384375,0.32138487696647644,1
729,9318,1.9602091714909529,3,0.88934875,0.24222606420516968,1
730,9348,21.8916642559476,30,0.8889925,0.30322774685919285,0
731,9369,16.759790456052098,21,0.888743125,0.3162814497947693,1
732,9382,10.324862371388608,13,0.88858875,0.29807660977045697,1
733,9390,6.3626208981771954,8,0.88849375,0.3190939426422119,1
734,9401,9.792898193144307,11,0.888363125,0.3209399878978729,1
735,9414,9.880309727289994,13,0.88820875,0.3109370619058609,1
736,9427,10.261445980051581,13,0.8880543750000001,0.26901841660340625,1
737,9442,11.38232214118185,15,0.88787625,0.3286535404622555,1
738,9461,15.094189720094533,19,0.887650625,0.2526684790849686,1
739,9471,6.453551138159424,10,0.887531875,0.2258816882967949,1
740,9491,14.221627112022768,20,0.887294375,0.3722405731678009,1
741,9498,5.207102373420022,7,0.88721125,0.2366788014769554,1
742,9502,2.2488844296919193,4,0.88716375,0.2981224060058594,1
743,9529,21.37403133353393,27,0.886843125,0.2881090726171221,1
744,9540,7.961564947791198,11,0.8867125,0.2849789659182231,1
745,9546,4.000818471847333,6,0.88664125,0.18078027665615082,1
746,9550,2.9592167598122607,4,0.8865937500000001,0.25911349058151245,1
747,9565,9.938911798570977,15,0.886415625,0.23975171148777008,1
748,9586,14.474148520935017,21,0.88616625,0.2560012459754944,1
749,9596,8.119738016802026,10,0.8860475,0.34258179863293964,1
750,9604,5.240740151562118,8,0.8859525,0.2600551098585129,1
751,9612,5.800493496260267,8,0.8858575,0.32818636298179626,1
752,9640,20.26188430846483,28,0.885525,0.3090712640966688,1
753,9647,5.76015455078024,7,0.885441875,0.3248075246810913,1
754,9652,3.367190022601448,5,0.8853825,0.21129028499126434,1
755,9670,14.76774735670733,18,0.8851687500000001,0.2483813874423504,1
756,9689,15.722737190023416,19,0.884943125,0.3387996792793274,1
757,9701,9.96230811493218,12,0.884800625,0.3196380039056142,1
758,9707,4.650670044918107,6,0.884729375,0.2602943181991577,1
759,9736,23.328358297396115,29,0.884385,0.2743156459182501,1
760,9752,12.883208434443507,16,0.8841950000000001,0.2777281329035759,1
761,9767,10.336464739565047,15,0.884016875,0.18940057853857675,1
762,9775,6.652310420243559,8,0.883921875,0.3827441483736038,1
763,9778,1.9602091714909529,3,0.88388625,0.2651895582675934,1
764,9794,13.275572581702349,16,0.88369625,0.28336939215660095,1
765,9824,23.014791482731322,30,0.88334,0.29920748248696327,0
766,9830,4.361382619586294,6,0.88326875,0.20077726244926453,1
767,9853,18.008818898787762,23,0.882995625,0.2634759371479352,1
768,9871,13.3101275941051,18,0.882781875,0.26274019479751587,1
769,9897,19.307787822856664,26,0.882473125,0.2891116908618382,1
770,9913,11.630372629211829,16,0.8822831250000001,0.22113697230815887,1
771,9927,10.332487642537867,14,0.882116875,0.29879632592201233,1
772,9932,3.758507393455113,5,0.8820575,0.21424131840467453,1
773,9962,23.55116213826522,30,0.88170125,0.2634850250823157,0
774,9969,5.955325375666705,7,0.881618125,0.29244619607925415,1
775,9991,17.263871354135954,22,0.881356875,0.23135496973991393,1
776,9999,6.155213857284465,8,0.881261875,0.21298310905694962,1
777,10002,1.65530303030303,3,0.88122625,0.2473379373550415,1
778,10032,24.346213957433992,30,0.88087,0.4546552859246731,0
779,10062,22.081962766609447,30,0.88051375,0.4342441899435861,0
780,10092,23.075277093729426,30,0.8801575,0.31198940239846706,0
781,10095,1.4547784624645592,3,0.8801218749999999,nan,1
782,10122,19.71242267722013,27,0.87980125,0.3432811072894505,1
783,10142,14.928941865840946,20,0.87956375,0.41023908257484437,1
784,10163,16.486112049550147,21,0.879314375,0.3990877628326416,1
785,10167,2.7943365791981405,4,0.879266875,0.5922125577926636,1
786,10182,13.351478171556863,15,0.87908875,0.3317684307694435,1
787,10206,18.73173384321692,24,0.87880375,0.37224331498146057,1
788,10215,6.3776260121116115,9,0.878696875,0.3157315105199814,1
789,10224,6.762946837437877,9,0.87859,0.36535340547561646,1
790,10231,4.601321610487674,7,0.878506875,0.28601107001304626,1
791,10233,1.0543947944607421,2,0.878483125,0.29333245754241943,1
792,10258,21.16674929876329,25,0.87818625,0.28892162442207336,1
793,10283,18.85611857789832,25,0.877889375,0.34772160400946933,1
794,10297,11.951278260925111,14,0.8777231249999999,0.33995523676276207,1
795,10309,10.195003666345052,12,0.877580625,0.1635943502187729,1
796,10328,14.451048430248711,19,0.877355,0.3292936861515045,1
797,10358,24.298914661187965,30,0.87699875,0.3804325546537127,0
798,10362,2.401190587607902,4,0.87695125,0.3491671681404114,1
799,10365,2.0795273533091345,3,0.876915625,0.2712401747703552,1
800,10384,14.106655034738179,19,0.87669,0.3422967195510864,1
801,10396,8.332762308129265,12,0.8765475,0.3119809478521347,1
802,10398,1.2783909896727712,2,0.87652375,nan,1
803,10419,16.090333814006495,21,0.8762743749999999,0.30226745307445524,1
804,10425,4.756119597166153,6,0.876203125,0.43168748915195465,1
805,10430,3.760353123448624,5,0.87614375,0.33356040716171265,1
806,10437,5.168156794647517,7,0.876060625,0.2964322865009308,1
807,10453,11.426919984472143,16,0.875870625,0.3432980924844742,1
808,10466,10.903943317278976,13,0.87571625,0.3151703377564748,1
809,10496,26.166920144300263,30,0.87536,0.2758940067142248,0
810,10519,19.248198159256326,23,0.875086875,0.4383569061756134,1
811,10526,5.7560751491663416,7,0.87500375,0.3830719292163849,1
812,10537,9.157669225332256,11,0.874873125,0.372877299785614,1
813,10555,15.076794222231245,18,0.874659375,0.3870719224214554,1
814,10562,4.526200456064277,7,0.87457625,0.29827357828617096,1
815,10565,1.7671529078868469,3,0.8745406250000001,0.33058983087539673,1
816,10582,13.687817287194601,17,0.8743387499999999,0.26545197144150734,1
817,10594,9.477174889176851,12,0.87419625,0.32481443881988525,1
818,10597,1.8864710897050287,3,0.874160625,0.340053915977478,1
819,10606,7.760148751904556,9,0.8740537500000001,0.3879544883966446,1
820,10623,12.692569103425972,17,0.873851875,0.3323546200990677,1
821,10627,2.5942352256076413,4,0.873804375,0.3267688453197479,1
822,10632,3.9590471683324666,5,0.873745,0.3175657093524933,1
823,10639,4.293372474257479,7,0.873661875,0.46136218309402466,1
824,10642,1.9583725634928275,3,0.87362625,0.1808769702911377,1
825,10653,9.278822373185356,11,0.873495625,0.32028305530548096,1
826,10668,13.348203880092953,15,0.8733175,0.4383482411503792,1
827,10692,19.013833633334897,24,0.8730325,0.29718096057573956,1
828,10696,2.5642135175608773,4,0.872985,0.2365425080060959,1
829,10712,11.689530951311403,16,0.872795,0.2630664110183716,1
830,10714,0.9660165442504834,2,0.87277125,nan,1
831,10716,0.928063543066461,2,0.8727475,0.41603195667266846,1
832,10741,20.16501378703136,25,0.872450625,0.35182727376619977,1
833,10769,18.918825626449554,28,0.8721181250000001,0.34456331176417215,1
834,10789,14.236595530628836,20,0.871880625,0.2922926604747772,1
835,10793,2.3974713947814035,4,0.871833125,0.3374543786048889,1
836,10796,1.6503489442209243,3,0.8717975,0.28286266326904297,1
837,10810,10.176863093916428,14,0.8716312500000001,0.27973880370457965,1
838,10821,9.749103829768925,11,0.871500625,0.39655572175979614,1
839,10826,3.204545454545454,5,0.87144125,0.24626480042934418,1
840,10851,18.104249589768823,25,0.871144375,0.3659696727991104,1
841,10855,2.9573710298187494,4,0.871096875,0.23483571410179138,1
842,10873,13.297296140509902,18,0.870883125,0.3890071868896484,1
843,10881,5.330899366745503,8,0.870788125,0.1612662374973297,1
844,10890,5.907229021088846,9,0.8706812500000001,0.4702391177415848,1
845,10920,23.231107593536922,30,0.870325,0.2781248101964593,0
846,10948,21.386892314412943,28,0.8699925,0.31097495555877686,1
847,10958,7.859935304677074,10,0.86987375,0.255511075258255,1
848,10966,6.750790503020902,8,0.86977875,0.32880957424640656,1
849,10977,8.842451047336025,11,0.869648125,0.35564346114794415,1
850,10983,4.762001888991791,6,0.869576875,0.24316544830799103,1
851,10993,7.46020077395576,10,0.869458125,0.2760341664155324,1
852,11004,8.118395637495565,11,0.8693275,0.45073550939559937,1
853,11018,11.482190257248297,14,0.86916125,0.5167953968048096,1
854,11041,16.391957458805262,23,0.868888125,0.6122210621833801,1
855,11060,16.746887304635223,19,0.8686625,0.40270527005195617,1
856,11077,11.70111938204613,17,0.868460625,0.4375865086913109,1
857,11104,18.763284001958908,27,0.86814,0.5061803247247424,1
858,11107,1.7649228101313175,3,0.868104375,nan,1
859,11137,23.78881147756638,30,0.867748125,0.40428024157881737,0
860,11162,19.553515874947458,25,0.86745125,0.48133990665276843,1
861,11192,22.27778395048868,30,0.867095,0.40179069712758064,0
862,11215,17.494091904645426,23,0.8668218750000001,0.45232003927230835,1
863,11227,9.567181942715516,12,0.866679375,0.4524389108022054,1
864,11234,5.007430344120069,7,0.86659625,0.35535581409931183,1
865,11247,10.365216117978932,13,0.866441875,0.5104877054691315,1
866,11250,2.1206341138986122,3,0.86640625,0.4101547598838806,1
867,11253,1.6000371704030871,3,0.8663706250000001,0.284031480550766,1
868,11262,7.004648625480566,9,0.86626375,0.5262863636016846,1
869,11270,6.358375769676713,8,0.86616875,0.4407443702220917,1
870,11300,24.100048577527737,30,0.8658125,0.37733719125390053,0
871,11319,14.17813016213788,19,0.865586875,0.38997266441583633,1
872,11322,1.7649228101313175,3,0.86555125,0.4719717502593994,1
873,11347,19.902764340027478,25,0.865254375,0.38517163197199505,1
874,11355,6.358371089381108,8,0.865159375,0.5635805130004883,1
875,11385,22.439446364062203,30,0.864803125,0.3377216998487711,0
876,11389,2.3989273212049906,4,0.864755625,0.34033331274986267,1
877,11398,7.555523368698921,9,0.86464875,0.23289668560028076,1
878,11426,22.32261348327619,28,0.86431625,0.3044010890381677,1
879,11444,16.553884029414434,18,0.8641025,0.4116338014602661,1
880,11451,4.52260171814956,7,0.864019375,0.3233104646205902,1
881,11456,3.9556112295059234,5,0.8639600000000001,0.35767925530672073,1
882,11476,16.142697120622536,20,0.8637225,0.4050628632307053,1
883,11486,7.634530875283326,10,0.86360375,0.41961149871349335,1
884,11501,11.571457797362438,15,0.8634256250000001,0.3935420960187912,1
885,11504,1.6000542239715385,3,0.86339,0.5183684229850769,1
886,11508,2.596465354513197,4,0.8633425,0.2567201554775238,1
887,11513,3.057051189737286,5,0.863283125,0.316170871257782,1
888,11523,7.16365842913275,10,0.863164375,0.40745672583580017,1
889,11530,4.966257280287674,7,0.86308125,0.38126884400844574,1
890,11546,14.309081834794403,16,0.86289125,0.41364459693431854,1
891,11554,5.417614613563163,8,0.86279625,0.3229467198252678,1
892,11558,2.9573710298187494,4,0.86274875,0.42544159293174744,1
893,11588,21.1400195214523,30,0.8623925,0.41032497584819794,0
894,11618,24.30459514280009,30,0.8620362500000001,0.39485150788511547,0
895,11622,2.1625542239715383,4,0.8619887500000001,0.5460083484649658,1
896,11632,8.951354859300087,10,0.86187,0.44979216655095416,1
897,11648,11.160818321614832,16,0.86168,0.4778922498226166,1
898,11661,8.79265622226027,13,0.8615256250000001,0.42787642280260724,1
899,11670,7.3575943149223795,9,0.86141875,0.37012410163879395,1
900,11677,5.39913461471875,7,0.861335625,0.2814992889761925,1
901,11699,18.525190687857947,22,0.8610743750000001,0.42298792004585267,1
902,11727,19.48398848266086,28,0.860741875,0.37793220366750446,1
903,11729,0.9850976595546611,2,0.860718125,0.4431501626968384,1
904,11733,2.3989825583753617,4,0.860670625,0.28132036328315735,1
905,11739,4.554774171006927,6,0.860599375,0.6488951444625854,1
906,11762,18.10196045612422,23,0.86032625,0.3588062326113383,1
907,11771,6.760883258178268,9,0.860219375,0.3630761206150055,1
908,11782,8.242865477391236,11,0.8600887500000001,0.40750304857889813,1
909,11790,6.785189248447875,8,0.85999375,0.2946908175945282,1
910,11800,6.735513269820223,10,0.859875,0.3484191993872325,1
911,11805,3.0548156319626387,5,0.859815625,0.40911173820495605,1
912,11810,3.953524034131285,5,0.85975625,0.33875173330307007,1
913,11838,20.472390217027964,28,0.85942375,0.4178180353982108,1
914,11851,10.95965489913337,13,0.859269375,0.4346488316853841,1
915,11859,6.159318732200101,8,0.859174375,0.3531268388032913,1
916,11869,8.994408212559266,10,0.859055625,0.38372891147931415,1
917,11876,5.758304370204218,7,0.8589725,0.35121235251426697,1
918,11886,8.593566638364583,10,0.85885375,0.36892588436603546,1
919,11889,1.7671529078868469,3,0.858818125,0.2945427894592285,1
920,11897,5.252589998038829,8,0.858723125,0.39084166288375854,1
921,11927,22.520428254561327,30,0.858366875,0.2738294984613146,0
922,11937,7.561915800909823,10,0.858248125,0.3799165189266205,1
923,11958,17.76901396025761,21,0.85799875,0.3677809536457062,1
924,11965,4.5235826816016775,7,0.857915625,0.5323009788990021,1
925,11977,8.5146836765169,12,0.857773125,0.4280475278695424,1
926,12007,25.41748907082883,30,0.857416875,0.46258105976240976,0
927,12010,1.7649228101313175,3,0.85738125,0.781806230545044,1
928,12020,9.07610028376554,10,0.8572625,0.470148503780365,1
929,12031,8.791264360871969,11,0.857131875,0.5729828029870987,1
930,12061,23.476695477745054,30,0.856775625,0.49026893451809883,0
931,12091,21.085843748044788,30,0.856419375,0.5519963545458657,0
932,12099,6.1265613002700885,8,0.856324375,0.6061399877071381,1
933,12125,19.47247282602259,26,0.8560156250000001,0.545301228761673,1
934,12141,12.177445707256506,16,0.855825625,0.5640609562397003,1
935,12145,2.5942352256076413,4,0.8557781250000001,0.5234920978546143,1
936,12150,3.758507393455113,5,0.85571875,0.5090360641479492,1
937,12154,2.403409090909091,4,0.85567125,0.38558435440063477,1
938,12159,3.3645623234014965,5,0.855611875,0.4193207621574402,1
939,12187,22.808065695284835,28,0.8552793750000001,0.4148778404508318,1
940,12196,7.650475732285648,9,0.8551725,0.43577754000822705,1
941,12226,24.759845244135104,30,0.85481625,0.4804937073162624,0
942,12234,6.358520932151376,8,0.85472125,0.5874874293804169,1
943,12240,4.758342731953968,6,0.85465,0.4225582331418991,1
944,12270,22.50748211668627,30,0.85429375,0.5491830493722644,1
945,12282,8.609583936262002,12,0.85415125,0.39906259377797443,1
946,12291,7.2788314225314625,9,0.854044375,0.3188766613602638,1
947,12299,6.756451112240929,8,0.853949375,0.4517238736152649,1
948,12313,10.938056150549963,14,0.853783125,0.4062967598438263,1
949,12329,13.403151316493823,16,0.853593125,0.4379122406244278,1
950,12335,4.758333963298804,6,0.853521875,0.5090572237968445,1
951,12365,22.12183956148475,30,0.853165625,0.39869876950979233,0
952,12368,1.5974290027069835,3,0.85313,0.6200541853904724,1
953,12377,7.357692429302939,9,0.853023125,0.5266962051391602,1
954,12399,17.52918180075739,22,0.852761875,0.45255247950553895,1
955,12406,5.756468266491147,7,0.85267875,0.5114408582448959,1
956,12424,12.894355568186509,18,0.852465,0.5389840781688691,1
957,12449,19.972567796323133,25,0.852168125,0.5923824608325958,1
958,12469,14.543653568039673,20,0.851930625,0.5166637897491455,1
959,12485,11.850329251113454,16,0.851740625,0.3847198113799095,1
960,12490,3.800076230137417,5,0.85168125,0.30132347345352173,1
961,12510,17.926265699635046,20,0.85144375,0.5610048294067382,1
962,12516,4.591710957008961,6,0.8513725,0.4708983898162842,1
963,12520,2.5642135175608773,4,0.851325,0.36943259835243225,1
964,12526,3.5284090909090904,6,0.85125375,0.4366864264011383,1
965,12533,5.36922706249119,7,0.851170625,0.7332154810428619,1
966,12544,9.559049358290249,11,0.85104,0.4070803423722585,1
967,12550,3.890107239200671,6,0.85096875,0.648585855960846,1
968,12567,12.695811799190535,17,0.850766875,0.5104458183050156,1
969,12578,8.954962272876978,11,0.85063625,0.44430820147196454,1
970,12587,6.45129326198545,9,0.850529375,0.6005508303642273,1
971,12604,12.331870018949926,17,0.8503275,0.43838409185409544,1
972,12610,4.594043007455894,6,0.85025625,0.6749907732009888,1
973,12640,22.71078460261121,30,0.8499,0.4716647397726774,0
974,12664,17.098001785533267,24,0.849615,0.5022425949573517,1
975,12674,6.221698280099936,10,0.8494962500000001,0.4587920755147934,1
976,12684,7.722545472633635,10,0.8493775,0.37697722514470416,1
977,12695,8.089762614483057,11,0.849246875,0.4218887835741043,1
978,12715,14.466323225355175,20,0.8490093750000001,0.45467020869255065,1
979,12727,9.605051554626751,12,0.848866875,0.40495625138282776,1
980,12739,7.761629026786989,12,0.848724375,0.43214882413546246,1
981,12748,7.3635834823357715,9,0.8486175,0.4512732724348704,1
982,12751,1.9602091714909529,3,0.848581875,nan,1
983,12765,10.615948407618703,14,0.848415625,0.49156538397073746,1
984,12771,4.957168599026561,6,0.848344375,0.42185473442077637,1
985,12785,10.169816307265048,14,0.848178125,0.4743206948041916,1
986,12800,9.977825012183073,15,0.848,0.43615124374628067,1
987,12806,3.5284090909090904,6,0.84792875,0.2656755745410919,1
988,12818,9.670630356721873,12,0.84778625,0.5573715368906657,1
989,12830,10.559468174503198,12,0.84764375,0.48060107231140137,1
990,12845,11.688292337553316,15,0.847465625,0.4061027020215988,1
991,12851,4.402247087750604,6,0.847394375,0.4805302321910858,1
992,12862,9.289676650456283,11,0.84726375,0.4488658308982849,1
993,12892,27.191045766305233,30,0.8469075,0.4745074324309826,0
994,12897,3.9550916435570764,5,0.846848125,0.4670836925506592,1
995,12915,13.816254427013366,18,0.846634375,0.3314361423254013,1
996,12944,21.071051549465555,29,0.84629,0.43810543045401573,1
997,12950,3.8511370345142244,6,0.84621875,0.43783849477767944,1
998,12954,2.7211926698773983,4,0.84617125,0.4363212287425995,1
999,12963,7.753955771651362,9,0.846064375,0.26657527685165405,1
1000,12975,9.533309215622793,12,0.8459218749999999,0.4390254020690918,1
1001,12992,12.978409308609573,17,0.84572,0.4686169922351837,1
1002,13000,6.562447118699408,8,0.8456250000000001,0.5137180685997009,1
1003,13003,1.7671529078868469,3,0.845589375,nan,1
1004,13009,4.758342731953968,6,0.845518125,0.8191956877708435,1
1005,13013,2.3989825583753617,4,0.845470625,0.6264649629592896,1
1006,13021,6.756358308763365,8,0.845375625,0.88079434633255,1
1007,13037,11.33465508860198,16,0.845185625,0.5466901659965515,1
1008,13064,20.541374976323425,27,0.844865,0.4669952520302364,1
1009,13073,6.268384399520858,9,0.844758125,0.602571964263916,1
1010,13087,10.654582612740246,14,0.844591875,0.6559644937515259,1
1011,13098,8.128275768193244,11,0.8444612499999999,0.5973324378331503,1
1012,13102,2.7572668943498306,4,0.84441375,0.6292605400085449,1
1013,13121,15.480791854345169,19,0.8441881250000001,0.5100209832191467,1
1014,13127,4.559253874462416,6,0.844116875,0.7298729419708252,1
1015,13139,9.17216330133598,12,0.8439743749999999,0.5779456992944082,1
1016,13150,8.248841265322495,11,0.84384375,0.5955453912417094,1
1017,13162,9.277882383725203,12,0.8437012500000001,0.5253295103708903,1
1018,13184,18.599556589898313,22,0.84344,0.6345884203910828,1
1019,13214,22.795642153678312,30,0.84308375,0.5409724414348602,0
1020,13216,1.1211282096181674,2,0.84306,0.6383763551712036,1
1021,13243,19.170599655899792,27,0.8427393750000001,0.4702375481526057,1
1022,13250,5.678402464800803,7,0.84265625,0.747453361749649,1
1023,13258,6.957162084773189,8,0.8425612499999999,0.5207919180393219,1
1024,13269,8.409834094536956,11,0.842430625,0.7360285719235738,1
1025,13274,3.790727416038416,5,0.84237125,0.752626895904541,1
1026,13279,3.9556112295059234,5,0.842311875,0.6730026006698608,1
1027,13309,20.97398166952455,30,0.841955625,0.5983668193221092,0
1028,13329,16.43748062711181,20,0.841718125,0.5943663656711579,1
1029,13334,2.84437240578972,5,0.84165875,0.5074262022972107,1
1030,13338,2.7943365791981405,4,0.84161125,0.5713659524917603,1
1031,13365,20.90971134668987,27,0.8412906250000001,0.5082583171980721,1
1032,13371,4.39779568165011,6,0.841219375,0.4618121385574341,1
1033,13380,7.953185640133897,9,0.8411124999999999,0.602970172961553,1
1034,13382,1.1985551664893401,2,0.8410887499999999,nan,1
1035,13396,11.763635210579913,14,0.8409225,0.5770718529820442,1
1036,13410,12.955311580953058,14,0.84075625,0.3940235376358032,1
1037,13417,4.995798663808389,7,0.840673125,0.5445034205913544,1
1038,13434,12.382824463407085,17,0.84047125,0.5125545337796211,1
1039,13444,6.338797954477506,10,0.8403525000000001,0.5055836041768392,1
1040,13451,5.799925828993538,7,0.840269375,0.4479280412197113,1
1041,13481,23.100860195979134,30,0.839913125,0.539553128182888,0
1042,13485,2.7864803707279706,4,0.8398656250000001,0.5133419036865234,1
1043,13494,7.561285961872448,9,0.83975875,0.6790457367897034,1
1044,13524,25.131259840950072,30,0.8394025,0.49507930129766464,0
1045,13554,21.466166461799325,30,0.83904625,0.5174348439489093,0
1046,13580,18.900677491984208,26,0.8387375,0.5727114975452423,1
1047,13610,25.420902536614896,30,0.8383812500000001,0.5462774293763297,0
1048,13624,11.600159041546567,14,0.8382149999999999,0.5766321122646332,1
1049,13633,6.957803978144608,9,0.838108125,0.2583445608615875,1
1050,13641,5.795245627684173,8,0.838013125,0.47643812000751495,1
1051,13647,4.758333963298804,6,0.8379418750000001,0.6899811029434204,1
1052,13652,3.4498052126189527,5,0.8378825,0.4744942784309387,1
1053,13660,6.758312804713078,8,0.8377875,0.5358815342187881,1
1054,13671,9.752119996659204,11,0.837656875,0.6004801392555237,1
1055,13674,1.9996915301257037,3,0.83762125,0.5439745187759399,1
1056,13682,6.752883622293844,8,0.83752625,0.5170972645282745,1
1057,13694,9.613729796517068,12,0.83738375,0.6306231816609701,1
1058,13712,12.023098350635895,18,0.83717,0.49693679213523867,1
1059,13739,25.17945395765024,27,0.836849375,0.6144615312417349,1
1060,13744,3.9556185106781476,5,0.83679,0.4575173556804657,1
1061,13774,21.67039144802674,30,0.83643375,0.5803239260401044,0
1062,13793,12.704766918069367,19,0.836208125,0.5245516479015351,1
1063,13803,7.563013932581568,10,0.836089375,0.37536079436540604,1
1064,13806,1.9602091714909529,3,0.83605375,0.33157992362976074,1
1065,13817,7.64543022197423,11,0.835923125,0.5711720784505209,1
1066,13834,13.449278577158678,17,0.83572125,0.43861016631126404,1
1067,13842,6.650719104871245,8,0.83562625,0.4095916748046875,1
1068,13856,11.91862577624673,14,0.83546,0.5152812004089355,1
1069,13863,6.271103561672886,7,0.835376875,0.429987370967865,1
1070,13887,18.53195361078468,24,0.835091875,0.4492806668082873,1
1071,13890,1.6000542239715385,3,0.83505625,0.47652602195739746,1
1072,13903,10.802727753619465,13,0.834901875,0.5686703125635783,1
1073,13933,22.875431851094156,30,0.8345456250000001,0.5975504703819752,0
1074,13944,9.580285246990117,11,0.834415,0.5631993214289347,1
1075,13952,5.361819357490663,8,0.83432,0.3870227485895157,1
1076,13969,12.571807740371725,17,0.834118125,0.6789935529232025,1
1077,13999,22.408281805598715,30,0.833761875,0.45176257831709726,1
1078,14007,5.128446175613618,8,0.833666875,0.7619422078132629,1
1079,14019,10.362619878278782,12,0.833524375,0.5216325024763743,1
1080,14042,20.95442646452907,23,0.83325125,0.7779179215431213,1
1081,14051,7.7527712363848345,9,0.833144375,0.6534237116575241,1
1082,14059,6.3591692296637685,8,0.833049375,0.683251291513443,1
1083,14075,12.643034295750013,16,0.832859375,0.6029673516750336,1
1084,14099,19.223343572763063,24,0.832574375,0.6092837353547415,1
1085,14115,12.0861647520056,16,0.832384375,0.5906442403793335,1
1086,14133,14.28311325114487,18,0.832170625,0.7165582716464997,1
1087,14140,4.999715820640013,7,0.8320875,0.4951366186141968,1
1088,14170,20.454545454545464,30,0.83173125,0.6245835934366498,0
1089,14175,3.794166987718347,5,0.8316718750000001,0.7408245205879211,1
1090,14196,15.102350851454142,21,0.8314225,0.5501727710167567,1
1091,14204,5.804503361916618,8,0.8313275,0.6350748240947723,1
1092,14208,2.7943365791981405,4,0.83128,0.8084929585456848,1
1093,14216,6.91584835119013,8,0.8311850000000001,0.6667554378509521,1
1094,14227,9.388833516622288,11,0.831054375,0.7517253458499908,1
1095,14239,9.407391186805294,12,0.830911875,0.6719472706317902,1
1096,14243,2.7924868791082558,4,0.830864375,0.5855271220207214,1
1097,14273,24.336119528316868,30,0.830508125,0.5807062089443207,0
1098,14277,2.566053658965085,4,0.830460625,0.7635550498962402,1
1099,14307,24.07220151605975,30,0.830104375,0.5160600415297917,0
1100,14325,15.596685156088057,18,0.829890625,0.7153334975242615,1
1101,14332,5.596995495913878,7,0.8298075,0.4852760136127472,1
1102,14335,1.7840426852069369,3,0.829771875,nan,1
1103,14338,1.5974290027069835,3,0.8297362500000001,0.5676576495170593,1
1104,14341,1.7269591395607595,3,0.8297006250000001,0.37565454840660095,1
1105,14349,6.7560701966034316,8,0.829605625,0.6388332545757294,1
1106,14354,3.1952257573120324,5,0.82954625,0.8455339670181274,1
1107,14357,1.6000371704030871,3,0.829510625,0.4550769627094269,1
1108,14362,3.0473477652719554,5,0.82945125,0.4225512146949768,1
1109,14367,3.9590471683324666,5,0.829391875,0.6166627407073975,1
1110,14373,4.648833004800925,6,0.829320625,0.595664918422699,1
1111,14388,13.646766969173248,15,0.8291425,0.6636117696762085,1
1112,14398,8.756068185782269,10,0.82902375,0.6235970556735992,1
1113,14424,19.875800126978163,26,0.828715,0.6054170003959111,1
1114,14426,1.2783909896727712,2,0.82869125,nan,1
1115,14436,7.487816653188211,10,0.8285725,0.5665314992268881,1
1116,14445,6.366082812279617,9,0.828465625,0.6090431213378906,1
1117,14454,6.56432706593982,9,0.82835875,0.39119136333465576,1
1118,14465,9.12288181040869,11,0.828228125,0.6555231610933939,1
1119,14483,14.653974004706019,18,0.828014375,0.6063786968588829,1
1120,14486,1.9583725634928275,3,0.82797875,0.546847939491272,1
1121,14492,4.7546603977676485,6,0.8279075,0.600415825843811,1
1122,14497,3.0921604461726497,5,0.827848125,0.4752804636955261,1
1123,14501,3.123423724599727,4,0.8278006250000001,0.5059038400650024,1
1124,14517,13.586632015822712,16,0.827610625,0.5284932777285576,1
1125,14522,3.233014401746056,5,0.82755125,0.47647881507873535,1
1126,14541,14.85622122918779,19,0.8273256250000001,0.6633796691894531,1
1127,14571,22.34728633227739,30,0.826969375,0.5697797366550991,0
1128,14580,7.477681525050877,9,0.8268625000000001,0.5414729118347168,1
1129,14586,4.5246824251044755,6,0.8267912500000001,0.7528790831565857,1
1130,14600,12.75621288141808,14,0.8266249999999999,0.6020957380533218,1
1131,14629,22.11010086161923,29,0.826280625,0.59665647149086,1
1132,14640,9.514013499271467,11,0.82615,0.7830594182014465,1
1133,14650,8.650023575116116,10,0.82603125,0.5839625895023346,1
1134,14654,2.766160496208155,4,0.82598375,0.34108927845954895,1
1135,14660,4.985476543034516,6,0.8259125,0.669689804315567,1
1136,14673,10.278766478564162,13,0.825758125,0.6193754772345225,1
1137,14679,4.7603241422600355,6,0.825686875,0.770060658454895,1
1138,14687,6.793539371975882,8,0.825591875,0.7533984184265137,1
1139,14711,17.912767982402084,24,0.825306875,0.6286675035953522,1
1140,14719,5.613249265573741,8,0.825211875,0.48473891615867615,1
1141,14726,5.756074253644861,7,0.82512875,0.5290689170360565,1
1142,14756,21.861477460030397,30,0.8247725,0.533095495775342,0
1143,14758,0.9660165442504834,2,0.82474875,nan,1
1144,14763,3.9590471683324666,5,0.824689375,0.8058185577392578,1
1145,14769,4.55663250881008,6,0.824618125,0.2860465608537197,1
1146,14778,6.566166735855578,9,0.82451125,0.4881944954395294,1
1147,14783,2.9329180468382665,5,0.8244518750000001,0.5047451257705688,1
1148,14791,6.475951235803783,8,0.824356875,0.5945683717727661,1
1149,14794,1.5982070401394535,3,0.82432125,0.6708341836929321,1
1150,14804,7.99578276243456,10,0.8242025,0.4458003342151642,1
1151,14818,11.56516692561908,14,0.82403625,0.5458972454071045,1
1152,14823,3.560246286141126,5,0.823976875,0.5580859184265137,1
1153,14838,12.498931271926285,15,0.82379875,0.6403004825115204,1
1154,14842,2.9573710298187494,4,0.82375125,0.6286889314651489,1
1155,14853,7.339817658670814,11,0.823620625,0.5631768902142843,1
1156,14858,3.756925727300567,5,0.82356125,0.5521900057792664,1
1157,14867,6.878547283179777,9,0.8234543750000001,0.49967676401138306,1
1158,14873,4.19909653575179,6,0.823383125,0.6199789047241211,1
1159,14879,4.3635762317059354,6,0.823311875,0.6081370115280151,1
1160,14909,21.312124227314275,30,0.8229556250000001,0.5447277128696442,0
1161,14930,15.573167887754067,21,0.82270625,0.6325831532478332,1
1162,14939,7.16175182286306,9,0.822599375,0.5318634659051895,1
1163,14959,17.20391176118139,20,0.822361875,0.6508549213409424,1
1164,14968,6.603478333444087,9,0.822255,0.623106320699056,1
1165,14979,8.478608475685771,11,0.822124375,0.5214444398880005,1
1166,14995,12.52045068197519,16,0.821934375,0.43570081889629364,1
1167,15000,3.7902070070432723,5,0.821875,0.6181284189224243,1
1168,15005,4.1205353024358065,5,0.821815625,1.2109630107879639,1
1169,15008,1.5982070401394535,3,0.82178,0.6847065687179565,1
1170,15019,9.273002250653334,11,0.821649375,0.7205249071121216,1
1171,15030,9.159518902903839,11,0.8215187500000001,0.7290898362795512,1
1172,15038,6.760149598236084,8,0.82142375,0.8740841150283813,1
1173,15048,6.685752000883425,10,0.821305,0.9145699342091879,1
1174,15060,9.997590724045004,12,0.8211625,0.7029561102390289,1
1175,15065,3.654574066264467,5,0.821103125,0.7680838704109192,1
1176,15077,10.754873275879785,12,0.820960625,0.66999351978302,1
1177,15082,3.756289207298002,5,0.82090125,0.5245317816734314,1
1178,15087,3.6732984651435077,5,0.820841875,0.6970585584640503,1
1179,15117,22.068078775088154,30,0.820485625,0.6446632482111454,1
1180,15125,5.958799499811528,8,0.820390625,0.6127952039241791,1
1181,15155,23.82473686189062,30,0.820034375,0.6599921030657632,0
1182,15160,3.560246286141126,5,0.819975,0.5323283672332764,1
1183,15164,2.5634323146893294,4,0.8199275,0.7010666131973267,1
1184,15168,2.5281006015682954,4,0.81988,0.5973645448684692,1
1185,15173,3.0514134084575497,5,0.819820625,0.7268144488334656,1
1186,15177,2.3967428722363344,4,0.819773125,0.6242182850837708,1
1187,15180,1.5982070401394535,3,0.8197375,0.6686064004898071,1
1188,15193,9.290180836587346,13,0.819583125,0.6274666587511698,1
1189,15203,8.392903895575824,10,0.819464375,0.7702814340591431,1
1190,15219,13.761491215443243,16,0.819274375,0.4906440004706383,1
1191,15226,5.194247187645818,7,0.81919125,0.6995160281658173,1
1192,15256,27.19025223622377,30,0.818835,0.7015893198549747,0
1193,15277,18.200504899983613,21,0.818585625,0.694184684753418,1
1194,15282,3.847767948293461,5,0.81852625,0.46179354190826416,1
1195,15288,4.165698652617526,6,0.818455,0.40307652950286865,1
1196,15293,3.3145844423830133,5,0.818395625,0.5092511177062988,1
1197,15304,9.404028937769574,11,0.818265,0.7142068942387899,1
1198,15323,16.196537614602804,19,0.818039375,0.6193163245916367,1
1199,15347,19.893484346750117,24,0.817754375,0.7204446097215017,1
1200,15363,12.592684290185487,16,0.817564375,0.5800824984908104,1
1201,15381,15.95668474455352,18,0.817350625,0.6091597199440002,1
1202,15387,4.845582149288391,6,0.817279375,0.5899081230163574,1
1203,15392,2.92728026555853,5,0.8172200000000001,0.8315737247467041,1
1204,15405,9.576282874106498,13,0.817065625,0.639141579469045,1
1205,15409,2.761345535127316,4,0.817018125,0.6510249376296997,1
1206,15416,5.9571636464636555,7,0.816935,0.72797030210495,1
1207,15420,2.5660591737676812,4,0.8168875,0.6817721128463745,1
1208,15425,3.5246134629606662,5,0.816828125,0.9168112277984619,1
1209,15455,23.42569146918382,30,0.816471875,0.62184824688094,0
1210,15469,12.038963528483334,14,0.816305625,0.5818221718072891,1
1211,15478,6.08512216993276,9,0.81619875,0.7433439493179321,1
1212,15495,15.551435461764477,17,0.815996875,0.7256305366754532,1
1213,15512,11.990182247311328,17,0.815795,0.6026597380638122,1
1214,15542,24.534540114117583,30,0.81543875,0.68376025557518,0
1215,15548,4.957168006567855,6,0.8153675,0.6767207980155945,1
1216,15557,7.952922979590016,9,0.815260625,0.7664567828178406,1
1217,15568,9.754217480138275,11,0.81513,0.718887984752655,1
1218,15585,13.404811875611689,17,0.814928125,0.8843857198953629,1
1219,15598,8.703367661753928,13,0.81477375,0.6458442012468973,1
1220,15607,7.756060949833983,9,0.814666875,0.4901932179927826,1
1221,15615,6.363486340815913,8,0.814571875,0.6187572777271271,1
1222,15628,10.568327706326334,13,0.8144175,0.6504559963941574,1
1223,15644,13.762551788641694,16,0.8142275,0.4693741612136364,1
1224,15650,3.7318389751464642,6,0.81415625,0.6898598670959473,1
1225,15665,12.15724693165279,15,0.813978125,0.6846136301755905,1
1226,15672,5.0842092699630825,7,0.813895,0.6021989285945892,1
1227,15702,21.48993735373536,30,0.81353875,0.8314997724124363,1
1228,15732,23.748929093189428,30,0.8131825,0.6593780517578125,0
1229,15741,6.484718292989536,9,0.813075625,0.7388289272785187,1
1230,15746,3.758512897770461,5,0.81301625,0.33302849531173706,1
1231,15760,11.213343610980012,14,0.81285,0.6627540439367294,1
1232,15766,4.557413660249761,6,0.81277875,0.5108011960983276,1
1233,15783,14.796456624437875,17,0.812576875,0.7470485419034958,1
1234,15807,21.587459493468995,24,0.812291875,0.7348771542310715,1
1235,15818,8.68421838884127,11,0.81216125,0.5462014277776083,1
1236,15828,7.969458440887441,10,0.8120425,0.5789602001508077,1
1237,15837,7.167517362470579,9,0.811935625,0.5232428014278412,1
1238,15851,12.358721770188732,14,0.811769375,0.7007075150807699,1
1239,15856,3.9590471683324666,5,0.81171,0.3542381078004837,1
1240,15886,23.46856525090245,30,0.81135375,0.6460302472114563,0
1241,15898,9.520153091903687,12,0.8112112499999999,0.5831250250339508,1
1242,15900,1.048631734420272,2,0.8111875,0.6375904083251953,1
1243,15916,10.801439806497259,16,0.8109975,0.6588889136910439,1
1244,15920,2.6827441415833144,4,0.8109500000000001,0.8790493011474609,1
1245,15937,12.256583717786082,17,0.810748125,0.5969180911779404,1
1246,15948,9.750791316904623,11,0.8106175,0.6687426964441935,1
1247,15953,3.7593386857253077,5,0.810558125,0.7090409994125366,1
1248,15965,10.55861873893036,12,0.810415625,0.5732725262641907,1
1249,15976,8.601585570374612,11,0.810285,0.6282672385374705,1
1250,15993,15.172370311020423,17,0.810083125,0.5919122397899628,1
1251,15995,0.9660165442504834,2,0.810059375,nan,1
1252,15998,1.9583725634928275,3,0.81002375,0.6376675367355347,1
1253,16019,17.526287308188035,21,0.8097743749999999,0.7139035224914551,1
1254,16041,15.458506358314914,22,0.8095131250000001,0.898490329583486,1
1255,16057,13.551828338968049,16,0.809323125,0.717982791364193,1
1256,16061,2.2818724057897204,4,0.8092756249999999,0.5117427110671997,1
1257,16067,3.773014960787978,6,0.809204375,0.6633481979370117,1
1258,16072,3.199682108644822,5,0.809145,0.7046301662921906,1
1259,16077,3.9572014196905787,5,0.809085625,0.7672871351242065,1
1260,16083,4.553217411853915,6,0.8090143750000001,0.728480339050293,1
1261,16086,1.9602091714909529,3,0.80897875,0.6228846311569214,1
1262,16094,6.16831736351005,8,0.80888375,0.6228346675634384,1
1263,16098,3.2732734617388948,4,0.80883625,0.656822919845581,1
1264,16109,8.377584523080474,11,0.808705625,0.8360743323961893,1
1265,16122,10.72201008231281,13,0.80855125,0.8261212110519409,1
1266,16128,4.16569868703786,6,0.80848,0.9031273722648621,1
1267,16134,4.7601835319688295,6,0.80840875,0.7344380617141724,1
1268,16154,16.7943422756905,20,0.80817125,0.8128115892410278,1
1269,16156,0.8011363636363635,2,0.8081475,0.9239740371704102,1
1270,16168,10.008298551774024,12,0.808005,0.565420905749003,1
1271,16175,5.555394262936704,7,0.807921875,0.8095592260360718,1
1272,16188,9.963452224436963,13,0.8077675,0.7248762100934982,1
1273,16192,2.9592167598122607,4,0.80772,0.6668978333473206,1
1274,16222,23.15999552733402,30,0.8073637499999999,0.738267970936639,1
1275,16233,9.207295138050732,11,0.807233125,0.7000118891398112,1
1276,16263,26.051709744925567,30,0.8068768749999999,0.7294057011604309,0
1277,16285,18.096528245099137,22,0.8066156250000001,0.9156480530897776,1
1278,16298,11.193037926419485,13,0.80646125,0.6417241295178732,1
1279,16306,6.557538077375771,8,0.80636625,0.44019314646720886,1
1280,16310,3.273800328859966,4,0.80631875,0.6487067937850952,1
1281,16340,21.31754910229022,30,0.8059625,0.6776395551860332,1
1282,16353,10.954086809180609,13,0.805808125,0.6179546515146891,1
1283,16367,10.216965302352717,14,0.8056418750000001,0.7916320164998373,1
1284,16385,13.369748474792388,18,0.8054281249999999,0.8460686206817627,1
1285,16394,6.288454870336146,9,0.80532125,0.6089058518409729,1
1286,16403,5.454545454545454,9,0.805214375,0.578097939491272,1
1287,16409,3.6081120263769066,6,0.8051431250000001,0.6411170065402985,1
1288,16437,23.96346742918589,28,0.804810625,0.7113809841019767,1
1289,16443,4.951895826883031,6,0.804739375,0.9317591190338135,1
1290,16456,11.350466352809315,13,0.804585,0.7254334390163422,1
1291,16463,5.15436377967478,7,0.804501875,0.2571524977684021,1
1292,16480,14.795205625710114,17,0.8043,0.6844698429107666,1
1293,16483,1.602272727272727,3,0.804264375,nan,1
1294,16495,8.795735453372853,12,0.804121875,0.7685263156890869,1
1295,16506,9.371708591594892,11,0.8039912499999999,0.69402543703715,1
1296,16514,6.518458966349539,8,0.80389625,0.7354974448680878,1
1297,16520,4.7601835319688295,6,0.803825,0.5841431021690369,1
1298,16524,2.403409090909091,4,0.8037775,0.9283678531646729,1
1299,16532,5.2603759112651645,8,0.8036825000000001,0.7563384473323822,1
1300,16543,7.718651796421667,11,0.803551875,0.9586618840694427,1
1301,16568,18.13900376035815,25,0.803255,0.7616145014762878,1
1302,16590,16.30009650943816,22,0.80299375,0.662682980298996,1
1303,16595,3.878656867543489,5,0.802934375,1.1287450790405273,1
1304,16622,20.078169364620862,27,0.80261375,0.7573252320289612,1
1305,16634,9.40168949125077,12,0.80247125,0.7403963208198547,1
1306,16637,1.9583725634928275,3,0.802435625,0.8499044179916382,1
1307,16658,15.424737306726772,21,0.80218625,0.8614734172821045,1
1308,16666,6.674530127888691,8,0.80209125,0.6126872897148132,1
1309,16675,6.8785217908176435,9,0.801984375,0.6676733493804932,1
1310,16683,6.5553581300026025,8,0.801889375,0.6209539175033569,1
1311,16688,4.045871342904653,5,0.80183,0.47326529026031494,1
1312,16718,20.738890122141193,30,0.80147375,0.7993104372705732,0
1313,16740,19.16915066721933,22,0.8012125,0.804212878147761,1
1314,16754,11.1997453059988,14,0.80104625,0.7822648882865906,1
1315,16763,7.203349517654223,9,0.800939375,0.7577571272850037,1
1316,16766,1.9602091714909529,3,0.80090375,0.543117105960846,1
1317,16782,11.98420210227913,16,0.80071375,0.7446494698524475,1
1318,16786,2.957376534134098,4,0.80066625,0.5185040235519409,1
1319,16799,9.326041491751056,13,0.800511875,0.5859072605768839,1
1320,16806,4.80049335287576,7,0.80042875,0.7274339497089386,1
1321,16808,0.9660165442504834,2,0.800405,1.21488356590271,1
1322,16823,12.762912547827698,15,0.800226875,0.7072286407152811,1
1323,16835,8.608531549657018,12,0.800084375,0.6713273723920187,1
1324,16839,2.3993286500746023,4,0.800036875,0.6086931824684143,1
1325,16848,6.411754512292388,9,0.79993,0.6031148831049601,1
1326,16850,0.9660165442504834,2,0.79990625,nan,1
1327,16859,7.551937307266888,9,0.799799375,0.8966670632362366,1
1328,16872,10.282258178088114,13,0.7996449999999999,0.6341843008995056,1
1329,16878,5.0487096757766885,6,0.79957375,0.4237605333328247,1
1330,16898,14.71261400906133,20,0.7993362500000001,0.6170278072357178,1
1331,16909,9.75644808195978,11,0.799205625,0.6514683564503988,1
1332,16918,6.4032459982196235,9,0.79909875,0.8444806933403015,1
1333,16941,17.542861698547824,23,0.798825625,0.810616264740626,1
1334,16958,13.606380903936193,17,0.79862375,0.6877055913209915,1
1335,16977,16.548284547829134,19,0.7983981250000001,0.7384600043296814,1
1336,16991,12.005412102304035,14,0.798231875,0.508014182249705,1
1337,17002,9.553518700986968,11,0.79810125,0.48402456442515057,1
1338,17021,14.071979589599838,19,0.797875625,0.9280842781066895,1
1339,17029,5.204973114451997,8,0.797780625,1.0522119402885437,1
1340,17050,18.36468656989635,21,0.79753125,0.9166313290596009,1
1341,17068,13.06171482400606,18,0.7973175,0.9462953448295593,1
1342,17072,2.403409090909091,4,0.79727,0.921195924282074,1
1343,17075,1.9602091714909529,3,0.7972343749999999,nan,1
1344,17090,11.328414888004154,15,0.79705625,0.956467479467392,1
1345,17096,4.3613826497774895,6,0.796985,0.9591307640075684,1
1346,17099,1.9602091714909529,3,0.7969493750000001,nan,1
1347,17108,6.961423955333439,9,0.7968425,0.673042356967926,1
1348,17120,9.883318672274369,12,0.7967,0.7853755156199137,1
1349,17129,6.798979971836113,9,0.796593125,1.0244583785533905,1
1350,17145,13.641758578618894,16,0.796403125,0.8411888033151627,1
1351,17149,2.9943971255100124,4,0.796355625,0.9840406179428101,1
1352,17159,6.89613247473966,10,0.796236875,0.778565913438797,1
1353,17162,1.7175252219576351,3,0.79620125,1.1264022588729858,1
1354,17170,6.559055301794032,8,0.79610625,0.8113439083099365,1
1355,17188,12.707064557260042,18,0.7958925,0.8335789799690246,1
1356,17195,5.951883952789607,7,0.795809375,0.7585896253585815,1
1357,17198,1.5982070401394535,3,0.79577375,0.8631072044372559,1
1358,17201,1.6000542239715385,3,0.795738125,0.8226025104522705,1
1359,17218,14.605895767159105,17,0.7955362500000001,0.7841262519359589,1
1360,17225,5.472000631235317,7,0.795453125,0.7631960511207581,1
1361,17232,5.007403626068125,7,0.79537,0.7615676820278168,1
1362,17262,25.572490959229302,30,0.7950137500000001,0.8552103553499494,0
1363,17265,1.984035835023988,3,0.794978125,0.595683753490448,1
1364,17295,28.510302665962737,30,0.794621875,0.7358977113451276,0
1365,17314,14.567467338939489,19,0.79439625,0.8161735653877258,1
1366,17318,2.403409090909091,4,0.79434875,0.9169683456420898,1
1367,17342,18.60594069522481,24,0.7940637500000001,0.8230286290248235,1
1368,17352,8.396405636630229,10,0.793945,0.7509926954905192,1
1369,17356,2.453685380891275,4,0.7938975,1.031837821006775,1
1370,17363,4.2102272727272725,7,0.793814375,0.7999167442321777,1
1371,17380,11.775963102096474,17,0.7936125,0.7932239770889282,1
1372,17409,23.528511517181784,29,0.793268125,0.7222936068262372,1
1373,17414,3.1985928590312933,5,0.79320875,0.4754660725593567,1
1374,17428,12.161946478740235,14,0.7930425,0.859174832701683,1
1375,17431,1.9602091714909529,3,0.793006875,nan,1
1376,17435,2.7591154181621453,4,0.792959375,0.968384861946106,1
1377,17438,1.9851664053911855,3,0.79292375,0.8628712892532349,1
1378,17460,18.207796527275992,22,0.7926625,0.8608284791310629,1
1379,17464,2.844920637775258,4,0.7926150000000001,1.3357830047607422,1
1380,17474,7.777244625232043,10,0.79249625,0.6582216024398804,1
1381,17483,7.55036765571043,9,0.792389375,0.6105411350727081,1
1382,17504,15.53347430010851,21,0.7921400000000001,0.7208249370257059,1
1383,17517,10.762975012328646,13,0.791985625,0.8540148933728536,1
1384,17536,15.999879480888954,19,0.79176,0.878538179397583,1
1385,17539,1.602272727272727,3,0.791724375,nan,1
1386,17550,8.478227416038415,11,0.79159375,0.77341228723526,1
1387,17569,17.39076947559164,19,0.791368125,0.7805233955383301,1
1388,17572,1.9602091714909529,3,0.7913325,0.5783573985099792,1
1389,17578,4.756112615352729,6,0.79126125,0.6306793689727783,1
1390,17587,7.013190988714642,9,0.7911543750000001,0.716918021440506,1
1391,17611,18.14295068866136,24,0.790869375,0.9207001129786173,1
1392,17636,22.61951941650761,25,0.7905725,0.8623442224093846,1
1393,17666,22.417899244106415,30,0.7902162500000001,0.8854284882545471,0
1394,17691,19.57928467529296,25,0.789919375,0.8678494095802307,1
1395,17699,6.358530048665234,8,0.789824375,0.7061225473880768,1
1396,17712,9.29101183676229,13,0.78967,0.8914098590612411,1
1397,17722,7.7681367795970955,10,0.78955125,0.7214739322662354,1
1398,17749,21.224262317124847,27,0.7892306250000001,0.9834902371679034,1
1399,17755,4.959018187143877,6,0.789159375,0.9443549513816833,1
1400,17778,18.021007133025,23,0.78888625,0.9749477307001749,1
1401,17795,12.016372216909707,17,0.788684375,0.9300433993339539,1
1402,17812,12.49374653800018,17,0.7884825,0.8881077945232392,1
1403,17840,22.70200871934298,28,0.78815,0.7143217154911586,1
1404,17842,1.2765543816746459,2,0.78812625,nan,1
1405,17853,9.154627450644048,11,0.787995625,0.6674993634223938,1
1406,17857,2.5642135175608773,4,0.787948125,1.2138092517852783,1
1407,17863,4.95137086121768,6,0.787876875,0.9953289031982422,1
1408,17872,6.761425154005049,9,0.7877700000000001,1.1280944347381592,1
1409,17885,10.017087343729312,13,0.787615625,0.5400557816028595,1
1410,17890,3.0477994270222224,5,0.78755625,0.8244760036468506,1
1411,17895,3.9553723585150364,5,0.787496875,1.1695423126220703,1
1412,17903,6.953734301404022,8,0.787401875,0.6865619122982025,1
1413,17913,7.092222185035302,10,0.7872831250000001,0.8414459029833475,1
1414,17916,1.4807360421533566,3,0.7872475,0.7278285622596741,1
1415,17931,11.931613661422471,15,0.787069375,0.7624638477961222,1
1416,17942,7.931997806918718,11,0.78693875,0.8052860895792643,1
1417,17946,2.4011735340394504,4,0.78689125,0.4863756597042084,1
1418,17951,3.5857477359692393,5,0.7868318750000001,1.005350947380066,1
1419,17957,4.955062641786845,6,0.786760625,0.5246554613113403,1
1420,17965,6.394175121179912,8,0.786665625,0.7862959206104279,1
1421,17991,19.45868564480835,26,0.7863568750000001,0.6758181353410085,1
1422,18021,25.802583315599577,30,0.786000625,0.9606345146894455,0
1423,18037,13.357512482049197,16,0.785810625,0.879564642906189,1
1424,18043,4.085389642923016,6,0.785739375,1.1387792825698853,1
1425,18053,8.75212622058217,10,0.785620625,1.061629831790924,1
1426,18083,22.804615785502097,30,0.785264375,1.0463252663612366,0
1427,18093,7.804734710050531,10,0.785145625,0.8500982622305552,1
1428,18102,6.75593329209647,9,0.78503875,1.098469853401184,1
1429,18108,4.402387698041809,6,0.7849675,1.124158263206482,1
1430,18127,15.208477080881966,19,0.784741875,0.9755901992321014,1
1431,18140,11.35291549190196,13,0.7845875,0.9093825668096542,1
1432,18163,16.57857426912771,23,0.784314375,0.8464005470275879,1
1433,18174,9.752376895320294,11,0.78418375,0.8833955526351929,1
1434,18185,9.959012214701307,11,0.784053125,0.8428040146827698,1
1435,18192,5.9553175636097855,7,0.7839700000000001,0.5275735855102539,1
1436,18195,1.7175104682564204,3,0.7839343750000001,nan,1
1437,18203,6.7611411635832495,8,0.783839375,0.7275834381580353,1
1438,18210,5.952159722461159,7,0.78375625,0.8739002346992493,1
1439,18218,5.245919484343823,8,0.78366125,0.7516540586948395,1
1440,18230,10.58480022945187,12,0.78351875,0.8955780665079752,1
1441,18244,11.40068600882441,14,0.7833525,1.0157446414232254,1
1442,18260,12.003510907947373,16,0.7831625,0.9575762152671814,1
1443,18266,4.168326355982437,6,0.78309125,1.0606729984283447,1
1444,18296,23.025464736949903,30,0.782735,0.8256808817386627,1
1445,18309,11.75646122932877,13,0.782580625,0.8264201283454895,1
1446,18315,4.1842376628008005,6,0.7825093750000001,0.7670925259590149,1
1447,18326,9.185679632658788,11,0.78237875,0.7711347937583923,1
1448,18333,5.756083536302313,7,0.782295625,0.8139416873455048,1
1449,18342,7.360751575386974,9,0.78218875,0.9417760968208313,1
1450,18366,19.692714500956093,24,0.78190375,0.8283199568589529,1
1451,18370,2.761345535127316,4,0.78185625,0.694320797920227,1
1452,18380,7.496351595146335,10,0.7817375,0.635475754737854,1
1453,18395,13.869804276331298,15,0.7815593750000001,1.25519593556722,1
1454,18406,8.057182322946202,11,0.78142875,0.8606085181236267,1
1455,18413,5.953473647882466,7,0.781345625,0.9376049935817719,1
1456,18421,6.003429287460045,8,0.781250625,1.155297875404358,1
1457,18436,11.444459948373785,15,0.7810725000000001,0.9796915054321289,1
1458,18446,7.680096080109909,10,0.78095375,0.9162222445011139,1
1459,18448,1.0508547873237735,2,0.78093,0.7722601890563965,1
1460,18451,1.7649228101313175,3,0.780894375,nan,1
1461,18458,5.75267085952118,7,0.78081125,1.0320342779159546,1
1462,18465,4.996749238403841,7,0.780728125,0.680838018655777,1
1463,18468,1.4829545454545454,3,0.7806925,1.0524406433105469,1
1464,18485,13.645190725497798,17,0.780490625,0.9035435020923615,1
1465,18494,6.76484220627234,9,0.78038375,0.8445188999176025,1
1466,18508,9.826023663252922,14,0.7802175,0.7737175673246384,1
1467,18513,3.397966641970814,5,0.780158125,0.942577600479126,1
1468,18535,15.615183409976188,22,0.779896875,1.029035258293152,1
1469,18543,6.3642746162645185,8,0.779801875,0.7557004988193512,1
1470,18549,4.0056818181818175,6,0.779730625,0.6315017342567444,1
1471,18577,22.90644562605652,28,0.779398125,0.9806835651397705,1
1472,18582,3.365349881197241,5,0.77933875,0.8380179405212402,1
1473,18588,4.560220098719671,6,0.7792675,0.6656108498573303,1
1474,18592,3.121565971789078,4,0.77922,0.5887659788131714,1
1475,18603,9.354019022108558,11,0.779089375,1.0962013006210327,1
1476,18609,4.955339689288721,6,0.779018125,1.1262274384498596,1
1477,18625,11.226335708156562,16,0.778828125,0.8744049370288849,1
1478,18646,16.4654103295728,21,0.77857875,0.950562345981598,1
1479,18655,5.769493802763329,9,0.778471875,0.6235879361629486,1
1480,18665,8.193462595992875,10,0.778353125,1.0542619427045186,1
1481,18677,8.654354452487937,12,0.778210625,0.7399076620737711,1
1482,18690,9.723869191136018,13,0.77805625,1.0505107243855794,1
1483,18698,6.367537177376975,8,0.77796125,0.9026800394058228,1
1484,18707,7.563004686229873,9,0.777854375,1.0236032009124756,1
1485,18713,4.765961923539771,6,0.777783125,1.0582010746002197,1
1486,18716,1.9602091714909529,3,0.7777475,0.972714900970459,1
1487,18721,3.987566273103037,5,0.7776881250000001,1.0158253908157349,1
1488,18751,23.892117318803127,30,0.777331875,0.9753922649792263,0
1489,18755,3.0458939284695306,4,0.777284375,0.6043721437454224,1
1490,18771,11.573195736630037,16,0.777094375,1.1368007063865662,1
1491,18785,11.483890451286754,14,0.776928125,0.9987322390079498,1
1492,18800,13.35650221730807,15,0.77675,0.9246229976415634,1
1493,18813,11.55574654768325,13,0.776595625,0.873326301574707,1
1494,18820,4.649218610151147,7,0.7765125,0.8216845393180847,1
1495,18823,1.9602091714909529,3,0.776476875,nan,1
1496,18826,1.602272727272727,3,0.77644125,0.930695652961731,1
1497,18832,4.992412952118073,6,0.77637,1.0497741103172302,1
1498,18845,9.410364626559895,13,0.776215625,0.9568145473798116,1
1499,18855,6.5353948081882205,10,0.776096875,0.7848793566226959,1
1500,18863,6.760149598236084,8,0.776001875,0.6894066035747528,1
1501,18866,1.6482117223520365,3,0.77596625,0.8710293173789978,1
1502,18872,4.355119793004724,6,0.775895,0.7863050401210785,1
1503,18902,23.488319156164724,30,0.7755387499999999,0.9217174734388079,0
1504,18929,23.122303809050212,27,0.775218125,0.8014669418334961,1
1505,18936,5.357276403847206,7,0.775135,0.9582041501998901,1
1506,18945,6.7985829014398504,9,0.775028125,0.5896246135234833,1
1507,18950,3.8755835218584433,5,0.77496875,0.9657672047615051,1
1508,18977,20.74060414639409,27,0.774648125,1.1273887668337141,1
1509,18994,12.81490683468271,17,0.77444625,0.7871287763118744,1
1510,19024,24.531005689608268,30,0.77409,1.0139881148934364,0
1511,19032,5.401073198965166,8,0.773995,1.0810083150863647,1
1512,19042,7.996482213062613,10,0.77387625,0.8454170227050781,1
1513,19054,8.55349948888595,12,0.77373375,1.116598904132843,1
1514,19070,13.398950421989037,16,0.77354375,1.1561575829982758,1
1515,19087,13.122031020213214,17,0.7733418750000001,1.1230266988277435,1
1516,19103,12.365442322109555,16,0.7731518749999999,0.806531235575676,1
1517,19112,6.3779924325221815,9,0.773045,0.9264245430628458,1
1518,19126,12.55352442747204,14,0.7728787500000001,1.131406545639038,1
1519,19134,6.5194509035094415,8,0.77278375,0.956175833940506,1
1520,19141,4.813545997093174,7,0.772700625,0.7227862477302551,1
1521,19165,18.21174353924609,24,0.772415625,1.0475250681241353,1
1522,19195,23.25075406058524,30,0.772059375,0.970812473978315,0
1523,19199,2.761345535127316,4,0.772011875,0.7282540202140808,1
1524,19209,6.9706141852805406,10,0.7718931250000001,0.8784956137339274,1
1525,19230,17.955545960871497,21,0.77164375,1.2214330911636353,1
1526,19233,1.9583725634928275,3,0.771608125,0.864965558052063,1
1527,19240,5.2748914161953975,7,0.771525,0.8769708573818207,1
1528,19248,6.9571666396087695,8,0.7714300000000001,0.9588583707809448,1
1529,19255,5.080176879667999,7,0.771346875,1.374513864517212,1
1530,19285,24.881397584460736,30,0.770990625,0.8581431433558464,1
1531,19292,5.207508165618,7,0.7709075,0.9196468591690063,1
1532,19322,20.769433162080503,30,0.77055125,0.7961214525359017,0
1533,19331,7.396131539225093,9,0.7704443750000001,1.1870450675487518,1
1534,19351,13.646734980581801,20,0.770206875,1.0219823122024536,1
1535,19381,24.704592573798365,30,0.769850625,0.9664177373051643,0
1536,19385,2.3989273212049906,4,0.769803125,0.8811199069023132,1
1537,19409,21.963628717239416,24,0.769518125,0.9161577522754669,1
1538,19413,2.5642135175608773,4,0.7694706250000001,1.606716513633728,1
1539,19427,11.338068628508646,14,0.769304375,0.9010839660962423,1
1540,19430,1.7953289908768333,3,0.76926875,1.2231841087341309,1
1541,19445,9.982936442767908,15,0.769090625,0.7162230610847473,1
1542,19451,4.761146962458932,6,0.7690193750000001,1.092580795288086,1
1543,19481,21.875176856283872,30,0.768663125,1.0609025545418262,0
1544,19495,12.003387838572232,14,0.768496875,0.7931549549102783,1
1545,19514,13.308290012048293,19,0.76827125,0.9035324096679688,1
1546,19544,24.194928470727728,30,0.767915,0.9190911948680878,0
1547,19560,12.52924457053859,16,0.767725,1.102932095527649,1
1548,19567,5.959013234599721,7,0.767641875,0.8906175494194031,1
1549,19575,6.473363533823683,8,0.7675468750000001,1.0066723227500916,1
1550,19592,13.69204808207352,17,0.7673449999999999,0.9206562161445617,1
1551,19604,11.185955713535092,12,0.7672025,0.7382997671763102,1
1552,19627,16.576070801087962,23,0.766929375,0.9071523427963257,1
1553,19634,5.561319895605194,7,0.76684625,0.9482502937316895,1
1554,19660,20.445911419955934,26,0.7665375,1.0362535459654671,1
1555,19673,10.005394109240704,13,0.7663831249999999,1.0081723531087239,1
1556,19680,5.357768872446443,7,0.7663,1.066628873348236,1
1557,19693,9.436914320604767,13,0.766145625,0.7792139450709025,1
1558,19702,6.999021196911193,9,0.76603875,0.7346974015235901,1
1559,19714,10.95212528443897,12,0.76589625,0.8674351274967194,1
1560,19721,4.8005279742009375,7,0.765813125,1.1151584386825562,1
1561,19729,6.754636525701093,8,0.765718125,1.0620582103729248,1
1562,19752,18.163191643346615,23,0.765445,0.8198677102724711,1
1563,19767,11.217346377256037,15,0.765266875,0.8463532527287801,1
1564,19781,11.956705411493875,14,0.765100625,1.055009588599205,1
1565,19789,5.681573765888054,8,0.765005625,0.9796029627323151,1
1566,19795,4.4741315674182625,6,0.7649343749999999,0.5459214448928833,1
1567,19803,5.524099885473472,8,0.764839375,0.887912780046463,1
1568,19820,12.570447457464278,17,0.7646375000000001,0.8814387321472168,1
1569,19825,3.5584061276900356,5,0.764578125,1.1823601722717285,1
1570,19845,14.144694999455115,20,0.764340625,0.878669548034668,1
1571,19853,6.1928808007315554,8,0.764245625,0.5653501152992249,1
1572,19876,18.1234609451543,23,0.7639724999999999,0.743988369901975,1
1573,19899,18.573808495678122,23,0.7636993750000001,1.1911480665206908,1
1574,19906,5.553300147396558,7,0.76361625,0.8348946273326874,1
1575,19912,4.955331902854784,6,0.763545,0.8928333520889282,1
1576,19921,7.587749376200447,9,0.763438125,0.7928360998630524,1
1577,19925,2.5634323146893294,4,0.763390625,1.1048188209533691,1
1578,19934,6.6472563375874785,9,0.76328375,0.6206904649734497,1
1579,19953,13.65384398316266,19,0.763058125,0.914567482471466,1
1580,19964,8.077331689010565,11,0.7629275,1.099542776743571,1
1581,19969,2.9610653663433473,5,0.762868125,0.8410401940345764,1
1582,19986,14.848224320095994,17,0.76266625,1.002014473080635,1
1583,20006,18.353171374160876,20,0.76242875,0.9629348874092102,1
1584,20019,9.77153435616674,13,0.7622743750000001,1.0885649522145588,1
1585,20025,4.75610414980419,6,0.762203125,0.8319410979747772,1
1586,20028,2.054161341022417,3,0.7621675,0.795346736907959,1
1587,20042,11.929443761890768,14,0.76200125,0.9593970974286398,1
1588,20047,3.200465013710966,5,0.761941875,1.2251105308532715,1
1589,20064,15.396409713755334,17,0.76174,1.1999134302139283,1
1590,20081,12.159095179244344,17,0.761538125,0.9509382843971252,1
1591,20087,4.757953414991336,6,0.761466875,1.3541932106018066,1
1592,20094,4.5610728329421075,7,0.76138375,0.8288543522357941,1
1593,20104,8.182443074636751,10,0.761265,0.8657012383143107,1
1594,20108,2.401173448340891,4,0.7612175,0.9654622077941895,1
1595,20138,23.045298115348334,30,0.76086125,0.9569357803889683,0
1596,20150,10.358746901944086,12,0.76071875,0.6762916247049967,1
1597,20178,21.892755993405146,28,0.76038625,1.1142233099256242,1
1598,20195,12.751735409161151,17,0.760184375,1.1638584733009338,1
1599,20201,4.194657592180912,6,0.7601131250000001,0.942138135433197,1
1600,20209,6.360226142264062,8,0.760018125,0.8850729167461395,1
1601,20224,10.894095390313073,15,0.75984,0.867372915148735,1
1602,20228,2.957376534134098,4,0.7597925,1.107545256614685,1
1603,20255,21.517126416965915,27,0.759471875,0.8497534096240997,1
1604,20262,5.959013234599721,7,0.7593887500000001,0.7609443366527557,1
1605,20286,17.94460281995076,24,0.75910375,0.8932448228200277,1
1606,20312,19.740338666475235,26,0.758795,0.9972032223428998,1
1607,20324,8.373837996841512,12,0.7586525,0.9604576230049133,1
1608,20344,14.317211672297818,20,0.758415,1.050028645992279,1
1609,20352,5.763564788627655,8,0.75832,1.1231507658958435,1
1610,20373,15.829739443644192,21,0.758070625,1.328901219367981,1
1611,20396,18.81120077614585,23,0.7577975,0.9184012413024902,1
1612,20399,1.9602091714909529,3,0.757761875,nan,1
1613,20411,10.363400469465462,12,0.757619375,0.9372956355412801,1
1614,20413,1.2765543816746459,2,0.757595625,0.8103588819503784,1
1615,20422,6.800068664616344,9,0.75748875,0.8650523126125336,1
1616,20427,3.756289207298002,5,0.7574293750000001,0.6064209938049316,1
1617,20439,8.652922995095047,12,0.757286875,1.2767950693766277,1
1618,20445,4.561489487084988,6,0.757215625,0.906699150800705,1
1619,20455,6.734665825140565,10,0.757096875,1.0234296917915344,1
1620,20462,5.797690216370966,7,0.75701375,1.0282231271266937,1
1621,20469,4.796802551256487,7,0.7569306250000001,1.1662778854370117,1
1622,20473,2.3967428722363344,4,0.756883125,1.3760600090026855,1
1623,20482,6.447766973073384,9,0.75677625,0.9047471582889557,1
1624,20489,5.76015455078024,7,0.756693125,1.0988922119140625,1
1625,20492,1.9583725634928275,3,0.7566575,1.2522857189178467,1
1626,20512,14.736982909264778,20,0.75642,1.134307622909546,1
1627,20518,4.557413715999861,6,0.75634875,0.7736161947250366,1
1628,20548,23.131764837342843,30,0.7559925,0.8859173655509949,0
1629,20555,5.7603191897158785,7,0.755909375,0.6468674540519714,1
1630,20560,3.9590471683324666,5,0.75585,1.0876322984695435,1
1631,20572,11.273765162710838,12,0.7557075,0.9472113053003947,1
1632,20583,8.394204055703565,11,0.755576875,0.722905158996582,1
1633,20599,14.646278529857621,16,0.755386875,1.009399652481079,1
1634,20618,16.79880242528732,19,0.75516125,0.882307255268097,1
1635,20620,1.0508547873237735,2,0.7551375,1.1309990882873535,1
1636,20624,2.6012803155940354,4,0.75509,0.9347972869873047,1
1637,20654,22.281293340544927,30,0.75473375,0.9957049489021301,0
1638,20659,4.074285967986008,5,0.754674375,1.0653901100158691,1
1639,20663,2.253696139896462,4,0.754626875,0.5468842387199402,1
1640,20667,2.596465354513197,4,0.754579375,0.9976675510406494,1
1641,20674,4.416621707805371,7,0.75449625,0.9118377268314362,1
1642,20684,8.0094403430119,10,0.7543775,1.0705708265304565,1
1643,20689,3.363477776117178,5,0.754318125,0.9070813655853271,1
1644,20693,2.5990593639587067,4,0.754270625,0.5752449035644531,1
1645,20699,4.55663250881008,6,0.754199375,0.6940628290176392,1
1646,20714,10.780491490517289,15,0.75402125,1.1205916702747345,1
1647,20744,25.234366131249246,30,0.753665,1.0779679864645004,0
1648,20750,3.6116949051374805,6,0.75359375,0.7550754547119141,1
1649,20761,8.85874248785235,11,0.753463125,0.8568324645360311,1
1650,20772,9.366990977294671,11,0.7533325,1.0027756889661152,1
1651,20802,22.46792762116329,30,0.75297625,1.0151014498301916,0
1652,20814,10.754374807091018,12,0.75283375,0.9383508761723837,1
1653,20844,20.65336812646903,30,0.7524775,1.1203726679086685,0
1654,20853,6.642649239897343,9,0.752370625,0.7831250429153442,1
1655,20865,9.877481676862462,12,0.752228125,1.1341126561164856,1
1656,20880,12.506518587963164,15,0.75205,0.9788354635238647,1
1657,20884,2.7591154181621453,4,0.7520025,1.2126978635787964,1
1658,20895,7.699100541842896,11,0.751871875,1.0815070271492004,1
1659,20911,12.962791304925892,16,0.751681875,1.0868636667728424,1
1660,20915,2.7924868791082558,4,0.7516343750000001,1.2426657676696777,1
1661,20938,19.051807439308003,23,0.75136125,0.9397150874137878,1
1662,20949,8.65428244662036,11,0.751230625,0.9574928283691406,1
1663,20967,14.600445886438502,18,0.751016875,1.1255515217781067,1
1664,20988,16.06105703826902,21,0.7507675,0.8270625670750936,1
1665,21016,21.200776336814023,28,0.750435,1.0069665823663985,1
1666,21019,1.7649228101313175,3,0.750399375,nan,1
1667,21031,10.254817229389994,12,0.750256875,0.9813553094863892,1
1668,21038,5.1910516072765125,7,0.75017375,1.0867709517478943,1
1669,21047,6.682439630825993,9,0.750066875,0.9117897152900696,1
1670,21066,15.285333239907937,19,0.74984125,0.9665180444717407,1
1671,21070,2.4011735340394504,4,0.74979375,1.1926401853561401,1
1672,21077,5.51439890893911,7,0.7497106250000001,0.932746946811676,1
1673,21082,3.3694256351595744,5,0.74965125,1.085213303565979,1
1674,21093,9.754621871484899,11,0.7495206249999999,1.1829477151234944,1
1675,21105,8.250973870108954,12,0.749378125,1.0105912288029988,1
1676,21109,2.3974713947814035,4,0.749330625,0.7861737012863159,1
1677,21112,1.7671529078868469,3,0.749295,1.1073596477508545,1
1678,21126,11.954299281755366,14,0.74912875,0.8905002872149149,1
1679,21135,7.195838370595665,9,0.749021875,1.1295581459999084,1
1680,21147,9.607347091344407,12,0.748879375,0.9364500840504965,1
1681,21160,9.808206017576124,13,0.748725,0.8603376597166061,1
1682,21177,13.103212565202234,17,0.748523125,0.9296424388885498,1
1683,21188,8.965051411763055,11,0.7483925,0.9874580303827921,1
1684,21207,13.458164069581974,19,0.748166875,1.2269344925880432,1
1685,21212,3.75812300647113,5,0.7481075,1.0544334053993225,1
1686,21222,7.957329593500863,10,0.74798875,1.0627097487449646,1
1687,21231,7.3220030355002095,9,0.747881875,1.1706875562667847,1
1688,21237,4.043238621607711,6,0.7478106250000001,0.7026825547218323,1
1689,21267,26.797986775590505,30,0.747454375,1.060353934764862,0
1690,21271,2.850485455042774,4,0.747406875,1.0493650436401367,1
1691,21278,5.329470167714888,7,0.7473237500000001,0.8115863800048828,1
1692,21286,6.18627727655673,8,0.74722875,1.0099735856056213,1
1693,21305,16.403540844450877,19,0.747003125,0.8133825957775116,1
1694,21319,11.362955414527994,14,0.7468368750000001,1.181703249613444,1
1695,21326,4.804599678516992,7,0.74675375,1.0197875499725342,1
1696,21331,3.3935259365356623,5,0.7466943749999999,0.7805169820785522,1
1697,21346,11.488433039961965,15,0.74651625,1.187143862247467,1
1698,21360,12.392317192561105,14,0.7463500000000001,0.9527298957109451,1
1699,21362,0.9660165442504834,2,0.7463262500000001,nan,1
1700,21368,5.0505886315567,6,0.746255,0.6724620461463928,1
1701,21372,2.4524739125091264,4,0.7462075,1.239558458328247,1
1702,21375,1.7649228101313175,3,0.7461718749999999,nan,1
1703,21382,4.76436093599954,7,0.74608875,0.8370034694671631,1
1704,21400,14.955997570983225,18,0.7458750000000001,1.102819561958313,1
1705,21414,10.729481151368159,14,0.74570875,1.1095848083496094,1
1706,21426,9.954719888264057,12,0.74556625,1.350939929485321,1
1707,21446,17.312658027537957,20,0.74532875,0.9929933667182922,1
1708,21469,17.4361539599283,23,0.745055625,1.0766907036304474,1
1709,21475,4.559259370107493,6,0.744984375,1.1395618915557861,1
1710,21501,22.55781019943143,26,0.744675625,1.0083599942071098,1
1711,21518,13.57930503644528,17,0.74447375,0.9734406024217606,1
1712,21524,3.494432249960501,6,0.7444025000000001,1.0975415706634521,1
1713,21530,4.9555809677240585,6,0.74433125,1.128466010093689,1
1714,21536,4.557418840893949,6,0.74426,1.15184086561203,1
1715,21542,4.790426250004969,6,0.74418875,0.8636366128921509,1
1716,21545,1.9602091714909529,3,0.744153125,1.0896265506744385,1
1717,21550,3.75640777994854,5,0.74409375,0.7959475517272949,1
1718,21560,8.71973514763757,10,0.743975,0.9908744096755981,1
1719,21568,5.208172187289602,8,0.74388,0.9802383780479431,1
1720,21579,8.291052076672619,11,0.7437493749999999,1.0759620070457458,1
1721,21604,21.754201772259552,25,0.7434525000000001,1.0840912546430315,1
1722,21632,24.785468676173725,28,0.74312,0.9417396187782288,1
1723,21643,9.507566430450968,11,0.7429893750000001,1.21253901720047,1
1724,21670,20.966509038376245,27,0.74266875,1.0181782671383448,1
1725,21685,12.91368504760783,15,0.7424906250000001,1.2122535556554794,1
1726,21704,15.965851000277407,19,0.742265,1.1751346707344055,1
1727,21708,2.718567074234086,4,0.7422175,1.0156348943710327,1
1728,21715,5.004942636973978,7,0.742134375,1.2443914413452148,1
1729,21721,4.761146962458932,6,0.742063125,1.0738434195518494,1
1730,21733,10.35041277050795,12,0.7419206250000001,0.8776405056317648,1
1731,21747,12.121678729725994,14,0.741754375,1.0331603686014812,1
1732,21769,16.019577762115524,22,0.7414931250000001,1.0892821947733562,1
1733,21777,5.324688115378692,8,0.7413981249999999,0.7439699172973633,1
1734,21785,6.952378692404717,8,0.741303125,0.840960681438446,1
1735,21799,9.780014904311333,14,0.741136875,0.9179164369901022,1
1736,21813,12.156292562087373,14,0.7409706250000001,1.0368539541959763,1
1737,21830,13.203863209645643,17,0.74076875,0.9892493635416031,1
1738,21836,3.85818755337365,6,0.7406975,1.2969712018966675,1
1739,21850,11.444940941647301,14,0.7405312500000001,1.1829688549041748,1
1740,21852,0.925822775924396,2,0.7405075,1.1331839561462402,1
1741,21864,10.757424182735907,12,0.740365,0.9005638758341471,1
1742,21870,4.757953414991336,6,0.74029375,1.0819939374923706,1
1743,21897,20.594245896175053,27,0.739973125,1.0579259821346827,1
1744,21919,18.00449801831288,22,0.739711875,1.1299378275871277,1
1745,21932,11.77812874958222,13,0.7395575000000001,0.8461537286639214,1
1746,21936,2.5990593639587067,4,0.73951,1.080281376838684,1
1747,21948,9.996831913540104,12,0.7393675,1.0554104646046956,1
1748,21970,17.8475243238177,22,0.7391062500000001,1.0518820762634278,1
1749,21976,4.757953414991336,6,0.739035,1.0133154094219208,1
1750,21987,7.105784399726874,11,0.738904375,1.0710087418556213,1
1751,22003,13.081144686473888,16,0.738714375,1.0917781293392181,1
1752,22010,5.36039023809878,7,0.7386312500000001,1.3147814273834229,1
1753,22040,25.605505049808727,30,0.738275,1.0239160284399986,0
1754,22056,14.356506281941607,16,0.738085,1.1162125766277313,1
1755,22086,22.113744837478922,30,0.73772875,1.0540907553264074,0
1756,22090,2.401190587607902,4,0.7376812500000001,1.8251924514770508,1
1757,22098,6.448707874429029,8,0.73758625,1.1402058601379395,1
1758,22105,4.410984084944284,7,0.7375031249999999,0.7559314370155334,1
1759,22115,7.521745433806278,10,0.737384375,0.8370957672595978,1
1760,22129,12.564379981639245,14,0.7372181250000001,0.9391604214906693,1
1761,22135,4.000838093616075,6,0.7371468750000001,0.7179558277130127,1
1762,22156,15.97001881045211,21,0.7368975,1.0378836790720622,1
1763,22172,12.92151574653072,16,0.7367075000000001,1.0164148658514023,1
1764,22179,5.356698981261748,7,0.736624375,1.4097400903701782,1
1765,22184,3.557624920501958,5,0.736565,0.8645181655883789,1
1766,22189,3.7593386857253077,5,0.7365056249999999,1.49578857421875,1
1767,22199,8.394757589579056,10,0.736386875,0.9463495910167694,1
1768,22206,5.057840969690306,7,0.73630375,1.0636712610721588,1
1769,22217,8.363045790824392,11,0.7361731250000001,1.0635891358057659,1
1770,22234,14.155996130067061,17,0.73597125,0.9060249328613281,1
1771,22254,15.700040016647975,20,0.7357337500000001,1.2075031757354737,1
1772,22259,3.9245600882360905,5,0.735674375,1.0465693473815918,1
1773,22265,4.591219328601017,6,0.7356031249999999,1.0430215001106262,1
1774,22271,4.355094243423027,6,0.735531875,0.9620099663734436,1
1775,22287,13.438298341747503,16,0.735341875,1.1776326894760132,1
1776,22312,19.970110372963983,25,0.735045,1.1889903119632177,1
1777,22323,9.046019042815546,11,0.734914375,1.3512405753135681,1
1778,22339,11.01929391525965,16,0.734724375,1.0277651995420456,1
1779,22343,2.401173448340891,4,0.734676875,0.6529192924499512,1
1780,22349,4.406376704431655,6,0.7346056249999999,0.9062070548534393,1
1781,22375,23.151775905738415,26,0.7342968750000001,1.0933074752489726,1
1782,22396,16.9608686623625,21,0.7340475,1.309070388476054,1
1783,22398,0.9660165442504834,2,0.73402375,nan,1
1784,22414,12.72275213080237,16,0.7338337500000001,1.2261292338371277,1
1785,22417,1.602272727272727,3,0.7337981250000001,1.1740803718566895,1
1786,22439,17.961977956291697,22,0.733536875,1.1983896613121032,1
1787,22454,13.157645201505678,15,0.7333587500000001,1.1525501012802124,1
1788,22460,4.788602710765715,6,0.7332875000000001,0.9335404634475708,1
1789,22473,9.177283333446914,13,0.7331331249999999,0.9432744383811951,1
1790,22498,19.020162967310398,25,0.7328362500000001,1.0131650070349376,1
1791,22508,7.3318189235098785,10,0.7327175,1.1453362703323364,1
1792,22513,3.7862477677816373,5,0.7326581249999999,1.0816254615783691,1
1793,22522,7.190829560388632,9,0.73255125,1.1020565629005432,1
1794,22537,12.198370231621938,15,0.7323731250000001,0.981170266866684,1
1795,22546,6.257142323019045,9,0.73226625,1.0532661080360413,1
1796,22550,2.759508927129191,4,0.73221875,1.5971744060516357,1
1797,22563,10.007999667488813,13,0.732064375,1.34849218527476,1
1798,22566,1.9583725634928275,3,0.73202875,1.6423757076263428,1
1799,22577,9.154199194962692,11,0.7318981250000001,1.2715454896291096,1
1800,22582,3.918377671143119,5,0.7318387500000001,1.0339807271957397,1
1801,22612,25.085622485017893,30,0.7314825,1.2300880327820778,1
1802,22633,15.448670844451602,21,0.7312331249999999,1.1049642443656922,1
1803,22663,25.767840359048215,30,0.730876875,1.1012346744537354,0
1804,22678,13.158694357416188,15,0.73069875,0.9280751347541809,1
1805,22696,12.235740431772085,18,0.730485,1.2195293307304382,1
1806,22704,6.955583519957183,8,0.7303900000000001,1.038538634777069,1
1807,22720,13.16504957891976,16,0.7302,1.182309627532959,1
1808,22727,6.077485592196497,7,0.730116875,0.7069399356842041,1
1809,22757,22.788841804573448,30,0.7297606249999999,0.9988206773996353,0
1810,22760,1.9583725634928275,3,0.729725,1.2190747261047363,1
1811,22765,3.057051189737286,5,0.729665625,0.7343506813049316,1
1812,22782,13.133723545884017,17,0.7294637500000001,1.179677665233612,1
1813,22811,20.430719522356185,29,0.729119375,1.0674149479184831,1
1814,22825,10.998387811729165,14,0.728953125,1.1152756065130234,1
1815,22832,4.653521496794638,7,0.72887,1.2471438646316528,1
1816,22838,4.164276551804105,6,0.72879875,1.6088732481002808,1
1817,22858,14.514070427627898,20,0.72856125,1.0061989784240724,1
1818,22878,15.55227233447103,20,0.72832375,0.9514766275882721,1
1819,22892,10.925676963856882,14,0.7281575,1.1703867614269257,1
1820,22901,7.360363893619715,9,0.7280506250000001,1.0871582329273224,1
1821,22913,9.803227952700647,12,0.727908125,1.0453442533810933,1
1822,22922,7.557857098498129,9,0.72780125,0.7587582767009735,1
1823,22941,15.689657107970174,19,0.7275756250000001,1.0576704382896422,1
1824,22951,8.758298407096982,10,0.727456875,1.1427335739135742,1
1825,22972,17.488056759361974,21,0.7272075,0.9584347307682037,1
1826,23002,26.117522134985293,30,0.7268512500000001,1.0619393927710397,0
1827,23005,1.5982070401394535,3,0.726815625,1.3335516452789307,1
1828,23031,20.247319124624337,26,0.726506875,1.2034841179847717,1
1829,23043,9.20544302760886,12,0.726364375,1.0179542104403179,1
1830,23063,15.069169754380319,20,0.7261268750000001,1.243459975719452,1
1831,23069,3.9695089209072276,6,0.726055625,0.9945002198219299,1
1832,23075,4.208118813754526,6,0.725984375,1.0647016763687134,1
1833,23081,4.596266781844812,6,0.7259131249999999,0.9962340295314789,1
1834,23084,1.9602091714909529,3,0.7258775000000001,1.1283066272735596,1
1835,23112,25.54461247294885,28,0.725545,1.161100617476872,1
1836,23115,1.9583725634928275,3,0.725509375,nan,1
1837,23145,21.02525305025488,30,0.7251531250000001,1.0829651728272438,0
1838,23173,21.85605437321585,28,0.724820625,1.070426651409694,1
1839,23199,18.95006520149566,26,0.724511875,0.9748425483703613,1
1840,23204,3.756283084319424,5,0.7244525,1.0490458309650421,1
1841,23212,6.399115197024024,8,0.7243575,0.8790538609027863,1
1842,23235,19.485697064991676,23,0.724084375,1.122278869152069,1
1843,23256,18.494615099215032,21,0.723835,1.0943548281987507,1
1844,23258,0.9850976595546611,2,0.72381125,nan,1
1845,23265,4.454649772767419,7,0.723728125,1.0522255301475525,1
1846,23273,6.948229430730352,8,0.723633125,0.9818757772445679,1
1847,23287,11.44436337543306,14,0.723466875,0.9820919235547384,1
1848,23301,11.401682787000468,14,0.723300625,1.0128246247768402,1
1849,23324,18.537505233598047,23,0.7230275,1.2122609217961628,1
1850,23330,4.164277284465139,6,0.72295625,1.2329022884368896,1
1851,23345,11.565799513214646,15,0.722778125,1.216611072421074,1
1852,23352,5.9915321411548215,7,0.7226950000000001,1.0483437776565552,1
1853,23364,9.997331973339946,12,0.7225525,0.8579221566518148,1
1854,23394,22.75754305376798,30,0.7221962500000001,0.9543533410344806,0
1855,23403,7.355717483727011,9,0.722089375,0.918507844209671,1
1856,23418,12.992899395158682,15,0.72191125,1.0671596378087997,1
1857,23425,4.919329089348949,7,0.721828125,1.2865489721298218,1
1858,23455,26.992019975749585,30,0.721471875,1.0868352736745561,0
1859,23459,2.477147172695015,4,0.721424375,0.9827295541763306,1
1860,23479,16.648778283295975,20,0.721186875,1.043221664428711,1
1861,23493,9.733183316423268,14,0.721020625,1.2861352264881134,1
1862,23497,2.401173448340891,4,0.720973125,1.4858578443527222,1
1863,23517,17.553476759975123,20,0.720735625,1.1979224920272826,1
1864,23522,3.9572063683176055,5,0.72067625,1.04728102684021,1
1865,23525,1.9583725634928275,3,0.720640625,1.2169206142425537,1
1866,23543,13.530463665712551,18,0.720426875,1.0767747461795807,1
1867,23556,8.35829705751915,13,0.7202725000000001,1.41443532705307,1
1868,23564,6.649760046068636,8,0.7201775,0.9815413355827332,1
1869,23570,4.166068529249122,6,0.72010625,1.4337337017059326,1
1870,23579,8.072838027948293,9,0.719999375,1.2673677802085876,1
1871,23602,19.76873745208314,23,0.71972625,1.1246646642684937,1
1872,23606,2.957376534134098,4,0.71967875,1.3065769672393799,1
1873,23626,15.261239911806802,20,0.71944125,1.0328495264053346,1
1874,23640,10.970535496448502,14,0.7192750000000001,1.0918206721544266,1
1875,23650,8.552990719203947,10,0.7191562499999999,1.0767627954483032,1
1876,23655,3.675125679672443,5,0.719096875,0.9350116848945618,1
1877,23666,9.053464220832094,11,0.71896625,1.385908881823222,1
1878,23673,5.758308802120818,7,0.7188831250000001,0.807975560426712,1
1879,23684,7.989498134070007,11,0.7187525,1.239717682202657,1
1880,23693,5.651184741048039,9,0.718645625,1.2459585666656494,1
1881,23714,14.75022951214896,21,0.7183962500000001,1.1792483925819397,1
1882,23732,15.757780882641434,18,0.7181825,1.0643863081932068,1
1883,23735,1.9583725634928275,3,0.718146875,nan,1
1884,23738,1.9583725634928275,3,0.71811125,1.2901296615600586,1
1885,23768,26.97194849383302,30,0.717755,1.1125157177448273,0
1886,23790,14.954679064017634,22,0.71749375,0.8884147524833679,1
1887,23797,5.957167485940297,7,0.717410625,1.1121898889541626,1
1888,23806,7.159154581684866,9,0.71730375,0.8728833198547363,1
1889,23831,19.93037864322237,25,0.717006875,0.98285839955012,1
1890,23845,10.490050125423435,14,0.716840625,1.090921625494957,1
1891,23856,9.953461250116634,11,0.71671,1.294313410917918,1
1892,23866,8.399982046080737,10,0.71659125,0.9955418109893799,1
1893,23872,4.591343370679636,6,0.71652,1.2889630198478699,1
1894,23885,9.954971235707056,13,0.716365625,1.3910153309504192,1
1895,23908,18.960178594098878,23,0.7160925,1.2656545440355937,1
1896,23911,1.8823953357426955,3,0.716056875,nan,1
1897,23917,4.959018187143877,6,0.7159856250000001,1.0252732038497925,1
1898,23940,18.237655769937124,23,0.7157125,0.8606144885222117,1
1899,23945,3.200102027666586,5,0.715653125,0.7732105255126953,1
1900,23966,18.763330402040506,21,0.71540375,0.9258112251758576,1
1901,23986,15.171472986508537,20,0.71516625,0.9912548303604126,1
1902,23999,8.516824949545043,13,0.7150118750000001,1.1208268801371257,1
1903,24016,13.405587295305619,17,0.71481,1.4745060443878173,1
1904,24035,14.920215546613003,19,0.714584375,1.4484697878360748,1
1905,24040,3.2004649388892776,5,0.7145250000000001,1.4045116305351257,1
1906,24056,12.247007058541822,16,0.7143349999999999,1.1962570250034332,1
1907,24061,3.595472942834504,5,0.714275625,1.3426833152770996,1
1908,24068,5.790695805814513,7,0.7141925,0.6953960955142975,1
1909,24098,24.62119681639513,30,0.71383625,1.309761984007699,0
1910,24109,10.044287693028323,11,0.713705625,1.2099360823631287,1
1911,24134,20.76047310004746,25,0.7134087499999999,1.3041974306106567,1
1912,24138,2.281855352221269,4,0.71336125,1.2046993970870972,1
1913,24151,11.008415148117265,13,0.713206875,1.368130882581075,1
1914,24158,5.159891314205852,7,0.7131237500000001,1.1503633260726929,1
1915,24170,10.94819446503353,12,0.71298125,1.3899468978246052,1
1916,24177,4.404840847349178,7,0.7128981249999999,0.9121215045452118,1
1917,24188,9.589452865378838,11,0.7127675,1.1074682474136353,1
1918,24195,5.053832326807372,7,0.712684375,0.9209827184677124,1
1919,24207,10.64009241982659,12,0.712541875,0.7729005018870035,1
1920,24221,11.48347704149927,14,0.712375625,1.1190149784088135,1
1921,24228,5.258706795567871,7,0.7122925,1.3773744702339172,1
1922,24234,3.997536561144723,6,0.71222125,1.797698736190796,1
1923,24241,5.362876384516976,7,0.7121381250000001,1.3760794401168823,1
1924,24271,21.14796814836222,30,0.711781875,1.2370589630944389,0
1925,24277,4.596980806993526,6,0.711710625,1.3581130504608154,1
1926,24293,14.7882987872717,16,0.711520625,1.0110404044389725,1
1927,24314,16.37823646818895,21,0.71127125,1.134843933582306,1
1928,24319,3.1982722364950593,5,0.711211875,1.3508880138397217,1
1929,24336,14.080870117373502,17,0.7110099999999999,1.2481346130371094,1
1930,24340,2.7572907203812167,4,0.7109624999999999,0.9673457145690918,1
1931,24347,5.95321715276183,7,0.710879375,1.5182960033416748,1
1932,24353,4.2064315250263355,6,0.710808125,1.0948845744132996,1
1933,24360,4.562229222667657,7,0.710725,1.0207889080047607,1
1934,24390,23.67865978160797,30,0.71036875,1.3485813992364066,0
1935,24398,6.72432537416345,8,0.71027375,1.4188377857208252,1
1936,24412,12.154208372713645,14,0.7101075000000001,1.3249985873699188,1
1937,24432,14.6229099324351,20,0.70987,1.219348955154419,1
1938,24457,19.33876925495924,25,0.709573125,1.1100010573863983,1
1939,24459,1.048631734420272,2,0.709549375,nan,1
1940,24461,1.0831046283131358,2,0.7095256249999999,1.010652780532837,1
1941,24465,2.4011735340394504,4,0.709478125,1.054486632347107,1
1942,24468,1.602272727272727,3,0.7094425,1.4143664836883545,1
1943,24477,5.653391978689569,9,0.709335625,1.3412994742393494,1
1944,24486,7.553762346846726,9,0.7092287500000001,1.2570874691009521,1
1945,24489,2.1932999765509,3,0.709193125,1.182353138923645,1
1946,24519,25.611383586603772,30,0.708836875,1.2614752394812447,0
1947,24537,13.138009077091823,18,0.708623125,1.3018884420394898,1
1948,24551,11.443797268378047,14,0.708456875,1.1501571536064148,1
1949,24566,13.181425305652198,15,0.7082787500000001,1.4527964293956757,1
1950,24571,3.560645290765555,5,0.708219375,0.7657331228256226,1
1951,24589,14.367455674498492,18,0.708005625,1.4496463537216187,1
1952,24595,4.5555792457996835,6,0.707934375,1.3168507814407349,1
1953,24605,8.356674955084546,10,0.7078156250000001,1.3101398944854736,1
1954,24635,23.315136768519825,30,0.707459375,1.338693073817662,0
1955,24642,6.194211471698505,7,0.70737625,1.0502687692642212,1
1956,24659,12.826661591482189,17,0.707174375,1.1832138001918793,1
1957,24686,22.599214455634296,27,0.7068537500000001,1.30100383077349,1
1958,24701,12.560638405104177,15,0.706675625,1.4066898822784424,1
1959,24713,10.3549091455621,12,0.706533125,1.2423678636550903,1
1960,24719,4.957172438484455,6,0.706461875,1.2225878238677979,1
1961,24734,10.807993371881954,15,0.7062837500000001,1.1002717018127441,1
1962,24764,24.381335085287848,30,0.7059275,1.311360314488411,0
1963,24775,9.957162626565239,11,0.705796875,0.9452576637268066,1
1964,24793,15.195172304756138,18,0.705583125,1.0081185698509216,1
1965,24805,10.5534407550258,12,0.705440625,1.0814860661824544,1
1966,24815,8.785670829980615,10,0.705321875,1.7543709874153137,1
1967,24832,13.276925673544818,17,0.70512,1.2436381340026856,1
1968,24843,8.277507985268171,11,0.704989375,1.027310311794281,1
1969,24852,7.304221889150642,9,0.7048825000000001,1.4801820119222004,1
1970,24866,12.788961795467653,14,0.7047162499999999,1.3169524669647217,1
1971,24873,5.322638020945747,7,0.704633125,1.6459546089172363,1
1972,24881,6.5553482956087334,8,0.704538125,1.2564714550971985,1
1973,24911,22.674936015958313,30,0.704181875,1.0843155894960677,0
1974,24919,6.192713442686962,8,0.704086875,1.019776165485382,1
1975,24934,11.094901284852616,15,0.7039087500000001,0.9364101141691208,1
1976,24941,5.95716295071267,7,0.703825625,1.1931552588939667,1
1977,24946,3.761175943647523,5,0.7037662499999999,1.3362748622894287,1
1978,24957,8.877658761381923,11,0.703635625,1.3915661970774333,1
1979,24966,7.130375892878088,9,0.70352875,0.9086397588253021,1
1980,24977,8.0229421836336,11,0.703398125,1.2930437922477722,1
1981,24999,18.65289486383299,22,0.703136875,1.119474470615387,1
1982,25007,6.557205120753299,8,0.703041875,1.264891505241394,1
1983,25015,6.47091142279103,8,0.7029468750000001,1.284277856349945,1
1984,25019,2.766160496208155,4,0.702899375,1.936422348022461,1
1985,25049,23.627481890240738,30,0.702543125,1.6061725094914436,1
1986,25063,9.852543673811905,14,0.702376875,1.2824610074361165,1
1987,25093,23.423542291242324,30,0.7020206250000001,1.3161527588963509,0
1988,25117,17.68426467886934,24,0.701735625,1.0384714404741924,1
1989,25136,17.640366235776128,19,0.7015100000000001,1.0019089937210084,1
1990,25139,1.9875621172107356,3,0.7014743750000001,nan,1
1991,25169,22.993447422440497,30,0.701118125,1.398264467716217,0
1992,25186,14.356955041056057,17,0.70091625,1.426975131034851,1
1993,25197,9.404545903712485,11,0.700785625,1.049638032913208,1
1994,25202,3.7923212284615007,5,0.70072625,1.1142749786376953,1
1995,25219,13.922495080047401,17,0.7005243750000001,1.2411344349384308,1
1996,25247,23.08836983055484,28,0.700191875,1.3915550708770752,1
1997,25259,9.653162044636838,12,0.7000493750000001,1.3526007334391277,1
1998,25279,16.925879486717566,20,0.699811875,1.4231075286865233,1
1999,25293,12.559609181603541,14,0.699645625,1.3925723433494568,1
2000,25312,17.398717706226364,19,0.6994199999999999,1.352385365962982,1
2001,25334,15.752350673989085,22,0.69915875,1.5571845173835754,1
2002,25348,12.553508165145722,14,0.6989925,1.4955450296401978,1
2003,25360,10.358359400740712,12,0.69885,0.8706826170285543,1
2004,25369,7.1523460130639345,9,0.698743125,1.1671050488948822,1
2005,25387,15.091235713643881,18,0.698529375,1.3100010454654694,1
2006,25403,11.219400291906181,16,0.698339375,1.2140564918518066,1
2007,25411,5.80221053718746,8,0.698244375,1.347740650177002,1
2008,25429,15.596470599511356,18,0.698030625,1.1873820781707765,1
2009,25437,6.555092167252862,8,0.6979356250000001,1.4824376702308655,1
2010,25448,7.866094632768258,11,0.697805,1.2119882901509602,1
2011,25466,12.56792271343167,18,0.69759125,1.2331209480762482,1
2012,25485,16.84449282610952,19,0.697365625,1.2683515548706055,1
2013,25504,17.773543015738383,19,0.6971400000000001,1.4791868090629579,1
2014,25512,6.76411037600466,8,0.697045,1.0254352688789368,1
2015,25520,5.913501637475501,8,0.69695,1.0866060853004456,1
2016,25530,8.358350650038131,10,0.69683125,1.3471144437789917,1
2017,25560,26.005594893075497,30,0.696475,1.1753411889076233,0
2018,25577,15.587610693003338,17,0.696273125,1.0801642388105392,1
2019,25607,25.183437738400837,30,0.695916875,1.28499094077519,0
2020,25614,5.207483554586985,7,0.69583375,1.1404979228973389,1
2021,25644,22.590496226196453,30,0.6954775,1.2230619937181473,1
2022,25658,11.283677368261626,14,0.69531125,1.2294071316719055,1
2023,25678,15.10002391456731,20,0.6950737499999999,1.1024641394615173,1
2024,25684,4.522217218610537,6,0.6950025,1.5459153056144714,1
2025,25690,4.953755017856427,6,0.69493125,1.0161895751953125,1
2026,25695,3.363477776117178,5,0.694871875,0.5207983255386353,1
2027,25707,10.745555353814954,12,0.6947293750000001,1.7681855360666912,1
2028,25710,1.7649228101313175,3,0.69469375,0.9838987588882446,1
2029,25724,11.92576365837282,14,0.6945275,1.3182439506053925,1
2030,25738,10.82207614664211,14,0.69436125,1.1681466301282246,1
2031,25744,4.959018187143877,6,0.6942900000000001,1.3680607080459595,1
2032,25746,0.9850976595546611,2,0.69426625,nan,1
2033,25760,10.48282816832045,14,0.6940999999999999,1.4826871454715729,1
2034,25763,1.7649228101313175,3,0.694064375,nan,1
2035,25783,14.821157236929263,20,0.6938268750000001,1.2261094808578492,1
2036,25813,24.81849531051557,30,0.693470625,1.2341415584087372,0
2037,25825,10.078190320583253,12,0.6933281250000001,1.1978192528088887,1
2038,25848,19.75499441720266,23,0.693055,1.4172782897949219,1
2039,25869,14.743705703035427,21,0.6928056250000001,0.9611315369606018,1
2040,25875,4.845490251235308,6,0.692734375,1.152989149093628,1
2041,25879,2.7591154181621453,4,0.692686875,1.5134661197662354,1
2042,25882,1.5974290027069835,3,0.6926512499999999,1.1557846069335938,1
2043,25898,13.061364508985019,16,0.69246125,1.3556305915117264,1
2044,25928,28.551400005033322,30,0.692105,1.065613754093647,0
2045,25953,18.03736949553144,25,0.691808125,1.22524298230807,1
2046,25961,6.174667967022216,8,0.691713125,1.0649634897708893,1
2047,25967,4.164225476783389,6,0.691641875,0.4985770583152771,1
2048,25974,5.404594584227799,7,0.69155875,1.5442761778831482,1
2049,25984,7.571730006971671,10,0.69144,1.6647700468699138,1
2050,25991,5.95716303443921,7,0.6913568750000001,1.2070947885513306,1
2051,26001,7.955966251451674,10,0.691238125,1.2547543843587239,1
2052,26006,3.75812300647113,5,0.69117875,1.7294148206710815,1
2053,26013,4.814962422287578,7,0.691095625,1.1762434244155884,1
2054,26023,7.485585188564693,10,0.690976875,1.4942030906677246,1
2055,26044,13.636363636363635,21,0.6907274999999999,1.408170501391093,1
2056,26051,4.208008769426083,7,0.690644375,1.3929016590118408,1
2057,26054,1.6000542239715385,3,0.69060875,1.0798771381378174,1
2058,26058,2.9972503332957765,4,0.69056125,0.9866914749145508,1
2059,26086,20.50512689380122,28,0.69022875,1.2110596214021956,1
2060,26101,12.162550188899319,15,0.690050625,1.1541226208209991,1
2061,26114,10.483379350855223,13,0.68989625,1.3877627849578857,1
2062,26123,7.0022694627858595,9,0.689789375,1.4758103489875793,1
2063,26144,16.887053933619978,21,0.68954,1.1028630137443542,1
2064,26167,18.605359773739856,23,0.6892668750000001,1.114510214328766,1
2065,26189,18.807222637980026,22,0.6890056250000001,1.2825017472108204,1
2066,26214,21.123398372063022,25,0.68870875,1.5117519696553547,1
2067,26218,2.596465354513197,4,0.68866125,1.4936878681182861,1
2068,26240,18.452305158879977,22,0.6884,1.2415329317251842,1
2069,26262,19.206560436282373,22,0.68813875,1.2760650396347046,1
2070,26282,16.080102877257335,20,0.68790125,1.5726873636245728,1
2071,26300,15.210301163318965,18,0.6876875,1.291715931892395,1
2072,26330,24.190459197286344,30,0.68733125,1.2920255150113786,0
2073,26350,17.403696666534998,20,0.6870937500000001,1.4151964068412781,1
2074,26354,2.596465354513197,4,0.68704625,0.833943247795105,1
2075,26367,10.982717609693104,13,0.686891875,1.3482893705368042,1
2076,26397,26.349335206475526,30,0.6865356250000001,1.1608174219727516,0
2077,26412,12.798710368460375,15,0.6863575,1.5789065957069397,1
2078,26417,3.1960055915262915,5,0.686298125,1.8715680837631226,1
2079,26422,3.9550916435570764,5,0.68623875,1.21671462059021,1
2080,26425,1.9583725634928275,3,0.686203125,2.2070889472961426,1
2081,26445,15.03056036253335,20,0.685965625,1.1367745280265809,1
2082,26450,4.277200005325695,5,0.6859062499999999,1.1403603553771973,1
2083,26453,1.6000542239715385,3,0.685870625,1.2241895198822021,1
2084,26456,1.9583725634928275,3,0.685835,1.0949461460113525,1
2085,26479,19.288191322420495,23,0.6855618750000001,0.9779886245727539,1
2086,26502,18.616472683146544,23,0.68528875,1.2381773392359416,1
2087,26511,7.557200148624645,9,0.685181875,1.522967278957367,1
2088,26541,20.971572620384432,30,0.684825625,1.3840439096093178,0
2089,26561,16.211405834875983,20,0.6845881250000001,1.3490557670593262,1
2090,26571,7.8455464871583915,10,0.684469375,1.144243746995926,1
2091,26580,7.952922979590016,9,0.6843625,1.2171282768249512,1
2092,26590,8.003657533435524,10,0.68424375,1.3236374258995056,1
2093,26598,6.008649431704383,8,0.68414875,1.372097134590149,1
2094,26606,6.002601412764697,8,0.68405375,0.7741195857524872,1
2095,26619,11.158270306428214,13,0.683899375,1.465651512145996,1
2096,26630,8.251766688101828,11,0.68376875,1.1084657510121663,1
2097,26635,3.756925727300567,5,0.6837093750000001,1.3829314708709717,1
2098,26640,3.756283084319424,5,0.68365,1.4053887128829956,1
2099,26666,20.343027575067158,26,0.68334125,1.2897983094056447,1
2100,26670,2.8784281043229445,4,0.68329375,1.290276050567627,1
2101,26681,9.957171297866596,11,0.6831631250000001,1.5349361101786296,1
2102,26687,4.593073234377216,6,0.683091875,1.2950600385665894,1
2103,26703,15.26638236997424,16,0.682901875,1.292960524559021,1
2104,26710,5.361776682689154,7,0.68281875,0.9786459803581238,1
2105,26715,3.4075139079838523,5,0.6827593750000001,1.1557844877243042,1
2106,26722,5.084065269568786,7,0.68267625,0.9186668992042542,1
2107,26734,10.753057688869477,12,0.6825337499999999,1.3831079800923665,1
2108,26741,5.955305517483177,7,0.682450625,0.9764247536659241,1
2109,26771,21.7129719973177,30,0.682094375,1.590670006615775,0
2110,26781,7.397672283516834,10,0.681975625,1.3995590607325237,1
2111,26790,7.390472996844321,9,0.68186875,1.587379813194275,1
2112,26814,21.74725538770458,24,0.6815837499999999,1.289326588312785,1
2113,26831,15.35449547141729,17,0.681381875,1.588287353515625,1
2114,26837,4.201317430198137,6,0.6813106250000001,1.0734470784664154,1
2115,26845,6.95321434296975,8,0.6812156250000001,1.3676644563674927,1
2116,26854,7.873546744350001,9,0.68110875,1.1128024458885193,1
2117,26884,24.27220741401714,30,0.6807525,1.2742592990398407,0
2118,26910,20.6131672587083,26,0.68044375,1.2667037745316823,1
2119,26921,9.65590186890807,11,0.6803131250000001,1.2300565242767334,1
2120,26951,26.33299435655873,30,0.679956875,1.284752573285784,0
2121,26967,13.753787289176184,16,0.6797668750000001,1.2842766642570496,1
2122,26982,10.881317268199,15,0.67958875,1.588161826133728,1
2123,26988,4.595443961645915,6,0.6795175,0.9599456787109375,1
2124,26993,3.56248189876368,5,0.679458125,1.3644750118255615,1
2125,27016,16.7766456192705,23,0.679185,1.5491230189800262,1
2126,27044,21.25801317877657,28,0.6788525000000001,1.5302461385726929,1
2127,27050,4.765961923539771,6,0.67878125,1.0221654176712036,1
2128,27057,4.571914446668831,7,0.6786981249999999,1.1254144310951233,1
2129,27068,8.756100455704498,11,0.6785675,1.4041566451390584,1
2130,27098,23.739547070213476,30,0.67821125,1.2304620913096838,0
2131,27100,0.9850976595546611,2,0.6781874999999999,0.8093501925468445,1
2132,27123,16.89721779536606,23,0.6779143750000001,1.3142750263214111,1
2133,27138,10.420463120944838,15,0.67773625,1.31918103992939,1
2134,27160,16.372199138169066,22,0.677475,1.2253180543581645,1
2135,27190,21.10840589141552,30,0.67711875,1.5938754422324044,0
2136,27196,4.560220098719671,6,0.6770475,1.0561988651752472,1
2137,27205,6.7683639753848865,9,0.6769406250000001,1.6781703233718872,1
2138,27210,3.1985928590312933,5,0.67688125,1.3057520389556885,1
2139,27216,4.408216830705879,6,0.67681,0.9407611191272736,1
2140,27232,14.159869087281677,16,0.67662,1.3732949197292328,1
2141,27242,7.000694150287846,10,0.67650125,1.3908700942993164,1
2142,27263,17.27012132623047,21,0.676251875,1.5199876785278321,1
2143,27267,2.9552714163121765,4,0.676204375,1.477590799331665,1
2144,27277,8.587599329035433,10,0.676085625,1.7426539659500122,1
2145,27286,7.757918634927063,9,0.6759787500000001,1.7558342814445496,1
2146,27302,12.564023207113367,16,0.6757887499999999,1.3902973234653473,1
2147,27332,23.383584560765915,30,0.6754325,1.5189564153552055,0
2148,27341,7.39420379912692,9,0.6753256249999999,1.2103378176689148,1
2149,27357,11.802658871135606,16,0.675135625,1.5081227719783783,1
2150,27375,14.128434470138739,18,0.6749218750000001,1.2976717948913574,1
2151,27381,3.5261905876079016,6,0.6748506249999999,1.1026713252067566,1
2152,27411,21.289526853035248,30,0.6744943750000001,1.3182296071733748,0
2153,27423,10.568084725690504,12,0.6743518749999999,1.1209758917490642,1
2154,27438,11.526183730297483,15,0.67417375,1.2628898322582245,1
2155,27456,14.808512154688302,18,0.67396,1.347169327735901,1
2156,27462,3.995322907632511,6,0.67388875,0.8858973383903503,1
2157,27467,3.723927940406299,5,0.673829375,1.6480839252471924,1
2158,27487,15.211072359720577,20,0.6735918750000001,1.1868259191513062,1
2159,27496,7.758298448409552,9,0.673485,1.6580493847529094,1
2160,27526,23.469865190827427,30,0.67312875,1.3464668989181519,0
2161,27554,21.291220025079213,28,0.67279625,1.429293053490775,1
2162,27567,10.359584554514692,13,0.6726418750000001,1.3729594151178997,1
2163,27572,3.9550942616836293,5,0.6725825000000001,0.9939385056495667,1
2164,27594,19.54801722532044,22,0.67232125,1.3046989440917969,1
2165,27605,9.35877471318035,11,0.672190625,1.6688112417856853,1
2166,27609,2.5634323146893294,4,0.6721431250000001,1.7590868473052979,1
2167,27614,3.754707248874702,5,0.67208375,1.2935659885406494,1
2168,27630,14.351740286681597,16,0.67189375,1.5538579821586609,1
2169,27660,21.439707493391506,30,0.6715375,1.24937205016613,0
2170,27663,1.925144218813404,3,0.6715018749999999,nan,1
2171,27669,4.75452445326274,6,0.671430625,1.040353000164032,1
2172,27675,4.793562708382221,6,0.671359375,2.0952000617980957,1
2173,27699,21.35142403305641,24,0.6710743750000001,1.3822456399599712,1
2174,27709,7.7642733921548714,10,0.6709556249999999,1.150551696618398,1
2175,27728,15.202883589927918,19,0.67073,1.367151641845703,1
2176,27737,6.803616021213625,9,0.6706231250000001,1.6548470854759216,1
2177,27747,7.1647627340766675,10,0.6705043749999999,1.3630837202072144,1
2178,27762,12.245242161873009,15,0.67032625,1.2693603336811066,1
2179,27792,24.122242130080643,30,0.66997,1.1971222907304764,0
2180,27808,13.590741839086379,16,0.66978,1.2583977580070496,1
2181,27814,4.758333963298804,6,0.6697087500000001,1.585796594619751,1
2182,27817,1.602272727272727,3,0.6696731250000001,1.5933332443237305,1
2183,27819,0.9660165442504834,2,0.6696493750000001,nan,1
2184,27822,1.5974290027069837,3,0.66961375,0.619098961353302,1
2185,27836,12.005691742146466,14,0.6694475,1.3383381366729736,1
2186,27856,13.864069413675072,20,0.6692100000000001,1.2338101148605347,1
2187,27859,1.9602091714909529,3,0.6691743750000001,nan,1
2188,27870,9.197422440367795,11,0.66904375,1.1249405145645142,1
2189,27875,3.9590471683324666,5,0.668984375,1.6612790822982788,1
2190,27895,16.201867174595254,20,0.6687468750000001,1.200943374633789,1
2191,27919,20.80486065037874,24,0.668461875,1.338878055413564,1
2192,27930,9.75449414704399,11,0.66833125,1.570623238881429,1
2193,27942,8.230622521116539,12,0.66818875,1.1676892240842183,1
2194,27972,26.40722075010268,30,0.6678325,1.2397660091519356,0
2195,27975,1.5982070401394535,3,0.6677968750000001,nan,1
2196,27977,0.9850976595546611,2,0.6677731250000001,0.8097796440124512,1
2197,27998,19.949781534483463,21,0.66752375,1.5040675044059753,1
2198,28026,21.264932753053568,28,0.66719125,1.409273386001587,1
2199,28029,1.9583725634928275,3,0.6671556249999999,1.452812671661377,1
2200,28034,3.75812300647113,5,0.66709625,1.193677544593811,1
2201,28049,10.776218501044758,15,0.666918125,0.9358332604169846,1
2202,28056,5.759296250576508,7,0.6668350000000001,1.4333195090293884,1
2203,28074,12.903543809132564,18,0.66662125,1.420805811882019,1
2204,28096,19.081359823729574,22,0.6663600000000001,1.3144550025463104,1
2205,28105,7.156879707447338,9,0.666253125,1.0680025815963745,1
2206,28110,3.200465013710966,5,0.66619375,1.0826365947723389,1
2207,28114,2.3989825583753617,4,0.66614625,2.07590913772583,1
2208,28118,2.9592167598122607,4,0.66609875,1.410703182220459,1
2209,28129,7.575694124697141,11,0.665968125,1.3502882520357768,1
2210,28140,9.35455456963363,11,0.6658375000000001,1.4268489281336467,1
2211,28164,18.341941133047133,24,0.6655525,1.1062361697355907,1
2212,28184,18.160118050727355,20,0.665315,1.405539584159851,1
2213,28188,2.759508927129191,4,0.6652675,1.2862637042999268,1
2214,28191,1.7953289908768333,3,0.6652318749999999,nan,1
2215,28221,20.454545454545464,30,0.6648756250000001,1.3697433546185493,0
2216,28227,4.957168006567855,6,0.664804375,1.3421653509140015,1
2217,28234,5.003437269549305,7,0.66472125,1.542831003665924,1
2218,28249,12.096844027644945,15,0.664543125,1.4186890125274658,1
2219,28271,16.431238333832727,22,0.664281875,1.3488444566726685,1
2220,28283,9.555507478400601,12,0.664139375,0.9863302111625671,1
2221,28291,6.7530482268878815,8,0.664044375,1.9524112939834595,1
2222,28296,3.756289207298002,5,0.663985,1.085470974445343,1
2223,28311,12.845079985182647,15,0.663806875,1.1787151495615642,1
2224,28340,23.212166923400428,29,0.6634625000000001,1.4954467564821243,1
2225,28346,4.59186377967478,6,0.66339125,0.9878499507904053,1
2226,28355,7.21127906436282,9,0.6632843749999999,1.0277837216854095,1
2227,28359,2.3989273212049906,4,0.663236875,1.8885852098464966,1
2228,28371,10.20911970120503,12,0.663094375,1.3262008825937908,1
2229,28378,4.454641558482505,7,0.66301125,1.2702856063842773,1
2230,28408,24.935600101248532,30,0.662655,1.4503831267356873,0
2231,28432,17.860162831525273,24,0.66237,1.3233684500058491,1
2232,28441,6.78161066955399,9,0.662263125,1.1463195085525513,1
2233,28447,3.880411040849475,6,0.662191875,1.8326821327209473,1
2234,28462,12.1242807597734,15,0.6620137500000001,1.2599763423204422,1
2235,28478,12.172596677525528,16,0.66182375,1.4476187527179718,1
2236,28485,4.6922146682717,7,0.661740625,1.5317351818084717,1
2237,28491,4.598860371876769,6,0.661669375,1.613918662071228,1
2238,28503,10.000908639808124,12,0.6615268750000001,1.192787766456604,1
2239,28521,15.404317763208924,18,0.661313125,1.5818118095397948,1
2240,28551,20.74932569474856,30,0.660956875,1.3018885510308402,0
2241,28560,6.517120177379199,9,0.66085,1.487635652224223,1
2242,28571,9.757918465583721,11,0.660719375,1.6331148743629456,1
2243,28601,24.305129608995017,30,0.6603631249999999,0.9902693703770638,0
2244,28631,24.924123571136125,30,0.660006875,1.3413759980882918,0
2245,28640,6.279949798322927,9,0.6599,1.5196659167607625,1
2246,28658,15.118633673062359,18,0.65968625,1.3394770622253418,1
2247,28661,1.9602091714909529,3,0.659650625,1.2750654220581055,1
2248,28670,7.95372598686455,9,0.6595437500000001,1.1739864945411682,1
2249,28680,7.7962994561874215,10,0.659425,1.0858701070149739,1
2250,28703,16.634034809342282,23,0.659151875,1.4189140319824218,1
2251,28713,7.201838752496113,10,0.659033125,1.203675627708435,1
2252,28726,10.320967307453442,13,0.65887875,1.2479133605957031,1
2253,28736,8.959012218924851,10,0.65876,1.486313243707021,1
2254,28740,2.395910266581573,4,0.6587125,1.7648955583572388,1
2255,28751,8.848934539705738,11,0.658581875,1.3590583801269531,1
2256,28772,16.53070825924703,21,0.6583325,1.4268009265263875,1
2257,28780,6.237656923076,8,0.6582375,1.2976610660552979,1
2258,28810,26.250467786488723,30,0.65788125,1.2854686720030648,0
2259,28833,19.05330415219367,23,0.657608125,1.3767035206158955,1
2260,28863,21.89561092043745,30,0.657251875,1.4571047680718558,0
2261,28878,11.808220700727428,15,0.65707375,1.1943289190530777,1
2262,28882,3.1976750523948407,4,0.65702625,0.9623916149139404,1
2263,28900,13.069933227513761,18,0.6568125,1.2175588488578797,1
2264,28912,9.997902449499337,12,0.6566700000000001,1.2653650244077046,1
2265,28918,4.55663250881008,6,0.65659875,1.4901467561721802,1
2266,28922,2.9592167598122607,4,0.65655125,1.1243925094604492,1
2267,28931,6.881106293185779,9,0.656444375,1.4265216588974,1
2268,28945,12.756068568889145,14,0.656278125,0.8379614949226379,1
2269,28949,2.566053658965085,4,0.6562306250000001,1.1919093132019043,1
2270,28956,5.20713450762474,7,0.6561475,1.5345306992530823,1
2271,28979,18.519669502194066,23,0.655874375,1.195962381362915,1
2272,28982,2.0772972363439632,3,0.65583875,1.4787120819091797,1
2273,28993,8.900864971103859,11,0.655708125,1.0868833859761555,1
2274,29000,5.754222259989912,7,0.655625,0.9820125997066498,1
2275,29012,8.067560440994805,12,0.6554825,1.9210842450459797,1
2276,29019,5.448826963035716,7,0.655399375,1.7673943042755127,1
2277,29032,11.190821920761053,13,0.6552450000000001,1.4143880307674408,1
2278,29041,8.074664286793576,9,0.655138125,0.9178052544593811,1
2279,29050,7.984052899101986,9,0.6550312500000001,1.7003934383392334,1
2280,29056,4.75929721392411,6,0.65496,1.1240301728248596,1
2281,29068,9.83957117860898,12,0.6548175,1.356119195620219,1
2282,29098,20.807636751424518,30,0.65446125,1.2430405957358224,0
2283,29128,22.318600598458808,30,0.654105,1.353798322379589,0
2284,29140,9.956892809030457,12,0.6539625,1.3573444684346516,1
2285,29151,9.35592192003994,11,0.6538318750000001,1.2361145615577698,1
2286,29159,6.595438162770232,8,0.653736875,1.8604387044906616,1
2287,29178,14.99621323738542,19,0.65351125,1.434013557434082,1
2288,29208,22.482111117305173,30,0.653155,1.5106708854436874,0
2289,29225,12.787559076382342,17,0.652953125,1.5131108164787292,1
2290,29255,21.08886550462654,30,0.652596875,1.2776843820299422,0
2291,29285,22.948620261409733,30,0.652240625,1.2826145514845848,0
2292,29315,21.762345830044534,30,0.6518843750000001,1.532636387007577,0
2293,29318,1.7862340231910245,3,0.6518487500000001,1.1825826168060303,1
2294,29333,12.676644258565675,15,0.651670625,1.5218339264392853,1
2295,29363,24.66676041490038,30,0.651314375,1.1560501456260681,0
2296,29369,4.565277519895569,6,0.651243125,1.2395814061164856,1
2297,29380,7.923640760808653,11,0.6511125,1.4111435015996296,1
2298,29383,1.9602091714909529,3,0.651076875,nan,1
2299,29386,2.1954904485736004,3,0.65104125,1.2932846546173096,1
2300,29396,7.325265569231816,10,0.6509225000000001,1.6106748183568318,1
2301,29404,5.928590394042371,8,0.6508275,1.4090332984924316,1
2302,29410,4.557413715999861,6,0.65075625,1.4565168619155884,1
2303,29415,4.050589732739178,5,0.650696875,1.3799469470977783,1
2304,29425,7.494073328223061,10,0.650578125,1.7406172355016072,1
2305,29451,21.383297736961502,26,0.6502693749999999,1.6629188060760498,1
2306,29461,8.873805242254805,10,0.650150625,1.1874380509058635,1
2307,29469,7.271645037152643,8,0.650055625,1.2879430055618286,1
2308,29480,9.35648869476328,11,0.6499250000000001,1.3242629369099934,1
2309,29487,5.591186568082305,7,0.649841875,1.478326678276062,1
2310,29513,20.609568423125527,26,0.649533125,1.4000522238867623,1
2311,29524,10.046725952462227,11,0.6494025000000001,1.5593728224436443,1
2312,29544,18.152168574758427,20,0.649165,1.5217930316925048,1
2313,29574,25.047227711989418,30,0.64880875,1.4747980322156633,0
2314,29604,24.821867429625517,30,0.6484525000000001,1.4476809203624725,0
2315,29612,6.7526358098218315,8,0.6483575,0.970854640007019,1
2316,29620,6.049223513695621,8,0.6482625,1.1431635022163391,1
2317,29627,5.758328905294338,7,0.648179375,1.7702040672302246,1
2318,29650,19.997410845550327,23,0.64790625,1.3221460183461506,1
2319,29657,5.162518983084157,7,0.6478231249999999,1.2355568706989288,1
2320,29665,6.855483048018788,8,0.647728125,1.1503106355667114,1
2321,29676,9.384336827610401,11,0.6475975,1.861899693806966,1
2322,29678,1.1985551664893401,2,0.6475737500000001,nan,1
2323,29708,23.72233452649801,30,0.6472175,1.703378051519394,0
2324,29738,22.15623162220881,30,0.6468612499999999,1.3397541301591056,0
2325,29761,17.614881929349366,23,0.6465881250000001,1.5145245889822643,1
2326,29776,13.948424836247552,15,0.64641,1.6152130663394928,1
2327,29783,5.388913390135643,7,0.646326875,0.8464661836624146,1
2328,29798,10.787805853641807,15,0.64614875,1.3135066628456116,1
2329,29803,3.996958369838537,5,0.6460893750000001,1.9062910079956055,1
2330,29808,3.9571975996624404,5,0.6460300000000001,1.1153395473957062,1
2331,29817,5.651182036348066,9,0.6459231249999999,1.8189405798912048,1
2332,29828,9.951345466234756,11,0.6457925,1.1795732975006104,1
2333,29858,23.976205808122415,30,0.64543625,1.290304856640952,0
2334,29861,1.9583725634928275,3,0.645400625,0.8980956673622131,1
2335,29866,3.9590471683324666,5,0.64534125,1.8238604068756104,1
2336,29870,2.5990593639587067,4,0.64529375,1.4530850648880005,1
2337,29876,4.367023244833842,6,0.6452225,1.3946870565414429,1
2338,29883,5.048711927394157,7,0.6451393750000001,1.2399117946624756,1
2339,29892,6.762946837316684,9,0.6450325,0.9502642353375753,1
2340,29916,21.794243881297096,24,0.6447475,1.4197296897570293,1
2341,29924,6.447138066497994,8,0.6446525000000001,1.734180986881256,1
2342,29935,8.800506528158243,11,0.644521875,1.0614411234855652,1
2343,29941,4.959018187143877,6,0.6444506249999999,1.4568843841552734,1
2344,29948,5.051214835789166,7,0.6443675,1.475154161453247,1
2345,29971,18.765723048056355,23,0.644094375,1.4501561403274537,1
2346,29982,7.571620833857153,11,0.64396375,1.1231777866681416,1
2347,29987,3.9245600882360905,5,0.643904375,1.6360398530960083,1
2348,29996,6.647040248145555,9,0.6437975,1.1033742825190227,1
2349,29998,0.9660165442504834,2,0.64377375,nan,1
2350,30028,22.46470550584482,30,0.6434175,1.5242865309119225,1
2351,30058,26.011447011914708,30,0.64306125,1.552577120917184,0
2352,30088,22.682514447992844,30,0.6427050000000001,1.4331570267677307,0
2353,30109,17.41359108762734,21,0.642455625,1.8858351707458496,1
2354,30119,8.563012026082863,10,0.642336875,1.418269395828247,1
2355,30135,12.207537767835008,16,0.642146875,1.9340814352035522,1
2356,30151,12.743015991461352,16,0.641956875,1.5009102523326874,1
2357,30154,1.7671529078868469,3,0.64192125,1.576582908630371,1
2358,30165,7.461285799394442,11,0.6417906250000001,1.6129382848739624,1
2359,30188,19.998564851280577,23,0.6415175,1.2596696019172668,1
2360,30218,24.546642815564695,30,0.64116125,1.5436175210135323,0
2361,30241,16.94933568518812,23,0.640888125,1.5069275200366974,1
2362,30268,21.725069286043535,27,0.6405675,1.543901801109314,1
2363,30278,7.126657061036472,10,0.64044875,1.329067587852478,1
2364,30293,10.830439461129547,15,0.640270625,1.620631754398346,1
2365,30303,8.753494751745318,10,0.640151875,1.4720225930213928,1
2366,30311,6.195722476509171,8,0.640056875,1.1465592980384827,1
2367,30330,15.660430450375234,19,0.6398312500000001,1.7202878713607788,1
2368,30360,22.398966935407895,30,0.639475,1.6832500845193863,0
2369,30379,16.451395596667776,19,0.639249375,1.7906017899513245,1
2370,30403,18.57544499137296,24,0.638964375,1.4629329840342205,1
2371,30418,11.253307776925904,15,0.6387862500000001,1.8013249039649963,1
2372,30448,21.796787831253788,30,0.63843,1.4548838883638382,0
2373,30478,25.963847627870887,30,0.63807375,1.475368755204337,0
2374,30492,11.990129135782936,14,0.6379075000000001,1.6067675352096558,1
2375,30506,12.591164078721574,14,0.6377412499999999,1.329430878162384,1
2376,30511,3.9572014196905787,5,0.637681875,1.5224552154541016,1
2377,30516,3.56248189876368,5,0.6376225,1.067345917224884,1
2378,30546,22.71412252830786,30,0.6372662499999999,1.419853346688407,0
2379,30554,6.955056842892072,8,0.63717125,1.7159144878387451,1
2380,30584,22.23279712064128,30,0.636815,1.6323108226060867,0
2381,30606,16.737909872234116,22,0.63655375,1.3225528240203857,1
2382,30612,4.7565087221514,6,0.6364825000000001,1.839103102684021,1
2383,30620,6.756465413314504,8,0.6363875000000001,1.564444899559021,1
2384,30625,3.3694256351595744,5,0.636328125,1.7276681661605835,1
2385,30655,21.56929911182026,30,0.6359718750000001,1.5021394831793649,0
2386,30658,1.9602091714909529,3,0.6359362500000001,0.7085347175598145,1
2387,30672,12.244370339673148,14,0.63577,1.385775089263916,1
2388,30677,3.5955702300084345,5,0.635710625,1.5540748834609985,1
2389,30681,2.761345535127316,4,0.635663125,0.9701991677284241,1
2390,30695,10.732268390847437,14,0.6354968750000001,1.5048857927322388,1
2391,30703,6.65367270827026,8,0.635401875,1.4959291219711304,1
2392,30706,1.9583725634928275,3,0.6353662499999999,1.217286229133606,1
2393,30711,3.572494635347904,5,0.635306875,1.2760841846466064,1
2394,30717,4.955315710453062,6,0.635235625,1.5134640336036682,1
2395,30747,24.07759028358021,30,0.634879375,1.3140057836260115,0
2396,30764,15.585753457362145,17,0.6346775,1.2984761714935302,1
2397,30772,6.556433936141696,8,0.6345825,1.4096271395683289,1
2398,30793,16.223044694914943,21,0.634333125,1.4464703321456909,1
2399,30814,15.968134582304081,21,0.6340837500000001,1.2746912002563477,1
2400,30844,24.854536277291416,30,0.6337275,1.7794331014156342,0
2401,30862,13.942258579601214,18,0.6335137500000001,1.65866619348526,1
2402,30868,4.163498094249683,6,0.6334425,1.45252126455307,1
2403,30876,6.189774893765215,8,0.6333475,1.3707789778709412,1
2404,30906,26.450395034950425,30,0.6329912500000001,1.3686184968267168,0
2405,30921,11.885193596079436,15,0.632813125,1.826709270477295,1
2406,30928,5.756225459704037,7,0.63273,1.367181658744812,1
2407,30943,12.23876502876242,15,0.632551875,1.4554505348205566,1
2408,30973,24.69827853622351,30,0.632195625,1.2473753988742828,0
2409,30982,6.402774864518668,9,0.6320887500000001,1.6649941802024841,1
2410,31005,20.752380911562803,23,0.631815625,1.204890211423238,1
2411,31020,9.939858247390234,15,0.6316375000000001,1.596895307302475,1
2412,31043,18.088875520810777,23,0.631364375,1.738313865661621,1
2413,31049,4.987589513606995,6,0.631293125,0.9725411534309387,1
2414,31066,13.046982228669858,17,0.6310912500000001,1.5389702022075653,1
2415,31069,1.8506628148587114,3,0.631055625,1.6185914278030396,1
2416,31099,21.445606731344775,30,0.6306993750000001,1.419294800077166,0
2417,31109,8.197836970399992,10,0.630580625,1.441766659418742,1
2418,31139,21.988334475870026,30,0.6302243750000001,1.1861147795404707,0
2419,31152,10.010226622805742,13,0.63007,1.6995780766010284,1
2420,31160,6.404027192854412,8,0.629975,1.3174606561660767,1
2421,31190,20.454545454545464,30,0.62961875,1.442605631692069,0
2422,31195,3.0491953842710338,5,0.629559375,1.1518934965133667,1
2423,31208,10.388649816644284,13,0.629405,1.3020315617322922,1
2424,31212,2.5682892715232106,4,0.6293575,1.3637230396270752,1
2425,31242,24.54119435929936,30,0.62900125,1.4281280551637923,0
2426,31261,14.00518378103639,19,0.6287756250000001,1.834177803993225,1
2427,31269,5.539766713563877,8,0.628680625,1.459641456604004,1
2428,31282,8.802062029944178,13,0.62852625,1.372263232866923,1
2429,31312,23.210958836275324,30,0.62817,1.417105756700039,0
2430,31321,7.5911807692198625,9,0.628063125,1.8503209352493286,1
2431,31344,20.286622522516705,23,0.6277900000000001,1.3963318467140198,1
2432,31346,0.9660165442504834,2,0.6277662500000001,nan,1
2433,31355,7.006210917278731,9,0.627659375,1.6272168159484863,1
2434,31362,4.8143500155604615,7,0.62757625,1.1995060741901398,1
2435,31383,18.006309240810893,21,0.6273268750000001,1.3902793645858764,1
2436,31395,8.377231846141841,12,0.627184375,1.36600927511851,1
2437,31399,2.3993434037758172,4,0.627136875,1.54127836227417,1
2438,31417,13.692867109651742,18,0.626923125,1.4235157012939452,1
2439,31447,24.067758211875987,30,0.626566875,1.5028336218425207,0
2440,31456,6.969454772119525,9,0.62646,1.7472521861394246,1
2441,31471,12.258137192076974,15,0.6262818750000001,1.7140130201975505,1
2442,31490,14.96904096458,19,0.62605625,1.4429046154022216,1
2443,31511,15.936953204140165,21,0.6258068750000001,1.2981424808502198,1
2444,31541,23.945557557630387,30,0.625450625,1.533642329275608,0
2445,31558,11.193299309349083,17,0.62524875,1.3731189668178558,1
2446,31571,10.120369176578148,13,0.625094375,1.3566462596257527,1
2447,31597,18.67119641951013,26,0.624785625,1.4703300084386552,1
2448,31610,11.55112488547447,13,0.62463125,1.6532409985860188,1
2449,31618,6.587512992097109,8,0.62453625,1.5849186182022095,1
2450,31630,10.362292228067734,12,0.6243937500000001,1.46921972433726,1
2451,31636,4.7216157624585,6,0.6243225,1.3437027335166931,1
2452,31666,24.215223950668427,30,0.6239662500000001,1.7387488569532121,0
2453,31670,2.9573710298187494,4,0.6239187500000001,1.9278277158737183,1
2454,31694,18.179825727125426,24,0.62363375,1.3081875244776409,1
2455,31724,22.39729037367422,30,0.6232774999999999,1.4821351021528244,0
2456,31740,14.16131758915501,16,0.6230875,1.0909259915351868,1
2457,31770,25.093607524101497,30,0.62273125,1.3635001352855138,0
2458,31780,8.000412718341764,10,0.6226125,1.6644340356190999,1
2459,31810,22.949560650632055,30,0.62225625,1.420731885092599,0
2460,31840,24.15902051876563,30,0.6219,1.3839974850416183,0
2461,31848,5.795058137829617,8,0.6218049999999999,1.3228528499603271,1
2462,31857,7.844969672139808,9,0.621698125,1.6467148661613464,1
2463,31869,9.448311984606686,12,0.6215556250000001,1.4454623063405354,1
2464,31875,4.245396139371078,6,0.6214843750000001,1.5695022344589233,1
2465,31886,9.080061175962408,11,0.6213537499999999,1.193265398343404,1
2466,31903,15.000372152369737,17,0.621151875,1.285854086279869,1
2467,31909,4.953729687163648,6,0.621080625,1.4235872030258179,1
2468,31927,15.3603479851293,18,0.620866875,1.4711993038654327,1
2469,31933,5.119686534292752,6,0.620795625,1.3818068504333496,1
2470,31957,18.785747732399795,24,0.6205106250000001,1.644110898176829,1
2471,31987,24.817925903034322,30,0.620154375,1.3484252180371965,0
2472,31991,2.957376534134098,4,0.6201068750000001,1.0958867073059082,1
2473,31995,2.3993286500746023,4,0.6200593750000001,0.9658688306808472,1
2474,32000,3.9590471683324666,5,0.62,1.3547844290733337,1
2475,32008,6.124747283106575,8,0.6199049999999999,1.7869938611984253,1
2476,32021,10.597594668493123,13,0.619750625,1.541882077852885,1
2477,32027,4.35767038612299,6,0.619679375,0.9895505905151367,1
2478,32057,22.607681814233924,30,0.619323125,1.7486685812473297,0
2479,32067,8.989439823218717,10,0.619204375,1.5892271995544434,1
2480,32073,4.595443961645915,6,0.6191331250000001,1.4923538565635681,1
2481,32081,5.212120208604216,8,0.6190381250000001,1.2286434769630432,1
2482,32089,6.557862080119432,8,0.618943125,1.667587697505951,1
2483,32109,14.84408939947187,20,0.618705625,1.5553297519683837,1
2484,32121,9.605556331839958,12,0.6185631250000001,1.451783259709676,1
2485,32151,23.677318942407872,30,0.618206875,1.43380948475429,0
2486,32160,7.788856190554649,9,0.6181,1.2769309282302856,1
2487,32165,3.9553723585150364,5,0.618040625,1.4684903621673584,1
2488,32179,10.52341794189817,14,0.617874375,1.4737366437911987,1
2489,32183,2.766160496208155,4,0.617826875,1.7935614585876465,1
2490,32192,6.9626629350412275,9,0.61772,1.463793198267619,1
2491,32222,23.225704048394952,30,0.61736375,1.3443134682519096,0
2492,32239,11.827451218780073,17,0.6171618750000001,1.8835231065750122,1
2493,32254,13.955583344504195,15,0.6169837499999999,1.717529535293579,1
2494,32284,25.811279192702678,30,0.6166275,1.5387194156646729,0
2495,32305,14.548853567005583,21,0.616378125,1.6674257278442384,1
2496,32309,2.2488844296919193,4,0.616330625,1.0313897132873535,1
2497,32317,6.362456259241557,8,0.6162356250000001,1.2786436676979065,1
2498,32347,22.833123670005286,30,0.615879375,1.5061676842825753,0
2499,32353,4.959018187143877,6,0.615808125,1.3452091217041016,1
2500,32368,11.654579571649187,15,0.61563,1.5366078317165375,1
2501,32382,9.983198384124227,14,0.61546375,1.6041324933369954,1
2502,32408,22.441830449160374,26,0.615155,1.4820526497704642,1
2503,32415,4.2908932692395485,7,0.615071875,1.207777500152588,1
2504,32433,14.376033860549363,18,0.614858125,1.901772403717041,1
2505,32449,12.217873255292053,16,0.614668125,1.694150984287262,1
2506,32455,4.5949272283056075,6,0.614596875,1.489680528640747,1
2507,32476,15.909806707060838,21,0.6143475,1.560115893681844,1
2508,32488,9.442790322815046,12,0.614205,1.5574427048365276,1
2509,32518,22.72313290845922,30,0.61384875,1.3516727771077837,0
2510,32531,11.168124196388808,13,0.613694375,1.5018791755040486,1
2511,32547,14.039721921266816,16,0.613504375,1.624057799577713,1
2512,32565,13.658388788188004,18,0.6132906250000001,1.662019395828247,1
2513,32588,19.49262524494279,23,0.6130175,1.389284074306488,1
2514,32601,9.967492291861609,13,0.6128631250000001,1.6898813247680664,1
2515,32603,0.9660165442504834,2,0.6128393750000001,nan,1
2516,32615,9.19846949994026,12,0.612696875,1.6184393167495728,1
2517,32628,9.894226358524158,13,0.6125425,1.1662870049476624,1
2518,32637,6.01732249936664,9,0.612435625,2.0199652314186096,1
2519,32645,5.489559244054269,8,0.6123406250000001,1.6927247643470764,1
2520,32663,16.351069636230616,18,0.612126875,1.8063890635967255,1
2521,32676,10.318441892612334,13,0.6119725,1.610307216644287,1
2522,32694,16.94814916880172,18,0.61175875,1.5868877470493317,1
2523,32708,12.447213916948836,14,0.6115925,1.3270934522151947,1
2524,32723,13.52273554433738,15,0.6114143750000001,1.7648003896077473,1
2525,32746,21.198230713429147,23,0.61114125,1.4081786672274272,1
2526,32776,22.355751889503633,30,0.610785,1.4507504105567932,0
2527,32799,20.276518986029256,23,0.610511875,1.4080952405929565,1
2528,32810,8.05597275485539,11,0.61038125,1.6808244387308757,1
2529,32840,21.718397900873896,30,0.610025,1.393085926771164,0
2530,32850,7.7927573160266,10,0.60990625,2.407149076461792,1
2531,32880,24.023287623915003,30,0.60955,1.3999520987272263,1
2532,32884,2.9246453406454975,4,0.6095025000000001,0.7611803412437439,1
2533,32896,9.687937136467204,12,0.60936,1.4173433383305867,1
2534,32923,22.5702202896981,27,0.609039375,1.5943206350008647,1
2535,32928,3.756289207298002,5,0.6089800000000001,1.979223370552063,1
2536,32948,14.630276160423211,20,0.6087425,1.1667723536491394,1
2537,32952,2.401190587607902,4,0.608695,1.3451693058013916,1
2538,32956,2.3974713947814035,4,0.6086475,2.2288689613342285,1
2539,32960,2.3974713947814035,4,0.6086,1.7641291618347168,1
2540,32974,13.277194032013352,14,0.60843375,1.9472119808197021,1
2541,32979,3.0921604461726497,5,0.608374375,1.9221820831298828,1
2542,33003,18.226707922709966,24,0.608089375,1.4166040023167927,1
2543,33011,5.595338275515053,8,0.6079943750000001,1.4260162711143494,1
2544,33025,10.09203787026057,14,0.6078281249999999,1.5245066285133362,1
2545,33034,6.0063221795051405,9,0.60772125,1.590924322605133,1
2546,33042,6.75448208175574,8,0.60762625,1.2487409114837646,1
2547,33060,16.160126367318984,18,0.6074125,1.6744881629943849,1
2548,33071,9.75301883552078,11,0.607281875,1.2521873712539673,1
2549,33078,4.8045825388653345,7,0.60719875,1.5797109007835388,1
2550,33102,21.58802953395354,24,0.60691375,1.744289259115855,1
2551,33125,20.476911938121994,23,0.606640625,1.628307004769643,1
2552,33140,13.195956131360722,15,0.6064625,1.3909398019313812,1
2553,33151,8.875602773789039,11,0.606331875,1.8166471123695374,1
2554,33164,11.585505316873492,13,0.6061775,1.9719646871089935,1
2555,33173,6.519360633269668,9,0.6060706250000001,2.229109525680542,1
2556,33179,4.560475049361671,6,0.6059993750000001,1.449816107749939,1
2557,33191,10.754506090322234,12,0.605856875,1.784332315127055,1
2558,33208,11.625159530621914,17,0.605655,1.5676367044448853,1
2559,33221,9.39905042908226,13,0.605500625,1.5782285928726196,1
2560,33232,8.791584583334245,11,0.60537,1.4691681861877441,1
2561,33243,9.85339988180827,11,0.605239375,2.1838021278381348,1
2562,33250,5.911596905957106,7,0.6051562500000001,1.6935433149337769,1
2563,33266,12.44584268193778,16,0.60496625,1.2973876595497131,1
2564,33270,2.6012803155940354,4,0.60491875,2.207709789276123,1
2565,33284,10.251238200177232,14,0.6047525,1.7559056282043457,1
2566,33293,7.849873492671875,9,0.6046456250000001,1.7476129531860352,1
2567,33312,17.351338613906357,19,0.60442,1.841910433769226,1
2568,33316,2.1625542239715383,4,0.6043725,0.7445284128189087,1
2569,33326,7.173248929759757,10,0.60425375,1.6326881051063538,1
2570,33330,2.3993434037758172,4,0.6042062500000001,1.2398070096969604,1
2571,33343,10.53228958834645,13,0.604051875,1.63188370068868,1
2572,33370,22.108223862176263,27,0.60373125,1.4661927563803536,1
2573,33391,19.196171340882714,21,0.603481875,1.9772135257720946,1
2574,33397,4.957177290232426,6,0.603410625,1.6383432149887085,1
2575,33417,16.123674303616028,20,0.6031731250000001,1.5628644227981567,1
2576,33420,1.9583725634928275,3,0.6031375,1.8340710401535034,1
2577,33450,23.21128861090156,30,0.60278125,1.740799103464399,1
2578,33464,10.766600056054356,14,0.602615,1.4037940800189972,1
2579,33470,4.957172438484455,6,0.60254375,1.6986007690429688,1
2580,33472,1.2765543816746459,2,0.60252,1.0907704830169678,1
2581,33477,3.758512897770461,5,0.602460625,1.1631970405578613,1
2582,33483,4.957168006567855,6,0.602389375,1.8117185831069946,1
2583,33513,21.45388545021922,30,0.602033125,1.4257078021764755,0
2584,33519,4.1612323365560515,6,0.601961875,1.6442387104034424,1
2585,33524,3.754165427949742,5,0.6019025,1.380198895931244,1
2586,33554,22.8621014451411,30,0.60154625,1.630094289779663,0
2587,33560,4.656620809796087,6,0.601475,1.5551509857177734,1
2588,33562,0.9660165442504834,2,0.60145125,nan,1
2589,33570,6.915991050880507,8,0.60135625,0.9711242318153381,1
2590,33592,16.77318876212568,22,0.601095,1.3091986378033955,1
2591,33615,19.524520224322114,23,0.6008218750000001,1.318774437904358,1
2592,33631,12.523364642168822,16,0.6006318749999999,1.8217207491397858,1
2593,33641,6.809259982067347,10,0.600513125,1.492598017056783,1
2594,33666,19.269134521369622,25,0.60021625,1.6300437450408936,1
2595,33670,2.3989825583753617,4,0.60016875,1.6836330890655518,1
2596,33683,10.849030582445023,13,0.600014375,1.9436674118041992,1
2597,33700,14.356710518615518,17,0.5998125000000001,1.8454137563705444,1
2598,33703,1.9602091714909529,3,0.5997768750000001,nan,1
2599,33710,5.872766480183625,7,0.59969375,1.4375516176223755,1
2600,33740,24.859047452419393,30,0.5993375000000001,1.4750747084617615,0
2601,33747,5.5592517156721115,7,0.5992543750000001,1.6874785423278809,1
2602,33757,8.757918490298962,10,0.599135625,1.2816239992777507,1
2603,33764,5.95532657664769,7,0.5990525,1.6423784494400024,1
2604,33774,8.398132154454794,10,0.59893375,1.20351243019104,1
2605,33777,1.6000371704030871,3,0.5988981250000001,2.0449059009552,1
2606,33791,11.756681068284948,14,0.5987318749999999,2.1550007661183677,1
2607,33805,11.958383564315902,14,0.598565625,1.8883886933326721,1
2608,33814,7.95717132690188,9,0.59845875,1.7645840644836426,1
2609,33830,11.48950122720088,16,0.59826875,1.521312803030014,1
2610,33853,17.676387238753264,23,0.597995625,1.5373905897140503,1
2611,33863,8.920842513505118,10,0.5978768750000001,1.5962826609611511,1
2612,33865,1.1985551664893401,2,0.5978531250000001,1.672942042350769,1
2613,33891,19.753113673107528,26,0.597544375,1.4268622795740764,1
2614,33898,5.95717232116616,7,0.59746125,2.000504791736603,1
2615,33928,22.677098744198073,30,0.597105,1.6826942265033722,0
2616,33954,18.417844124707603,26,0.59679625,1.3807458281517029,1
2617,33972,12.508070014386448,18,0.5965825,1.6459458112716674,1
2618,33978,3.9959742442916064,6,0.59651125,0.9850863218307495,1
2619,34008,22.99510238769413,30,0.596155,1.7135378420352936,0
2620,34011,1.7953289908768333,3,0.596119375,nan,1
2621,34026,13.350430398285312,15,0.5959412500000001,1.9563746750354767,1
2622,34048,17.25543903458443,22,0.59568,1.767621636390686,1
2623,34078,24.272997195008625,30,0.59532375,1.3711856263024467,0
2624,34085,5.76015455078024,7,0.595240625,1.6338367462158203,1
2625,34094,7.582912928758587,9,0.59513375,1.40854811668396,1
2626,34103,6.175436829275283,9,0.5950268750000001,0.714587539434433,1
2627,34133,22.99721123730058,30,0.594670625,2.0928026363253593,0
2628,34149,12.178263473445192,16,0.5944806250000001,1.580839991569519,1
2629,34158,7.758298450399409,9,0.59437375,1.8808137774467468,1
2630,34165,5.567098287176134,7,0.594290625,1.6223590970039368,1
2631,34188,21.550728963345243,23,0.5940175000000001,1.4899746775627136,1
2632,34192,2.5660591737676812,4,0.59397,1.74446702003479,1
2633,34200,7.078331271789804,8,0.593875,1.507422924041748,1
2634,34208,5.450162749000519,8,0.59378,1.901776671409607,1
2635,34221,9.806249609232326,13,0.593625625,1.938352386156718,1
2636,34224,1.7649228101313175,3,0.5935900000000001,2.0635814666748047,1
2637,34254,22.20212204573694,30,0.59323375,1.9927708080836706,0
2638,34256,1.1962425239963657,2,0.59321,1.0618085861206055,1
2639,34286,23.59968990084415,30,0.59285375,1.7531591653823853,0
2640,34288,0.9660165442504834,2,0.59283,0.8786203861236572,1
2641,34318,24.422443012238237,30,0.59247375,1.5229238527161735,0
2642,34333,11.411805521192834,15,0.592295625,1.837224543094635,1
2643,34340,5.959013234599721,7,0.5922125,1.5613632202148438,1
2644,34353,11.754573580558208,13,0.5920581250000001,1.1592063506444295,1
2645,34364,9.950022727854606,11,0.5919275,1.7169175545374553,1
2646,34378,12.194473162268208,14,0.59176125,1.2773137489954631,1
2647,34408,25.21115302982398,30,0.591405,1.6983291059732437,0
2648,34414,4.980606366486289,6,0.59133375,1.0137054920196533,1
2649,34426,8.531793154590014,12,0.5911912500000001,1.5148478349049885,1
2650,34433,5.358680507221267,7,0.5911081250000001,1.7506354451179504,1
2651,34463,23.22625439163531,30,0.590751875,1.5574511800493513,0
2652,34473,7.138533036903193,10,0.5906331250000001,1.206037958463033,1
2653,34480,4.814500470074902,7,0.59055,1.2195549607276917,1
2654,34510,25.684334725309945,30,0.5901937500000001,1.464347583906991,0
2655,34515,3.1952856061075727,5,0.5901343750000001,1.6217120885849,1
2656,34520,3.4075139079838523,5,0.590075,1.5276037454605103,1
2657,34522,0.9850976595546611,2,0.59005125,nan,1
2658,34544,19.44618208416879,22,0.58979,1.4695644974708557,1
2659,34547,1.6000371704030871,3,0.589754375,nan,1
2660,34555,6.1941365069475065,8,0.5896593750000001,1.1534391939640045,1
2661,34559,3.0477004397774534,4,0.589611875,2.627842903137207,1
2662,34568,6.3641672227704404,9,0.5895050000000001,1.8920880953470867,1
2663,34583,11.852393238553358,15,0.589326875,1.7065591017405193,1
2664,34613,28.746456583896535,30,0.588970625,1.6546213030815125,0
2665,34631,15.168229965329518,18,0.5887568750000001,1.225811094045639,1
2666,34636,3.9572063683176055,5,0.5886975000000001,1.8082330226898193,1
2667,34650,10.173723862097694,14,0.5885312500000001,1.7980633974075317,1
2668,34671,18.360006638319522,21,0.5882818750000001,1.354303205013275,1
2669,34675,2.761345535127316,4,0.5882343750000001,1.0287761688232422,1
2670,34681,4.758342731953968,6,0.588163125,1.242002785205841,1
2671,34705,21.751563329730487,24,0.587878125,1.3981321652730305,1
2672,34732,22.28887169026415,27,0.5875575,1.4825942175728934,1
2673,34736,2.761345535127316,4,0.58751,1.5040814876556396,1
2674,34743,5.9571636464636555,7,0.587426875,1.4543147087097168,1
2675,34757,12.08231234092331,14,0.5872606250000001,1.4732243716716766,1
2676,34787,27.62097334552641,30,0.586904375,1.5055362326758248,0
2677,34798,9.955583345379036,11,0.5867737500000001,1.2913085023562114,1
2678,34801,1.9851664053911855,3,0.586738125,1.5746095180511475,1
2679,34831,25.73459829379877,30,0.586381875,1.5447186487061637,0
2680,34835,3.1958220062021736,4,0.5863343750000001,1.4968284368515015,1
2681,34851,13.364400036603056,16,0.5861443749999999,1.551192730665207,1
2682,34867,12.76829503347886,16,0.585954375,1.6655655801296234,1
2683,34878,8.998581076419612,11,0.5858237500000001,1.3938877582550049,1
2684,34897,16.993003448102158,19,0.585598125,1.7874355554580688,1
2685,34904,4.804599678516992,7,0.585515,1.3604034185409546,1
2686,34924,18.07235156535056,20,0.5852775,1.7207446694374084,1
2687,34938,13.102534708522832,14,0.58511125,1.7975807189941406,1
2688,34967,23.665780221418636,29,0.584766875,1.723967739513942,1
2689,34981,12.54507694373435,14,0.584600625,1.56131511926651,1
2690,34994,10.915040741123606,13,0.5844462500000001,1.3470273812611897,1
2691,35001,5.756717331360422,7,0.584363125,1.7469367980957031,1
2692,35024,16.22869132571728,23,0.58409,1.6323991616566975,1
2693,35033,7.325110858576295,9,0.583983125,1.596820592880249,1
2694,35044,8.759330591500074,11,0.5838525000000001,1.7443141142527263,1
2695,35054,8.205057158514663,10,0.58373375,1.6299360394477844,1
2696,35059,3.8530276932353416,5,0.583674375,1.317136526107788,1
2697,35063,2.5682892715232106,4,0.583626875,0.990754246711731,1
2698,35066,1.6000542239715385,3,0.58359125,1.5710432529449463,1
2699,35096,25.56373031008394,30,0.5832350000000001,1.7708871960639954,0
2700,35107,9.363612289957475,11,0.583104375,1.8456157445907593,1
2701,35134,19.987423269394565,27,0.58278375,1.4134193318230766,1
2702,35145,8.408892336422525,11,0.582653125,1.192100505034129,1
2703,35175,27.27399609018922,30,0.5822968749999999,1.5457015463284083,0
2704,35205,28.750004462887304,30,0.581940625,1.649842992424965,0
2705,35216,8.997284792862224,11,0.58181,1.9161021709442139,1
2706,35225,7.204341784704815,9,0.581703125,1.7161082029342651,1
2707,35246,16.649723662644174,21,0.5814537500000001,1.7896871089935302,1
2708,35271,17.591000222870413,25,0.581156875,1.7983031074206035,1
2709,35292,16.369278125322445,21,0.5809075,1.5809491674105327,1
2710,35297,4.050589732739178,5,0.5808481249999999,1.2564196586608887,1
2711,35300,1.7671529078868469,3,0.5808125000000001,2.1143720149993896,1
2712,35320,15.95190504232295,20,0.5805750000000001,1.4579366207122804,1
2713,35333,9.570752687471302,13,0.580420625,1.6101758082707722,1
2714,35344,9.004345761259373,11,0.58029,1.8588913679122925,1
2715,35353,6.283730399665101,9,0.580183125,1.7919371724128723,1
2716,35383,25.641373718905058,30,0.579826875,1.8264823385647364,1
2717,35396,10.006833405714577,13,0.5796725,1.6886886060237885,1
2718,35402,4.957172438484455,6,0.5796012500000001,1.8631646633148193,1
2719,35411,7.752651257915228,9,0.579494375,1.631947636604309,1
2720,35423,11.112396035945258,12,0.579351875,1.5986674626668294,1
2721,35442,14.380988391004673,19,0.5791262500000001,1.8349332094192505,1
2722,35445,1.9229140799234825,3,0.579090625,2.55841064453125,1
2723,35447,1.2765543816746459,2,0.579066875,nan,1
2724,35454,5.758308802120818,7,0.57898375,1.9833916425704956,1
2725,35468,9.687857636879722,14,0.5788175,2.0788548290729523,1
2726,35486,16.197139538651488,18,0.5786037500000001,1.7026645243167877,1
2727,35512,21.172893765335704,26,0.578295,1.923259241240365,1
2728,35526,11.764452481564895,14,0.5781287500000001,1.7317678133646648,1
2729,35552,22.197568791427308,26,0.57782,1.4053127254758562,1
2730,35560,7.074901701775365,8,0.577725,1.437807857990265,1
2731,35577,13.766469952740906,17,0.577523125,1.6997727155685425,1
2732,35581,2.3993434037758172,4,0.5774756249999999,1.4432300329208374,1
2733,35591,8.75053099801308,10,0.577356875,1.6570212244987488,1
2734,35593,0.8546481305199806,2,0.577333125,1.5762907266616821,1
2735,35604,7.998048388793269,11,0.5772025000000001,2.0957632064819336,1
2736,35607,1.5974290027069835,3,0.5771668750000001,nan,1
2737,35619,7.9509548987609495,12,0.577024375,1.6655385096867878,1
2738,35631,10.953472231639232,12,0.576881875,1.8390238285064697,1
2739,35649,15.330405999988375,18,0.576668125,1.7587733268737793,1
2740,35658,7.1255288262128404,9,0.57656125,2.362196922302246,1
2741,35660,1.0508547873237735,2,0.5765375,1.7162543535232544,1
2742,35669,6.290918820230213,9,0.576430625,2.1081924438476562,1
2743,35672,1.8533010004734138,3,0.576395,1.9275256395339966,1
2744,35687,12.963052799526094,15,0.5762168750000001,1.7913732528686523,1
2745,35690,1.9602091714909529,3,0.5761812500000001,2.3272976875305176,1
2746,35698,5.961034011411049,8,0.57608625,1.926009476184845,1
2747,35712,12.551670761551733,14,0.57592,1.5660839974880219,1
2748,35718,4.999537377869891,6,0.57584875,1.4006527662277222,1
2749,35729,9.3634698250726,11,0.5757181250000001,1.4661246140797932,1
2750,35748,16.003045493730514,19,0.5754925,1.7132066011428833,1
2751,35760,8.685415294617428,12,0.57535,1.9241266250610352,1
2752,35776,14.755565877644864,16,0.5751600000000001,1.4101245403289795,1
2753,35785,7.364147645108916,9,0.5750531249999999,1.5528483986854553,1
2754,35795,7.4085670399999355,10,0.574934375,1.463706135749817,1
2755,35801,4.9555822299708,6,0.574863125,1.416062206029892,1
2756,35815,12.468703333335311,14,0.574696875,1.4568687677383423,1
2757,35829,10.684842027626088,14,0.574530625,1.6109826266765594,1
2758,35843,12.352567176709323,14,0.574364375,1.5837944348653157,1
2759,35852,7.758307835648623,9,0.5742575000000001,1.8608839511871338,1
2760,35871,13.860209167555427,19,0.574031875,1.1200412958860397,1
2761,35883,9.883280458973864,12,0.573889375,1.6704135338465373,1
2762,35894,9.847425946213313,11,0.5737587500000001,1.7003258069356282,1
2763,35903,6.658848196660266,9,0.573651875,1.5900614261627197,1
2764,35924,19.277191170989326,21,0.5734025,1.747199813524882,1
2765,35954,21.7308272021555,30,0.57304625,1.6640026484216963,0
2766,35957,1.9602091714909529,3,0.573010625,1.8089754581451416,1
2767,35968,7.131288036553379,11,0.5728800000000001,1.830586036046346,1
2768,35979,9.155719279457587,11,0.572749375,1.7212160229682922,1
2769,35995,13.397093898334749,16,0.572559375,1.6349294483661652,1
2770,36008,9.45102396680852,13,0.572405,1.5515751242637634,1
2771,36038,23.986873747606435,30,0.57204875,1.6655635493142265,0
2772,36043,3.5584089870422027,5,0.571989375,0.812848687171936,1
2773,36073,23.68171360407484,30,0.571633125,1.8532670885324478,0
2774,36095,16.88917553997285,22,0.5713718750000001,2.033571887016296,1
2775,36107,9.402725657569825,12,0.571229375,1.6886952718098958,1
2776,36112,3.75812300647113,5,0.57117,1.339538812637329,1
2777,36120,6.403204719365024,8,0.571075,1.4696232080459595,1
2778,36130,8.957162630788783,10,0.57095625,2.1593624353408813,1
2779,36136,5.193686175150352,6,0.5708850000000001,1.7151931524276733,1
2780,36156,16.403958478246537,20,0.5706475,1.6176335334777832,1
2781,36167,9.393665877553541,11,0.570516875,1.8143489360809326,1
2782,36181,12.314629044475067,14,0.570350625,2.0312746167182922,1
2783,36186,3.1974956936453833,5,0.57029125,1.5765624046325684,1
2784,36197,9.169835534316155,11,0.570160625,1.5868401527404785,1
2785,36214,15.277149501173385,17,0.5699587500000001,1.6477600038051605,1
2786,36221,5.758304962662924,7,0.569875625,1.4116520881652832,1
2787,36251,20.571645133062454,30,0.569519375,1.639942237309047,0
2788,36271,16.521657153928896,20,0.569281875,1.3823219299316407,1
2789,36301,20.73643945502548,30,0.568925625,1.7800087854266167,0
2790,36308,5.957167485940297,7,0.5688425,1.48360937833786,1
2791,36333,20.655583455313234,25,0.568545625,1.5551394422849019,1
2792,36363,23.226257274986718,30,0.568189375,1.5454265645572118,0
2793,36385,18.842972109911866,22,0.567928125,1.7131802638371785,1
2794,36405,16.083608352070303,20,0.567690625,1.6250482320785522,1
2795,36435,22.096560101249494,30,0.567334375,1.743833030973162,0
2796,36442,5.325818788602338,7,0.56725125,1.6582658290863037,1
2797,36472,26.44485447360619,30,0.5668949999999999,1.765692874789238,1
2798,36481,7.645996011836892,9,0.566788125,1.7616710662841797,1
2799,36487,4.756112614600217,6,0.566716875,1.858804702758789,1
2800,36499,10.560610201367089,12,0.5665743750000001,1.38381822903951,1
2801,36506,5.756066748709668,7,0.5664912500000001,1.343987226486206,1
2802,36517,9.006610402079922,11,0.566360625,2.0930105447769165,1
2803,36522,2.932918046838266,5,0.56630125,1.0383387804031372,1
2804,36540,13.885741681302743,18,0.5660875000000001,1.6665437698364258,1
2805,36560,16.95890753452378,20,0.56585,1.6639580011367798,1
2806,36569,7.559469314844329,9,0.565743125,1.4171483516693115,1
2807,36599,21.055371348326087,30,0.565386875,1.5765379326684135,0
2808,36605,4.758342731953968,6,0.565315625,2.0947566628456116,1
2809,36635,22.95554520425428,30,0.564959375,1.5207529067993164,0
2810,36642,5.795836546537049,7,0.56487625,1.6484850645065308,1
2811,36647,3.197879235872698,5,0.564816875,1.100759506225586,1
2812,36651,2.403409090909091,4,0.564769375,1.8184469938278198,1
2813,36669,14.183522795070115,18,0.564555625,1.5647732257843017,1
2814,36684,12.488740411022844,15,0.5643775,1.7252008318901062,1
2815,36707,20.757670358474314,23,0.564104375,1.3681538105010986,1
2816,36737,23.26328747276359,30,0.563748125,1.9665068835020065,0
2817,36767,24.08244777441627,30,0.563391875,1.766791820526123,0
2818,36775,6.559055301794032,8,0.563296875,1.7767902612686157,1
2819,36778,1.9583725634928275,3,0.56326125,1.5899419784545898,1
2820,36808,25.99633557304797,30,0.562905,1.4468704983592033,0
2821,36837,24.327680807272376,29,0.562560625,1.729169522012983,1
2822,36862,22.981973308560082,25,0.5622637500000001,1.2680902481079102,1
2823,36873,8.554122839722535,11,0.562133125,1.743446707725525,1
2824,36879,4.173039427384857,6,0.562061875,2.284590005874634,1
2825,36893,12.757452424087676,14,0.561895625,1.7846676111221313,1
2826,36906,11.78526652221114,13,0.5617412500000001,1.9205784797668457,1
2827,36923,12.368909401276236,17,0.561539375,1.9716778695583344,1
2828,36938,9.716106206569,15,0.56136125,1.9487203359603882,1
2829,36954,14.19698173199621,16,0.5611712500000001,1.5222014486789703,1
2830,36980,19.843946643073267,26,0.5608625,1.820181097303118,1
2831,36995,13.751683379917905,15,0.560684375,1.179780125617981,1
2832,37003,6.957171472012259,8,0.5605893750000001,1.4271958470344543,1
2833,37024,15.23186606001637,21,0.5603400000000001,1.9578811526298523,1
2834,37050,19.335173339085557,26,0.56003125,1.7154210011164348,1
2835,37080,22.774789660909406,30,0.5596749999999999,1.7371235936880112,0
2836,37088,6.040557555626128,8,0.55958,1.3843241333961487,1
2837,37118,23.594732758420967,30,0.55922375,1.5869824716023035,0
2838,37129,7.022834639596456,11,0.559093125,1.570157488187154,1
2839,37148,17.153427669219635,19,0.5588675000000001,1.469511878490448,1
2840,37152,3.0522756612359205,4,0.5588200000000001,0.9169481992721558,1
2841,37162,8.756633977983277,10,0.5587012499999999,1.9938867092132568,1
2842,37170,6.879500722827384,8,0.55860625,1.4386462569236755,1
2843,37173,1.7953289908768333,3,0.558570625,1.6677978038787842,1
2844,37186,9.444837929241931,13,0.5584162500000001,1.865099827448527,1
2845,37211,17.19117456490079,25,0.558119375,1.8065894842147827,1
2846,37219,6.556075986856838,8,0.558024375,1.8487707376480103,1
2847,37224,3.9571975996624404,5,0.557965,1.7605224251747131,1
2848,37241,15.585661605275043,17,0.557763125,1.465625986456871,1
2849,37248,5.355922325204887,7,0.55768,1.3793756365776062,1
2850,37263,10.576083334276015,15,0.557501875,1.6563952763875325,1
2851,37284,17.680808397310365,21,0.5572524999999999,1.7116499543190002,1
2852,37288,2.403409090909091,4,0.557205,1.259880781173706,1
2853,37297,7.557602368331169,9,0.557098125,1.1506623029708862,1
2854,37308,9.59183116406736,11,0.5569675000000001,1.7523325681686401,1
2855,37330,18.28136123607215,22,0.55670625,1.8840344429016114,1
2856,37346,12.968127542790485,16,0.55651625,1.740925908088684,1
2857,37376,23.024009723561285,30,0.55616,1.6867405325174332,0
2858,37395,13.8573067750869,19,0.5559343750000001,2.0031174421310425,1
2859,37414,16.878947349226422,19,0.55570875,1.7042203664779663,1
2860,37444,24.37486447458565,30,0.5553525,1.8557724356651306,1
2861,37453,8.27719403710667,9,0.555245625,1.6567177772521973,1
2862,37463,8.362596700189421,10,0.555126875,1.5563836693763733,1
2863,37470,5.95717232116616,7,0.5550437500000001,2.0141165256500244,1
2864,37476,4.758337783326942,6,0.5549725000000001,2.012603759765625,1
2865,37506,22.19343234890151,30,0.55461625,1.936315928186689,0
2866,37518,11.120532330339758,12,0.5544737500000001,1.6363335847854614,1
2867,37546,21.461871764549528,28,0.55414125,1.4914999519075667,1
2868,37572,21.33426187803799,26,0.5538325,1.7568196739469255,1
2869,37583,9.362421479177284,11,0.553701875,1.4590071439743042,1
2870,37612,24.89462043317134,29,0.5533575,1.5997568368911743,1
2871,37633,18.915029523961515,21,0.5531081250000001,2.001179313659668,1
2872,37638,3.3671955374040445,5,0.5530487500000001,1.9713406562805176,1
2873,37653,12.560655466915845,15,0.5528706250000001,1.7733240127563477,1
2874,37658,3.953519466070628,5,0.55281125,1.372032880783081,1
2875,37681,17.499040530530586,23,0.5525381250000001,1.5035842657089233,1
2876,37696,13.754617167295994,15,0.55236,2.2128081023693085,1
2877,37719,18.2623721675681,23,0.5520868750000001,1.529500961303711,1
2878,37730,8.259095540684097,11,0.5519562499999999,1.9412461916605632,1
2879,37740,8.051184983553808,10,0.5518375,1.6707478165626526,1
2880,37770,23.99481934731548,30,0.5514812499999999,1.8003427641732352,0
2881,37775,3.591703225593266,5,0.5514218750000001,0.7178536057472229,1
2882,37784,7.366193978834708,9,0.551315,1.5887314081192017,1
2883,37797,11.00547727717107,13,0.5511606250000001,1.905719478925069,1
2884,37811,12.001047623512438,14,0.550994375,2.024836262067159,1
2885,37833,20.185090189127912,22,0.550733125,1.6778018077214558,1
2886,37846,10.656965549064914,13,0.55057875,1.5445424715677898,1
2887,37866,16.998707549174284,20,0.55034125,1.6087201118469239,1
2888,37874,5.492347218629892,8,0.55024625,1.3381246030330658,1
2889,37889,12.477912285642214,15,0.550068125,2.680065393447876,1
2890,37902,10.277601222674793,13,0.54991375,1.6300466060638428,1
2891,37910,6.353945523013889,8,0.54981875,1.7803348302841187,1
2892,37920,7.0452774118976365,10,0.5497000000000001,1.853389064470927,1
2893,37930,7.131299753655057,10,0.54958125,2.208434820175171,1
2894,37940,7.965716445648822,10,0.5494625,1.250275194644928,1
2895,37950,8.758298302761649,10,0.54934375,1.4140731394290924,1
2896,37980,21.837373919665474,30,0.5489875,1.6946843713521957,0
2897,37994,12.711149131246971,14,0.54882125,1.4234323501586914,1
2898,38018,18.4282166641935,24,0.54853625,1.6066444118817647,1
2899,38035,14.449768229301652,17,0.548334375,2.2690090239048004,1
2900,38046,8.962464362372843,11,0.54820375,1.2696429093678792,1
2901,38070,17.908238446979247,24,0.54791875,2.0089313983917236,1
2902,38078,6.392330064344563,8,0.54782375,2.0793325901031494,1
2903,38101,21.155529475669994,23,0.5475506250000001,1.4607988595962524,1
2904,38131,26.878943351304148,30,0.547194375,1.7825002670288086,0
2905,38150,14.959646600034285,19,0.54696875,1.6797117948532105,1
2906,38163,9.7640402112383,13,0.5468143750000001,1.443688988685608,1
2907,38188,21.9621428153791,25,0.5465175,1.3840830836977278,1
2908,38193,3.0921604461726497,5,0.546458125,1.981622338294983,1
2909,38203,8.950046432144525,10,0.5463393750000001,1.4479071497917175,1
2910,38208,3.9590471683324666,5,0.54628,1.9888338446617126,1
2911,38238,25.78219916482309,30,0.54592375,1.8827501705714635,0
2912,38247,6.141149520415913,9,0.5458168750000001,2.130485713481903,1
2913,38252,3.75812300647113,5,0.5457575,1.847813904285431,1
2914,38282,24.176328674541665,30,0.5454012500000001,1.853421585900443,0
2915,38291,7.011623014197576,9,0.5452943750000001,1.8390552997589111,1
2916,38321,20.656979856390635,30,0.544938125,1.7954436242580414,0
2917,38335,12.557227558123284,14,0.544771875,1.561203936735789,1
2918,38357,18.643115453279517,22,0.544510625,1.59872305393219,1
2919,38386,22.880786436711844,29,0.54416625,1.8284590073994227,1
2920,38407,14.507329107697505,21,0.5439168750000001,1.5981115579605103,1
2921,38412,3.9590471683324666,5,0.5438575,1.8448444604873657,1
2922,38422,8.406142586514948,10,0.5437387499999999,1.1754554510116577,1
2923,38452,21.77539912423846,30,0.5433825,1.7209455221891403,0
2924,38461,7.048147036601775,9,0.543275625,1.4904612302780151,1
2925,38473,9.462208031949801,12,0.543133125,1.767052173614502,1
2926,38488,12.30785245352258,15,0.5429550000000001,1.8228174149990082,1
2927,38494,4.5574194479557875,6,0.54288375,1.7876410484313965,1
2928,38498,2.403409090909091,4,0.54283625,1.3097275495529175,1
2929,38519,19.393270842794784,21,0.542586875,1.8179524183273315,1
2930,38524,3.3645686783256927,5,0.5425275,1.6863130927085876,1
2931,38545,17.31772548705303,21,0.542278125,1.5785213470458985,1
2932,38558,11.760149423824108,13,0.54212375,1.9736717542012532,1
2933,38565,5.991245938931546,7,0.542040625,1.1415892839431763,1
2934,38579,10.881938848316944,14,0.541874375,2.0359588066736856,1
2935,38590,9.5571990547218,11,0.54174375,1.978449781735738,1
2936,38614,22.74310238908,24,0.54145875,1.9593708316485088,1
2937,38628,12.756448564288046,14,0.5412925,1.8876333832740784,1
2938,38632,2.984049955389333,4,0.541245,1.659579873085022,1
2939,38651,17.151030227098673,19,0.5410193750000001,1.9992022514343262,1
2940,38656,3.214897722553548,5,0.54096,1.9871779680252075,1
2941,38665,7.561855378868263,9,0.540853125,2.200770378112793,1
2942,38668,1.9222645732545307,3,0.5408175,2.1909401416778564,1
2943,38686,14.424041925657463,18,0.54060375,1.6773850917816162,1
2944,38702,10.828615142892161,16,0.54041375,1.554101601243019,1
2945,38716,10.373051346895751,14,0.5402475,1.3999020159244537,1
2946,38729,11.198146373876824,13,0.5400931250000001,1.2259132464726765,1
2947,38743,10.2522301078999,14,0.539926875,1.7684447765350342,1
2948,38764,14.354663202802218,21,0.5396775,1.7578559418519337,1
2949,38794,23.823822235913873,30,0.53932125,1.6493713515145438,0
2950,38824,24.54363584923757,30,0.538965,1.571860909461975,0
2951,38845,15.970510590159071,21,0.538715625,1.7984240293502807,1
2952,38850,3.760353123448624,5,0.5386562500000001,1.771066427230835,1
2953,38861,9.155164616403386,11,0.538525625,1.1916627486546834,1
2954,38871,8.357155524862597,10,0.538406875,1.6296735405921936,1
2955,38885,10.716803436329403,14,0.538240625,1.6660765707492828,1
2956,38894,7.003748882804645,9,0.5381337500000001,2.1386932134628296,1
2957,38924,26.556966984577198,30,0.5377775,1.7861718833446503,0
2958,38928,2.8008278937620674,4,0.53773,1.3950227499008179,1
2959,38941,9.794998188177416,13,0.5375756250000001,1.8564887046813965,1
2960,38949,5.765316110538043,8,0.537480625,1.4205620884895325,1
2961,38952,1.7862340231910245,3,0.537445,1.342949628829956,1
2962,38961,6.51475343608295,9,0.537338125,1.5860086679458618,1
2963,38975,10.565049586154506,14,0.5371718750000001,1.7692768573760986,1
2964,38985,8.361517493011025,10,0.537053125,1.7263466517130535,1
2965,39000,13.204292673728226,15,0.536875,1.3537382632493973,1
2966,39012,10.54746445829058,12,0.5367325000000001,1.2024996280670166,1
2967,39028,14.076373354196933,16,0.5365425,1.6441730558872223,1
2968,39043,12.167854510300968,15,0.536364375,1.539711594581604,1
2969,39052,7.354644953462055,9,0.5362575,1.2142644723256428,1
2970,39059,4.816171667669233,7,0.5361743750000001,1.7029563188552856,1
2971,39066,5.191069463283701,7,0.53609125,1.7301248908042908,1
2972,39081,12.758056613371455,15,0.535913125,1.7323662787675858,1
2973,39083,0.9893852557928039,2,0.535889375,nan,1
2974,39109,22.00949502758171,26,0.535580625,1.8098194258553642,1
2975,39115,3.9968107465242575,6,0.535509375,2.0000874996185303,1
2976,39123,5.655503892072827,8,0.535414375,1.5923548936843872,1
2977,39129,4.955331902854784,6,0.535343125,1.47834312915802,1
2978,39140,9.002399336708208,11,0.5352125,1.626200556755066,1
2979,39152,8.770172316138664,12,0.53507,1.6620923678080242,1
2980,39161,7.875391162637611,9,0.534963125,1.4881372451782227,1
2981,39164,1.9602091714909529,3,0.5349275,1.6062865257263184,1
2982,39174,7.8832910094927335,10,0.53480875,1.6844118237495422,1
2983,39184,6.658906345361589,10,0.53469,1.8401261170705159,1
2984,39201,14.678249063217194,17,0.534488125,1.8480528891086578,1
2985,39211,8.979016919437623,10,0.534369375,2.066588282585144,1
2986,39218,5.557383936305974,7,0.5342862500000001,1.6383675336837769,1
2987,39223,3.3645623234014965,5,0.5342268750000001,1.196319818496704,1
2988,39253,22.7292540603646,30,0.533870625,1.6187630742788315,0
2989,39283,25.61235359631725,30,0.533514375,1.749690362385341,0
2990,39294,8.75465714430786,11,0.53338375,1.542655309041341,1
2991,39319,19.07250811827739,25,0.533086875,1.9388311902681987,1
2992,39323,2.403409090909091,4,0.533039375,2.0589990615844727,1
2993,39327,2.761345535127316,4,0.532991875,0.9897010326385498,1
2994,39357,23.184426970502336,30,0.532635625,1.6951781809329987,0
2995,39359,0.9163888583212717,2,0.532611875,nan,1
2996,39364,3.365349881197241,5,0.5325525,1.1769484877586365,1
2997,39387,16.547950358064465,23,0.5322793750000001,1.5610243916511535,1
2998,39395,6.39913970139446,8,0.532184375,1.1039708852767944,1
2999,39416,18.44231296438268,21,0.531935,1.8686246871948242,1
3000,39426,7.197981135291721,10,0.53181625,1.512995719909668,1
3001,39432,3.723983543283005,6,0.531745,1.6015467643737793,1
3002,39443,8.72041766136616,11,0.531614375,1.345004677772522,1
3003,39456,11.601075769637987,13,0.53146,1.804141491651535,1
3004,39459,1.9583725634928275,3,0.5314243750000001,nan,1
3005,39466,4.804599678516992,7,0.53134125,2.2291592359542847,1
3006,39485,15.970579375555728,19,0.531115625,1.7054757356643677,1
3007,39506,17.330335473785507,21,0.53086625,1.6775590658187867,1
3008,39536,23.64132769987903,30,0.53051,1.7782936245203018,0
3009,39550,12.564120054036021,14,0.53034375,1.4288275639216106,1
3010,39578,22.93405735531631,28,0.53001125,1.6269593749727522,1
3011,39585,5.95350016206473,7,0.5299281250000001,1.6012908816337585,1
3012,39608,17.491799098416827,23,0.529655,2.1595662434895835,1
3013,39633,18.84852946692683,25,0.5293581250000001,1.8406152228514354,1
3014,39658,20.363206677195866,25,0.52906125,1.8784106572469075,1
3015,39668,7.442534323428836,10,0.5289425,1.7879690726598103,1
3016,39673,3.7864867308848376,5,0.5288831250000001,0.975296676158905,1
3017,39680,5.75831365386879,7,0.5288,1.575452208518982,1
3018,39694,11.011564037836932,14,0.52863375,1.9571411609649658,1
3019,39724,26.59079607901024,30,0.5282775,2.0269895642995834,0
3020,39754,27.468201926812714,30,0.52792125,1.8522807359695435,0
3021,39766,9.763238427521708,12,0.52777875,2.0624456803003945,1
3022,39793,20.422954259310195,27,0.5274581250000001,1.9499290840966361,1
3023,39804,8.138878777419631,11,0.5273275,1.5702680746714275,1
3024,39818,12.756605474153888,14,0.52716125,1.528510590394338,1
3025,39841,20.00564127495925,23,0.5268881249999999,1.804397811492284,1
3026,39864,18.458805268049527,23,0.526615,1.5979378620783489,1
3027,39872,6.004545784107275,8,0.52652,1.714227318763733,1
3028,39902,28.545782138197076,30,0.52616375,1.8528800351279122,0
3029,39932,24.367322343598264,30,0.5258075,1.633278489112854,0
3030,39936,2.6566675217334694,4,0.52576,2.708411693572998,1
3031,39945,6.131487571943601,9,0.525653125,1.3643286228179932,1
3032,39971,22.760482899676003,26,0.525344375,1.5468441446622212,1
3033,40001,24.144682347756927,30,0.524988125,1.5670010149478912,0
3034,40009,6.358549715794839,8,0.5248931250000001,1.6325674653053284,1
3035,40025,14.360196986638815,16,0.524703125,1.6104642748832703,1
3036,40030,3.7923212284615007,5,0.5246437500000001,1.735923409461975,1
3037,40060,22.642030442930686,30,0.5242875,1.7415288090705872,0
3038,40063,1.9602091714909529,3,0.524251875,nan,1
3039,40075,10.157631488925873,12,0.524109375,1.9549915790557861,1
3040,40105,26.007356053498,30,0.523753125,2.0229141414165497,0
3041,40111,4.953990613240453,6,0.5236818750000001,2.1840152740478516,1
3042,40137,22.18586843545476,26,0.523373125,1.6944758210863387,1
3043,40142,3.4010205350989304,5,0.52331375,2.003502607345581,1
3044,40148,4.110433806869562,6,0.5232425,2.2759151458740234,1
3045,40150,0.9163888583212717,2,0.5232187500000001,nan,1
3046,40155,3.3671955374040445,5,0.523159375,1.7324494123458862,1
3047,40168,10.51960004299857,13,0.523005,1.8584124445915222,1
3048,40175,5.757924433802747,7,0.522921875,1.9014945030212402,1
3049,40188,10.599601769696818,13,0.5227675,1.722273737192154,1
3050,40208,14.899297278487618,20,0.5225299999999999,1.5997204780578613,1
3051,40220,9.234247339471839,12,0.5223875,1.9994579156239827,1
3052,40226,4.559259370107493,6,0.52231625,1.6174018383026123,1
3053,40256,28.356634608106447,30,0.52196,1.965781331062317,0
3054,40263,5.593044253188626,7,0.521876875,0.9517160654067993,1
3055,40288,18.509332289155918,25,0.5215799999999999,1.4498755420957292,1
3056,40297,7.784697566944878,9,0.521473125,1.8093557953834534,1
3057,40311,12.316705222331635,14,0.5213068750000001,1.812767465909322,1
3058,40324,11.953208130724898,13,0.5211525,1.94510218501091,1
3059,40331,5.78885768259787,7,0.521069375,2.4085865020751953,1
3060,40350,13.696240388676525,19,0.52084375,1.4629904508590699,1
3061,40357,4.646886177226344,7,0.520760625,1.8981534838676453,1
3062,40367,7.599023935124561,10,0.520641875,1.37122243642807,1
3063,40387,15.806919377416325,20,0.520404375,1.7596497535705566,1
3064,40394,6.123406240913151,7,0.5203212500000001,1.9329459071159363,1
3065,40424,23.939797770937187,30,0.519965,1.805353730916977,0
3066,40446,19.511832067004676,22,0.51970375,1.8216829776763916,1
3067,40455,6.517214918834336,9,0.5195968750000001,1.834473729133606,1
3068,40457,0.798917860335175,2,0.519573125,3.0227532386779785,1
3069,40461,2.9573710298187494,4,0.519525625,2.125917673110962,1
3070,40470,7.369226071531562,9,0.51941875,1.8154622316360474,1
3071,40474,2.761345535127316,4,0.5193712500000001,1.5894163846969604,1
3072,40484,7.33308806369559,10,0.5192525,1.667643626530965,1
3073,40487,1.9583725634928275,3,0.519216875,nan,1
3074,40508,18.398325847146236,21,0.5189675,1.883437951405843,1
3075,40528,16.29867060742845,20,0.5187299999999999,2.1891089916229247,1
3076,40532,2.9592167598122607,4,0.5186824999999999,1.3716634511947632,1
3077,40541,7.510051569528769,9,0.518575625,1.6701186299324036,1
3078,40546,3.9572063683176055,5,0.51851625,2.577713966369629,1
3079,40552,4.957177290232426,6,0.518445,1.8676774501800537,1
3080,40555,1.7649228101313175,3,0.5184093750000001,nan,1
3081,40558,1.7649228101313175,3,0.5183737500000001,2.8363990783691406,1
3082,40577,13.130573987612998,19,0.5181481250000001,1.6567612886428833,1
3083,40601,17.51226394197026,24,0.517863125,1.8509788314501445,1
3084,40623,16.223059245696877,22,0.5176018750000001,1.5122378945350647,1
3085,40629,4.168331901040409,6,0.517530625,1.9570069909095764,1
3086,40638,6.965862008484181,9,0.5174237500000001,1.4558326601982117,1
3087,40658,17.400585568494517,20,0.51718625,1.8277214646339417,1
3088,40666,6.953195363860984,8,0.51709125,1.3357644081115723,1
3089,40669,1.5982070401394535,3,0.517055625,1.8471342325210571,1
3090,40674,3.7984932818452477,5,0.51699625,1.6613667011260986,1
3091,40677,1.7671529078868469,3,0.5169606250000001,1.9788756370544434,1
3092,40692,12.607646071722511,15,0.5167824999999999,1.6111750900745392,1
3093,40700,5.605718902501691,8,0.5166875,2.278256893157959,1
3094,40707,5.55566547845088,7,0.516604375,1.5341284275054932,1
3095,40737,28.196346296727924,30,0.5162481250000001,1.6639420688152313,0
3096,40746,7.35835150696784,9,0.51614125,1.4966485500335693,1
3097,40755,7.593038454312943,9,0.516034375,1.9644854664802551,1
3098,40760,3.786314529279597,5,0.5159750000000001,1.597590446472168,1
3099,40770,7.845381848222754,10,0.51585625,1.2317497730255127,1
3100,40775,3.5875985363699927,5,0.515796875,0.8070672750473022,1
3101,40782,5.724331047275297,7,0.51571375,1.915369987487793,1
3102,40787,3.9989179158270245,5,0.515654375,2.01253080368042,1
3103,40796,6.452443410827238,9,0.5155475,2.409371773401896,1
3104,40826,24.86174443732979,30,0.51519125,1.7251509598323278,0
3105,40831,3.761175943647523,5,0.515131875,1.4381846189498901,1
3106,40848,14.248801893391025,17,0.51493,2.140326142311096,1
3107,40873,23.148380566918064,25,0.514633125,1.2882615725199382,1
3108,40876,1.5982070401394535,3,0.5145975,1.1146612167358398,1
3109,40882,4.394759606380983,6,0.5145262500000001,1.419224500656128,1
3110,40893,9.205429472417713,11,0.5143956250000001,1.7916195789972942,1
3111,40904,10.275343831981896,11,0.514265,1.7525609334309895,1
3112,40933,25.75726557839799,29,0.513920625,1.789152009146554,1
3113,40959,20.732740296467114,26,0.513611875,1.6748270293076832,1
3114,40970,7.581596447695004,11,0.51348125,1.5514212052027385,1
3115,40977,5.354593183289305,7,0.513398125,1.7541887164115906,1
3116,40990,10.724184880676749,13,0.51324375,1.7099742889404297,1
3117,41009,14.60891615063407,19,0.513018125,1.5563674330711366,1
3118,41014,3.760353123448624,5,0.51295875,1.137241244316101,1
3119,41036,18.64738505763689,22,0.5126975,1.9645667870839436,1
3120,41047,9.959012214701307,11,0.512566875,1.5795801281929016,1
3121,41061,12.081774398020709,14,0.512400625,1.9025329947471619,1
3122,41070,7.957161922522981,9,0.51229375,2.0390159487724304,1
3123,41081,9.004083070522759,11,0.512163125,2.0575182835261026,1
3124,41090,6.754006691786266,9,0.5120562500000001,1.3376455903053284,1
3125,41105,11.392252202302679,15,0.511878125,2.1048417389392853,1
3126,41112,5.756074542195557,7,0.511795,2.412479817867279,1
3127,41124,10.360389761301288,12,0.5116525000000001,1.5086745023727417,1
3128,41136,10.55721887722591,12,0.51151,2.502713680267334,1
3129,41163,22.497070691645394,27,0.5111893750000001,1.9552532235781352,1
3130,41166,1.7649228101313175,3,0.5111537500000001,2.864847183227539,1
3131,41186,16.476232244275774,20,0.5109162500000001,1.5813573122024536,1
3132,41216,22.86994335023267,30,0.51056,1.7868546769022942,0
3133,41240,19.48966576097087,24,0.510275,1.5944276054700215,1
3134,41251,7.729536282079223,11,0.5101443750000001,1.5347252488136292,1
3135,41261,8.950048872047523,10,0.510025625,1.3807682196299236,1
3136,41269,5.495569537081741,8,0.509930625,1.1471675634384155,1
3137,41283,10.530781784357314,14,0.509764375,2.0003039836883545,1
3138,41288,3.4093498526757755,5,0.5097050000000001,1.0805549025535583,1
3139,41298,7.67861622528424,10,0.5095862499999999,1.403424084186554,1
3140,41301,2.275558352315916,3,0.5095506250000001,1.5547540187835693,1
3141,41303,1.1962425239963657,2,0.5095268749999999,nan,1
3142,41306,1.9602091714909529,3,0.50949125,0.9310036897659302,1
3143,41322,14.669414057431704,16,0.50930125,1.8157284259796143,1
3144,41335,11.361214335324526,13,0.5091468750000001,1.6679648955663045,1
3145,41344,7.955057843661701,9,0.5090399999999999,1.415552814801534,1
3146,41368,22.151635819249712,24,0.5087550000000001,1.6500300963719685,1
3147,41393,22.155211407271935,25,0.508458125,1.8374468286832173,1
3148,41409,11.229900530242956,16,0.5082681250000001,1.7102151215076447,1
3149,41418,6.885307031983342,9,0.50816125,1.834581434726715,1
3150,41448,23.54271541818474,30,0.5078050000000001,1.644952267408371,0
3151,41453,4.076515781480622,5,0.5077456250000001,1.9609295129776,1
3152,41464,9.27116070409325,11,0.507615,1.6566085020701091,1
3153,41471,5.557239906465829,7,0.507531875,2.1317660808563232,1
3154,41475,2.759508927129191,4,0.507484375,2.1809566020965576,1
3155,41505,23.980499063222435,30,0.507128125,2.089781418442726,1
3156,41513,6.756502149599592,8,0.507033125,1.85872220993042,1
3157,41530,14.795733362540455,17,0.5068312500000001,1.8394103944301605,1
3158,41535,3.200089460961302,5,0.506771875,1.4417479038238525,1
3159,41561,19.974629663266956,26,0.506463125,1.5423708643232072,1
3160,41573,10.557600118904382,12,0.5063206250000001,1.962058146794637,1
3161,41603,22.54913720605612,30,0.505964375,2.1288772310529436,0
3162,41623,15.03011951787191,20,0.505726875,1.864636278152466,1
3163,41642,17.390294268422675,19,0.50550125,2.2383788347244264,1
3164,41648,4.878396561713763,6,0.50543,2.2324485778808594,1
3165,41678,24.78328590186778,30,0.50507375,1.5569912024906702,0
3166,41690,10.27879714649115,12,0.50493125,1.5990209976832073,1
3167,41711,16.537453495637955,21,0.504681875,2.3425918579101563,1
3168,41733,19.586034120831826,22,0.5044206250000001,1.3729872703552246,1
3169,41736,1.9996915301257037,3,0.504385,0.9860289096832275,1
3170,41740,2.9592167598122607,4,0.5043375,2.6116585731506348,1
3171,41769,21.310631740562474,29,0.503993125,1.8300403015954154,1
3172,41777,5.981321909641456,8,0.5038981250000001,1.7174351811408997,1
3173,41780,1.6489260920304525,3,0.5038625000000001,2.93906831741333,1
3174,41800,16.242862119170148,20,0.503625,1.8188942193984985,1
3175,41826,20.40674842592649,26,0.50331625,1.6261668304602306,1
3176,41837,9.79228244595112,11,0.503185625,1.325100342432658,1
3177,41854,14.565409500197347,17,0.5029837500000001,1.7683572173118591,1
3178,41858,2.9851781656432337,4,0.50293625,2.0373973846435547,1
3179,41887,24.001053707130175,29,0.502591875,1.8781027282987321,1
3180,41917,25.96436681291874,30,0.502235625,2.4420240074396133,0
3181,41933,12.442889680242132,16,0.502045625,1.6268630921840668,1
3182,41938,3.1960102478807153,5,0.50198625,2.410109519958496,1
3183,41947,7.360386830333208,9,0.501879375,1.8423305749893188,1
3184,41953,4.757953414991336,6,0.501808125,2.9149835109710693,1
3185,41971,14.132896667904486,18,0.501594375,1.832867592573166,1
3186,42001,23.683411654414282,30,0.501238125,1.6208323240280151,0
3187,42023,18.848893812365887,22,0.500976875,1.8667786836624145,1
3188,42031,5.810375617634845,8,0.500881875,1.9634186625480652,1
3189,42034,1.7671529078868469,3,0.5008462499999999,2.634737968444824,1
3190,42046,9.197679955203416,12,0.50070375,1.5693552494049072,1
3191,42051,3.3976017181495606,5,0.500644375,2.4703946113586426,1
3192,42066,12.40888496640657,15,0.5004662500000001,2.0012720227241516,1
3193,42070,2.5642135175608773,4,0.50041875,1.2085678577423096,1
3194,42075,3.922329971258596,5,0.500359375,2.37353253364563,1
3195,42087,9.203211805343974,12,0.500216875,1.7166739702224731,1
3196,42102,13.162608112376507,15,0.50003875,2.071743905544281,1
3197,42132,24.79503434086282,30,0.49968250000000003,1.7270278334617615,0
3198,42155,21.351244670188418,23,0.49940937500000004,1.6699485063552857,1
3199,42180,22.159651638364554,25,0.49911250000000007,2.0392576456069946,1
3200,42198,16.947921522179275,18,0.49889874999999995,2.0297973304986954,1
3201,42204,4.756112614600217,6,0.4988275000000001,2.0888511538505554,1
3202,42234,23.779537360551487,30,0.49847125000000003,1.5647741045270647,0
3203,42264,21.848934109818128,30,0.4981150000000001,1.8775618523359299,0
3204,42267,1.9583725634928275,3,0.498079375,nan,1
3205,42270,1.7671529078868469,3,0.49804375,2.7063088417053223,1
3206,42283,11.97352741357073,13,0.4978893750000001,1.5549508333206177,1
3207,42294,9.20294692911719,11,0.49775875,1.7636088530222576,1
3208,42302,6.556596994980429,8,0.49766375000000007,1.2712876796722412,1
3209,42306,2.759508927129191,4,0.49761625,1.4613648653030396,1
3210,42311,3.953519466070628,5,0.4975568750000001,2.323026657104492,1
3211,42329,15.20499859319167,18,0.497343125,2.0193127393722534,1
3212,42356,19.95992548308182,27,0.49702250000000003,1.951220955167498,1
3213,42361,3.9572063683176055,5,0.49696312499999995,2.7170889377593994,1
3214,42373,10.15848003997424,12,0.496820625,2.09745717048645,1
3215,42386,11.36022193660343,13,0.4966662500000001,2.0657474994659424,1
3216,42416,29.939481358686052,30,0.49631000000000003,2.027558907866478,0
3217,42434,13.773804499177514,18,0.49609625,1.657563954591751,1
3218,42438,2.957376534134098,4,0.49604875000000004,1.89972722530365,1
3219,42463,21.359448820915457,25,0.49575187500000006,1.8084513942400615,1
3220,42468,3.601110724114241,5,0.4956925,2.531202793121338,1
3221,42474,4.5574194479557875,6,0.49562125,1.7091100215911865,1
3222,42478,2.7591154181621453,4,0.49557375000000004,1.4468870162963867,1
3223,42487,7.204510529853081,9,0.495466875,1.958028793334961,1
3224,42491,2.761345535127316,4,0.495419375,1.7239229679107666,1
3225,42496,3.786314529279597,5,0.49536,2.6156508922576904,1
3226,42508,8.854686673166228,12,0.4952175000000001,1.9596845308939617,1
3227,42513,3.9572063683176055,5,0.4951581250000001,0.9135206341743469,1
3228,42523,8.360186682695062,10,0.49503937500000006,1.092090666294098,1
3229,42533,7.805921778175869,10,0.494920625,2.064039945602417,1
3230,42562,26.79792794802661,29,0.49457625000000005,2.0732911825180054,1
3231,42569,5.237318852216878,7,0.4944931250000001,1.8802522420883179,1
3232,42577,6.790432115326804,8,0.494398125,2.284560441970825,1
3233,42585,5.183190985446824,8,0.49430312500000007,2.462805390357971,1
3234,42595,8.950039565377121,10,0.494184375,2.2806642055511475,1
3235,42607,10.589177694898314,12,0.4940418750000001,1.9476250807444255,1
3236,42612,3.9571975996624404,5,0.4939825000000001,1.6525354385375977,1
3237,42642,22.64318244825864,30,0.49362625000000004,1.7961518253598894,0
3238,42672,25.012161414930894,30,0.49327,1.9353360086679459,0
3239,42688,14.748565286930166,16,0.4930800000000001,1.6054444462060928,1
3240,42701,9.382733538766724,13,0.49292562500000003,1.3943573633829753,1
3241,42731,24.847941732385745,30,0.492569375,2.104654840060643,1
3242,42744,11.352766055100272,13,0.49241500000000005,1.7988653779029846,1
3243,42767,18.95424962034746,23,0.49214187500000006,1.7210457086563111,1
3244,42778,9.3836286237587,11,0.49201125,1.5555699070294697,1
3245,42808,28.549534563421684,30,0.49165499999999995,1.7055459469556808,0
3246,42819,8.760564485356133,11,0.491524375,2.162309944629669,1
3247,42833,11.761843446467624,14,0.4913581250000001,2.105332136154175,1
3248,42850,14.236406433332245,17,0.49115624999999996,2.010971188545227,1
3249,42855,3.5565582749359788,5,0.491096875,2.3154702186584473,1
3250,42868,10.281554552085353,13,0.49094249999999995,2.6292741298675537,1
3251,42876,5.725376717706773,8,0.4908475,1.82223242521286,1
3252,42879,1.9583725634928275,3,0.4908118750000001,nan,1
3253,42892,11.40032331239964,13,0.49065749999999997,1.9686708450317383,1
3254,42899,5.754246240031412,7,0.490574375,1.7987549304962158,1
3255,42905,4.208509110422153,6,0.49050312500000004,1.829557716846466,1
3256,42920,12.318462666734712,15,0.490325,1.8188084661960602,1
3257,42941,17.75704299647701,21,0.490075625,1.7092732429504394,1
3258,42947,4.5912199359079,6,0.49000437500000005,1.1702673435211182,1
3259,42953,4.765961923539771,6,0.48993312499999997,2.3000506162643433,1
3260,42957,2.9592167598122607,4,0.489885625,0.9766883850097656,1
3261,42965,5.967195321136024,8,0.48979062500000003,1.6877365112304688,1
3262,42972,5.9553100871945075,7,0.48970749999999996,1.2491774559020996,1
3263,42981,7.524966169105983,9,0.489600625,2.062535881996155,1
3264,43002,15.343426812372648,21,0.48935125,1.4631264448165893,1
3265,43005,1.9602091714909529,3,0.4893156249999999,2.3111627101898193,1
3266,43008,1.5982070401394535,3,0.48928000000000005,2.2155489921569824,1
3267,43021,11.364525314854724,13,0.489125625,1.7013588349024455,1
3268,43029,6.205095900180794,8,0.48903062500000005,1.6584733128547668,1
3269,43033,2.9592167598122607,4,0.48898312499999996,2.576648712158203,1
3270,43050,13.534619554223328,17,0.48878125000000006,1.8328924179077148,1
3271,43057,5.5546045608840835,7,0.4886981250000001,2.233322858810425,1
3272,43062,4.118225600399333,5,0.4886387500000001,1.0143383741378784,1
3273,43072,8.656619405841173,10,0.48852000000000007,1.8824652433395386,1
3274,43086,10.682433270546749,14,0.48835375000000003,2.0536625385284424,1
3275,43091,3.954020685998693,5,0.48829437500000006,2.4172492027282715,1
3276,43094,1.9602091714909529,3,0.48825874999999996,1.712587594985962,1
3277,43097,1.9583725634928275,3,0.488223125,1.787498116493225,1
3278,43106,7.95717132690188,9,0.48811625000000003,1.3785094022750854,1
3279,43128,16.70345080608617,22,0.48785500000000004,1.8512251377105713,1
3280,43141,11.554577642607644,13,0.487700625,2.2218805948893228,1
3281,43150,6.9997524236306825,9,0.48759374999999994,1.8263279497623444,1
3282,43159,7.9571620434606185,9,0.487486875,2.242315173149109,1
3283,43166,6.0804537467882644,7,0.48740375,2.238623797893524,1
3284,43171,4.047450097478742,5,0.48734437500000005,2.134943962097168,1
3285,43180,7.754227893710067,9,0.4872375000000001,1.5213241179784138,1
3286,43206,19.35261149601565,26,0.48692875,1.5500745971997578,1
3287,43218,9.784391990977676,12,0.4867862500000001,1.8558894793192546,1
3288,43231,9.456895694590587,13,0.48663187500000005,2.0091118812561035,1
3289,43239,6.2069286757276,8,0.486536875,1.2716805338859558,1
3290,43254,11.37753631577147,15,0.48635875000000006,1.8577183783054352,1
3291,43264,8.360186682695062,10,0.4862400000000001,2.5298446814219155,1
3292,43270,3.5855734574903777,6,0.48616875000000004,1.2304635047912598,1
3293,43272,1.1962425239963657,2,0.48614499999999994,2.263681650161743,1
3294,43277,2.9355143217146438,5,0.48608562499999997,1.3916492462158203,1
3295,43289,9.882632980923058,12,0.48594312500000003,1.857938329378764,1
3296,43304,13.160736671029904,15,0.485765,1.911809355020523,1
3297,43315,8.373893588780726,11,0.48563437500000006,2.430532217025757,1
3298,43328,10.248703358966399,13,0.48548,2.031783401966095,1
3299,43358,25.10969579241863,30,0.4851237500000001,1.8192320380892073,0
3300,43363,3.9553723585150364,5,0.4850643750000001,1.5091736316680908,1
3301,43374,9.392329875473955,11,0.48493375000000005,1.881628115971883,1
3302,43404,24.72997448643416,30,0.4845775,1.8185577392578125,1
3303,43434,25.453089371620006,30,0.48422125000000005,1.8185507229396276,0
3304,43441,5.555836149712207,7,0.484138125,2.3217421770095825,1
3305,43451,8.255424567554595,10,0.48401937500000003,2.2280819416046143,1
3306,43453,1.1962425239963657,2,0.48399562500000004,1.2071560621261597,1
3307,43460,4.969462719618801,7,0.48391249999999997,1.8796929121017456,1
3308,43466,5.048139607153642,6,0.4838412500000001,1.8637936115264893,1
3309,43496,23.95136247204861,30,0.48348500000000005,1.8670926988124847,0
3310,43518,18.87690598434744,22,0.48322375000000006,2.1638784170150758,1
3311,43545,24.354567800507102,27,0.4829031250000001,2.051146013396127,1
3312,43556,7.901548169061096,11,0.48277250000000005,2.135193427403768,1
3313,43580,18.35043512040326,24,0.48248750000000007,2.2665289441744485,1
3314,43586,4.794138006529757,6,0.48241625,2.5431861877441406,1
3315,43592,4.758342731953968,6,0.482345,1.6775656342506409,1
3316,43621,24.500069503647907,29,0.48200062500000007,2.1080068349838257,1
3317,43630,7.599225484717587,9,0.48189375,1.9782284498214722,1
3318,43641,8.791265188208238,11,0.48176312500000007,2.0349636475245156,1
3319,43645,3.0459058509196417,4,0.4817156250000001,1.8195821046829224,1
3320,43664,16.797793592800165,19,0.4814900000000001,2.3875457763671877,1
3321,43679,11.080293791889208,15,0.48131187500000006,2.232563336690267,1
3322,43695,14.949783652110636,16,0.48112187500000003,1.8227996826171875,1
3323,43701,4.559649261406825,6,0.48105062500000006,2.2458704113960266,1
3324,43707,4.875416543926563,6,0.480979375,2.368403911590576,1
3325,43737,23.77080050558047,30,0.48062312499999993,1.5707097873091698,1
3326,43767,25.013260181526796,30,0.4802668750000001,2.2546261208398,0
3327,43791,17.01861813315416,24,0.479981875,2.37011190255483,1
3328,43798,5.527507454150638,7,0.47989874999999993,2.4306742548942566,1
3329,43816,13.97995815583744,18,0.47968500000000003,1.7250040292739868,1
3330,43821,3.9571975996624404,5,0.47962562499999994,2.2196578979492188,1
3331,43851,26.098269075409135,30,0.479269375,2.095968110220773,0
3332,43870,13.652407423150507,19,0.4790437500000001,1.762753963470459,1
3333,43900,20.99938787106076,30,0.47868750000000004,2.0342460572719574,1
3334,43912,10.288403238196457,12,0.478545,2.480600277582804,1
3335,43942,23.102190146399405,30,0.47818875000000005,2.1096329348427907,0
3336,43949,6.072426572347601,7,0.4781056250000001,1.680943250656128,1
3337,43966,14.003687259422014,17,0.47790374999999996,1.6330528557300568,1
3338,43979,10.59981229237135,13,0.47774937500000003,1.6530718803405762,1
3339,44009,23.786874098891793,30,0.477393125,1.901535987854004,0
3340,44019,6.569799163132686,10,0.47727437500000003,2.5975430011749268,1
3341,44033,11.657355610717017,14,0.4771081250000001,1.545916199684143,1
3342,44053,14.77554354135635,20,0.476870625,2.061701703071594,1
3343,44058,3.983368128663332,5,0.47681125,1.6210825443267822,1
3344,44072,11.771708186339556,14,0.4766450000000001,1.4307394176721573,1
3345,44102,26.27440760751802,30,0.47628875000000004,1.4989784870828902,0
3346,44105,1.9583725634928275,3,0.47625312500000005,2.0003013610839844,1
3347,44116,9.786495748783063,11,0.4761225,2.1967259645462036,1
3348,44127,9.368229528925,11,0.47599187500000006,2.2532440423965454,1
3349,44134,5.95532657664769,7,0.47590875,1.1799157857894897,1
3350,44145,10.266113648042637,11,0.47577812499999994,1.8365415732065837,1
3351,44156,9.399879111681251,11,0.4756475,1.9983238379160564,1
3352,44177,15.659475250420567,21,0.475398125,2.082950758934021,1
3353,44182,3.555800892602484,5,0.47533875000000003,1.5008554458618164,1
3354,44186,2.401190587607902,4,0.47529125000000005,1.7362732887268066,1
3355,44206,16.888060008340872,20,0.47505374999999994,2.2439170598983766,1
3356,44212,4.251319830824745,6,0.4749825000000001,1.4925287365913391,1
3357,44225,12.123406153226915,13,0.47482812499999993,2.261265277862549,1
3358,44255,22.9830073552406,30,0.474471875,2.230608718735831,0
3359,44283,23.41590620527697,28,0.47413937500000003,1.8539683478219169,1
3360,44288,3.9556185106781476,5,0.47408000000000006,2.4282310009002686,1
3361,44303,11.410131042133601,15,0.47390187500000003,1.4147532780965169,1
3362,44315,10.356699956540481,12,0.4737593750000001,2.091628670692444,1
3363,44327,9.599983666994872,12,0.47361687500000005,2.1144820054372153,1
3364,44333,4.7601835319688295,6,0.47354562499999997,1.24995356798172,1
3365,44363,23.625261446886974,30,0.473189375,1.5194779293877738,0
3366,44393,21.846461079052247,30,0.47283312499999997,1.5370584428310394,0
3367,44407,10.646966194804659,14,0.47266687500000004,1.5891324679056804,1
3368,44417,8.393962512051743,10,0.472548125,1.631883939107259,1
3369,44439,16.94431818472429,22,0.472286875,1.8210849046707154,1
3370,44443,2.9557893636642034,4,0.472239375,2.185804605484009,1
3371,44450,5.786316597989357,7,0.47215624999999994,1.4925146102905273,1
3372,44466,12.968100655404385,16,0.47196625000000003,1.5987760126590729,1
3373,44469,2.0795273533091345,3,0.47193062499999994,1.8887324333190918,1
3374,44485,12.817080330567915,16,0.471740625,1.8830150961875916,1
3375,44510,20.677306430591546,25,0.47144375000000005,1.6012138923009236,1
3376,44540,25.976806994216965,30,0.4710875000000001,2.1591221690177917,0
3377,44554,10.963890690515093,14,0.47092125000000007,1.750867446263631,1
3378,44564,7.052472158706929,10,0.4708025,2.2573971350987754,1
3379,44576,10.59311654096318,12,0.47065999999999997,2.307706038157145,1
3380,44588,10.191870962019232,12,0.47051750000000003,2.222104628880819,1
3381,44618,22.868026057102487,30,0.47016125,2.367337601525443,0
3382,44630,8.928557678394586,12,0.47001875000000004,1.247383177280426,1
3383,44655,21.041109400437165,25,0.46972187500000007,1.9271908005078633,1
3384,44684,22.8459846712511,29,0.4693775,2.2640641778707504,1
3385,44714,25.837186925213615,30,0.46902125000000006,1.6926897423607963,1
3386,44720,5.044725193811749,6,0.46895,1.801775574684143,1
3387,44727,4.971782621321931,7,0.468866875,2.133927583694458,1
3388,44735,6.357739877757739,8,0.46877187500000006,1.9919342994689941,1
3389,44765,25.923264527935135,30,0.4684156250000001,2.09487584233284,0
3390,44774,7.953215781126238,9,0.46830874999999994,2.0344663858413696,1
3391,44784,8.008411848777333,10,0.4681900000000001,2.23030948638916,1
3392,44797,9.685965903948619,13,0.46803562499999996,1.426680604616801,1
3393,44805,5.650035141459867,8,0.467940625,2.2148475646972656,1
3394,44827,16.131512736809796,22,0.467679375,2.0158039808273314,1
3395,44837,8.55511423876088,10,0.46756062500000006,1.9380365212758381,1
3396,44844,5.756468266491147,7,0.4674775,2.7941375970840454,1
3397,44863,15.681107411864003,19,0.467251875,2.091842621564865,1
3398,44884,17.171853156286502,21,0.4670025,1.7611230611801147,1
3399,44903,15.80841353714749,19,0.466776875,1.6191612482070923,1
3400,44923,15.884089283796268,20,0.466539375,2.3572662115097045,1
3401,44938,12.563918795044096,15,0.46636124999999995,2.1294741928577423,1
3402,44949,9.95529951991816,11,0.466230625,1.8335436185201008,1
3403,44958,7.388589610059131,9,0.46612375000000006,2.134219765663147,1
3404,44969,9.554346695162277,11,0.465993125,2.069058140118917,1
3405,44999,23.027861942859367,30,0.46563687499999995,1.7056514365332467,0
3406,45017,14.879116655090248,18,0.46542312500000005,1.8578077554702759,1
3407,45019,0.9660165442504834,2,0.46539937500000006,nan,1
3408,45043,18.8936295687991,24,0.4651143750000001,2.1368344028790793,1
3409,45049,3.7233928129535854,6,0.465043125,1.493575930595398,1
3410,45054,3.363477776117178,5,0.46498375000000003,0.8782575726509094,1
3411,45061,5.12169999897999,7,0.46490062500000007,2.2829850912094116,1
3412,45086,22.393053296684585,25,0.46460375,1.4851639568805695,1
3413,45095,7.9590122436400925,9,0.46449687500000003,2.04182767868042,1
3414,45109,11.850152636305278,14,0.464330625,2.1091241240501404,1
3415,45126,15.347002491976314,17,0.46412875,1.8643364310264587,1
3416,45145,16.396758186803744,19,0.4639031250000001,2.1572003602981566,1
3417,45163,14.093831002173236,18,0.46368937499999996,1.7408641278743744,1
3418,45173,8.382359684799113,10,0.463570625,2.0042287508646646,1
3419,45203,24.95270330894682,30,0.46321437500000007,1.755549362727574,0
3420,45210,5.792287305326173,7,0.46313125,1.3633392453193665,1
3421,45220,8.053802402742766,10,0.46301250000000005,2.0659998257954917,1
3422,45223,1.9602091714909529,3,0.46297687499999995,nan,1
3423,45245,15.39031072795333,22,0.4627156250000001,1.9278988341490428,1
3424,45265,15.776860925052302,20,0.46247812499999996,1.5985658168792725,1
3425,45295,27.988985714941602,30,0.462121875,2.1927919728415355,0
3426,45305,8.756068185782269,10,0.46200312500000007,2.370062311490377,1
3427,45307,1.2765543816746459,2,0.46197937499999997,nan,1
3428,45320,11.751044316725828,13,0.46182500000000004,1.8138280808925629,1
3429,45334,10.849088516583686,14,0.46165875,2.1743992964426675,1
3430,45343,7.207450082940382,9,0.46155187500000006,1.2798781991004944,1
3431,45356,10.763794227566157,13,0.4613975,1.3383755087852478,1
3432,45361,3.9876435926975047,5,0.46133812500000004,2.050596237182617,1
3433,45391,23.511606543963204,30,0.460981875,1.6249399866376604,0
3434,45399,6.955057994429708,8,0.46088687500000003,1.7328599691390991,1
3435,45407,6.368399289748136,8,0.46079187499999996,1.333678960800171,1
3436,45437,25.46296238633011,30,0.460435625,2.202507346868515,0
3437,45444,5.7566222088646715,7,0.46035249999999994,1.9882919788360596,1
3438,45456,8.804378047179297,12,0.46021,1.8475371996561687,1
3439,45473,15.354155336542107,17,0.460008125,2.324794262647629,1
3440,45484,8.020940034394028,11,0.45987750000000005,2.1369009017944336,1
3441,45489,3.567321586598988,5,0.4598181250000001,1.7784101963043213,1
3442,45515,19.185344417087194,26,0.459509375,1.6616225441296895,1
3443,45526,9.95529950056718,11,0.45937875000000006,1.3648707071940105,1
3444,45534,5.646271419018697,8,0.45928375,2.0432045459747314,1
3445,45537,1.9602091714909529,3,0.459248125,1.7221273183822632,1
3446,45567,22.08687213468154,30,0.45889187499999995,1.9260959454945155,0
3447,45578,7.61243917790365,11,0.45876125,2.2064939737319946,1
3448,45580,0.9660165442504834,2,0.4587375,1.7967464923858643,1
3449,45585,3.5932428258460667,5,0.45867812499999994,2.5820438861846924,1
3450,45609,18.536828931925328,24,0.45839312499999996,1.8064804077148438,1
3451,45639,23.7038868399543,30,0.458036875,1.7932105234691076,0
3452,45649,8.564648773444304,10,0.45791812500000006,2.012257218360901,1
3453,45652,1.7953289908768333,3,0.4578825000000001,0.8520944118499756,1
3454,45665,10.808707771023405,13,0.45772812500000004,1.7628370523452759,1
3455,45670,4.0793287806407506,5,0.45766874999999996,1.3838844299316406,1
3456,45679,7.166489507638295,9,0.457561875,1.1871788501739502,1
3457,45693,12.352523263588594,14,0.457395625,1.9626619219779968,1
3458,45718,19.284159347993704,25,0.4570987500000001,1.9094543655713399,1
3459,45723,4.119973179378924,5,0.457039375,2.7442827224731445,1
3460,45736,11.07151564802104,13,0.456885,1.939889371395111,1
3461,45756,16.63849051197893,20,0.4566475000000001,1.9026050567626953,1
3462,45770,13.190511913264302,14,0.45648125000000006,1.6741998593012493,1
3463,45777,4.814123544387641,7,0.456398125,1.8181688785552979,1
3464,45787,7.164145018469197,10,0.45627937499999993,1.9561452865600586,1
3465,45811,20.59963393101954,24,0.45599437499999995,1.8631988565127056,1
3466,45841,21.96064326155156,30,0.455638125,1.8108589798212051,0
3467,45871,27.154231523639574,30,0.45528187499999995,1.8221654210771834,0
3468,45882,9.551151973300032,11,0.4551512500000001,2.041375160217285,1
3469,45896,9.617043345172553,14,0.4549850000000001,2.0870818495750427,1
3470,45916,17.750483216712663,20,0.4547475000000001,1.9727872848510741,1
3471,45921,3.756289207298002,5,0.454688125,2.230839490890503,1
3472,45936,13.593021792424878,15,0.45450999999999997,1.8292622864246368,1
3473,45949,10.154217840147961,13,0.45435562500000004,2.0641204118728638,1
3474,45956,4.964602944850233,7,0.45427249999999997,1.9741548299789429,1
3475,45967,8.60847904196337,11,0.45414187500000003,1.8651476502418518,1
3476,45997,22.633116374987477,30,0.45378562499999997,1.9727526158094406,0
3477,46018,16.947685536079078,21,0.4535362500000001,2.047433590888977,1
3478,46026,5.601655533551137,8,0.45344125,2.296609401702881,1
3479,46033,5.953985513232178,7,0.45335812500000006,2.128525972366333,1
3480,46053,15.005189938110234,20,0.45312062500000005,1.997149920463562,1
3481,46056,1.9602091714909529,3,0.45308500000000007,3.0979275703430176,1
3482,46059,1.9602091714909529,3,0.453049375,nan,1
3483,46078,17.349138847076045,19,0.45282374999999997,2.6999351501464846,1
3484,46084,4.200031476100713,6,0.4527525000000001,2.132837414741516,1
3485,46098,9.617116858968071,14,0.4525862500000001,2.217132568359375,1
3486,46100,0.798917860335175,2,0.4525625,3.1651365756988525,1
3487,46115,13.555774448280962,15,0.45238437499999995,2.473884661992391,1
3488,46142,22.3718064402352,27,0.45206375,2.2128840344292775,1
3489,46168,19.3405512755579,26,0.45175500000000013,2.4583236489977156,1
3490,46176,6.955056842892072,8,0.45165999999999995,1.9714720249176025,1
3491,46181,3.5602517817985087,5,0.451600625,2.9067881107330322,1
3492,46185,2.3974713947814035,4,0.451553125,2.622159481048584,1
3493,46204,13.654768450590074,19,0.4513275,2.061732292175293,1
3494,46219,10.110909139597547,15,0.45114937499999996,1.8943644762039185,1
3495,46223,2.415980045634204,4,0.451101875,2.0556516647338867,1
3496,46253,24.851785834311325,30,0.45074562500000004,1.9878561049699783,0
3497,46256,1.9583725634928275,3,0.45070999999999994,2.5748775005340576,1
3498,46259,1.5982070401394535,3,0.45067437500000007,nan,1
3499,46282,20.351493456968377,23,0.4504012500000001,2.2752378582954407,1
3500,46285,1.9602091714909529,3,0.450365625,3.2047066688537598,1
3501,46290,3.0500175416454587,5,0.45030625000000013,1.617126226425171,1
3502,46295,3.560246286141126,5,0.45024687500000005,3.2637619972229004,1
3503,46302,5.443640238478377,7,0.45016375,2.6200788021087646,1
3504,46308,4.59530335135471,6,0.4500925,2.3353158235549927,1
3505,46314,4.9555893528467045,6,0.45002125000000004,1.2906911373138428,1
3506,46329,12.561045501473824,15,0.449843125,1.9986947178840637,1
3507,46345,11.4943803922989,16,0.449653125,1.5240511894226074,1
3508,46355,8.75606829053776,10,0.44953437499999993,2.170460879802704,1
3509,46368,10.804074220671076,13,0.44938,1.8009816706180573,1
3510,46398,26.409618317173624,30,0.44902375000000005,2.1591120788029263,0
3511,46412,9.556977606935648,14,0.4488575,1.4631679058074951,1
3512,46419,5.95716303443921,7,0.44877437500000006,1.5352184772491455,1
3513,46435,12.00443565958991,16,0.4485843749999999,2.063425064086914,1
3514,46451,14.145339222460338,16,0.448394375,2.059249997138977,1
3515,46466,11.816753749035493,15,0.44821625,2.1846269965171814,1
3516,46472,4.959018187143877,6,0.448145,1.8640301823616028,1
3517,46479,6.052263676830112,7,0.44806187500000005,2.036687135696411,1
3518,46509,21.359213640521872,30,0.447705625,1.8953922539949417,0
3519,46526,14.598694292986814,17,0.4475037500000001,1.987838327884674,1
3520,46533,4.969527132225555,7,0.447420625,2.3780933618545532,1
3521,46550,15.750528223500302,17,0.44721875,2.3148113489151,1
3522,46558,6.555506805158492,8,0.44712375000000004,2.3098577857017517,1
3523,46583,18.15951934731603,25,0.44682687500000007,1.9895953436692555,1
3524,46591,6.0130059262912186,8,0.4467318750000001,2.653127074241638,1
3525,46605,10.610949009186301,14,0.4465656250000001,1.7661036252975464,1
3526,46618,11.790420123985818,13,0.4464112499999999,2.518883228302002,1
3527,46648,27.59617843560517,30,0.4460550000000001,2.421014681458473,0
3528,46662,12.193393706809918,14,0.44588875000000006,2.481271982192993,1
3529,46680,15.08305287056353,18,0.44567500000000004,1.80576194524765,1
3530,46710,21.376408828594872,30,0.44531875,2.312307664326259,1
3531,46715,3.9571975996624404,5,0.445259375,1.5117193460464478,1
3532,46726,9.84351925558108,11,0.44512874999999996,2.0083066622416177,1
3533,46749,18.939309972335714,23,0.444855625,2.109291354815165,1
3534,46779,25.886447980837243,30,0.44449937500000003,1.8348164473261153,0
3535,46803,19.86428637000733,24,0.44421437500000005,1.8873637914657593,1
3536,46833,25.814044329570404,30,0.443858125,2.3312696665525436,0
3537,46851,12.937461701204942,18,0.443644375,2.049340546131134,1
3538,46860,7.757172090485147,9,0.44353750000000003,2.3558310667673745,1
3539,46866,4.757953414991336,6,0.44346624999999995,1.2319647073745728,1
3540,46877,9.95373387972767,11,0.443335625,1.5191055138905842,1
3541,46882,3.197879235872698,5,0.44327625000000004,3.037186622619629,1
3542,46899,13.359518314868858,17,0.443074375,2.4935919642448425,1
3543,46908,7.759303628840307,9,0.44296749999999996,2.511612852414449,1
3544,46917,7.957166494980669,9,0.442860625,2.240065097808838,1
3545,46921,2.9573710298187494,4,0.44281312500000003,2.02543568611145,1
3546,46951,22.520908159354253,30,0.44245687499999997,2.1340795925685336,0
3547,46954,1.9583725634928275,3,0.44242125,2.181431531906128,1
3548,46964,7.169701850014902,10,0.44230250000000004,1.985121528307597,1
3549,46967,1.7649228101313175,3,0.44226687500000006,nan,1
3550,46986,15.757901754368046,19,0.44204125000000005,2.0051155567169188,1
3551,47009,19.097287997987827,23,0.44176812500000007,2.166499972343445,1
3552,47039,23.861594756334508,30,0.441411875,1.8590150730950492,0
3553,47067,25.040351229270527,28,0.44107937500000005,1.9009984731674194,1
3554,47073,4.246877830658321,6,0.441008125,2.3026411533355713,1
3555,47103,23.857448599825958,30,0.440651875,2.0039128405707225,0
3556,47116,9.257638663592154,13,0.4404975000000001,1.9548781514167786,1
3557,47120,2.7591154181621453,4,0.44045,1.4026918411254883,1
3558,47123,1.9602091714909529,3,0.440414375,nan,1
3559,47126,1.9602091714909529,3,0.44037875000000004,1.2014961242675781,1
3560,47156,23.74629739531221,30,0.4400225,2.0242903530597687,0
3561,47181,19.04000511078593,25,0.439725625,2.083298166592916,1
3562,47211,25.916680278538905,30,0.43936937500000006,1.9617666176387243,0
3563,47221,7.776563443998204,10,0.439250625,1.870932658513387,1
3564,47233,8.538485053676734,12,0.43910812500000007,1.7640726168950398,1
3565,47256,17.13523227674321,23,0.438835,1.8001456260681152,1
3566,47286,25.677947254428176,30,0.43847875000000003,2.0774800777435303,0
3567,47298,10.72567888093506,12,0.43833625,1.959231694539388,1
3568,47328,24.259499248264806,30,0.43798000000000004,2.066833660006523,0
3569,47337,7.561318904645566,9,0.4378731250000001,1.9069730043411255,1
3570,47357,15.372364464343258,20,0.4376356250000001,1.8332741022109986,1
3571,47369,9.557722423025652,12,0.43749312500000004,1.6351990699768066,1
3572,47375,4.756377468969664,6,0.43742187500000007,2.310011386871338,1
3573,47380,3.7887287843351785,5,0.4373625,1.525389313697815,1
3574,47402,16.469388512606347,22,0.4371012500000001,2.2298172235488893,1
3575,47411,7.354915089065883,9,0.43699437499999993,1.495432436466217,1
3576,47421,8.555612084715538,10,0.4368756250000001,1.9511760870615642,1
3577,47435,12.794132033221015,14,0.43670937500000007,1.681995411713918,1
3578,47449,8.980736042153355,14,0.43654312500000003,2.5439721941947937,1
3579,47466,13.04813096721361,17,0.43634125,2.605334311723709,1
3580,47479,9.408778336615294,13,0.4361868750000001,1.6142547527949016,1
3581,47501,19.292240252701696,22,0.4359256250000001,2.0747158527374268,1
3582,47505,2.9592167598122607,4,0.435878125,2.6835198402404785,1
3583,47512,5.358561934570729,7,0.43579500000000004,1.9508841633796692,1
3584,47542,22.49016487170077,30,0.43543875,2.189248561859131,0
3585,47556,10.676301894495246,14,0.43527249999999995,2.0697763562202454,1
3586,47558,0.9182360421533567,2,0.4352487500000001,nan,1
3587,47574,13.130070126453043,16,0.43505875000000005,1.636899173259735,1
3588,47603,21.45850929694069,29,0.434714375,1.8746811662401472,1
3589,47606,1.5982070401394535,3,0.43467875,2.2360787391662598,1
3590,47620,12.154096143101162,14,0.4345125000000001,2.0291985869407654,1
3591,47643,20.155127301262333,23,0.434239375,1.9557007551193237,1
3592,47649,4.083553812931271,6,0.434168125,1.9510061740875244,1
3593,47654,3.9590471683324666,5,0.43410875000000004,3.409391164779663,1
3594,47665,9.75672056028169,11,0.4339781250000001,1.898167093594869,1
3595,47674,7.355894597110419,9,0.43387125000000004,2.465989828109741,1
3596,47695,18.803350570087535,21,0.43362187500000005,1.7123323440551759,1
3597,47705,8.356222286611139,10,0.433503125,1.4477194547653198,1
3598,47716,10.118682130218454,11,0.43337249999999994,1.3835556904474895,1
3599,47731,13.209119667342025,15,0.433194375,1.8497281471888225,1
3600,47761,24.94801567192724,30,0.4328381250000001,1.8823233842849731,0
3601,47775,12.00488843375579,14,0.43267187500000004,2.297608971595764,1
3602,47805,21.085821842401852,30,0.432315625,1.7782773897051811,0
3603,47811,3.9993845274270385,6,0.432244375,1.395150065422058,1
3604,47817,4.756112614600217,6,0.43217312500000005,1.8271608352661133,1
3605,47838,16.869165768978515,21,0.43192374999999994,1.8852092742919921,1
3606,47853,11.090904950657883,15,0.431745625,2.3310022056102753,1
3607,47861,6.15573704188226,8,0.43165062499999995,1.5830804705619812,1
3608,47883,18.037682428881872,22,0.4313893750000001,2.0246983051300047,1
3609,47891,6.557210616444946,8,0.431294375,2.80936461687088,1
3610,47912,16.88342542264926,21,0.431045,1.9223462343215942,1
3611,47917,3.2023098119772544,5,0.43098562500000004,2.3460683822631836,1
3612,47938,18.56804014028368,21,0.43073625000000004,1.8987218141555786,1
3613,47949,8.759948779158423,11,0.430605625,2.1636870304743447,1
3614,47956,5.555410165500637,7,0.43052250000000003,2.033751606941223,1
3615,47982,21.638351375600042,26,0.43021375000000006,2.0423219005266824,1
3616,47990,6.753951700945479,8,0.43011875,2.021752417087555,1
3617,48000,8.388631443890722,10,0.43000000000000005,2.3476529121398926,1
3618,48030,28.746261744068814,30,0.42964375,2.1618984086172923,0
3619,48060,27.44027785725054,30,0.42928750000000004,2.2004050612449646,0
3620,48062,1.1211282096181674,2,0.42926375000000005,nan,1
3621,48070,6.955049221974475,8,0.42916875,1.68893301486969,1
3622,48077,5.851800407687694,7,0.429085625,2.6651445031166077,1
3623,48102,19.968272411989805,25,0.42878875000000005,1.9309244006872177,1
3624,48130,20.875292346710285,28,0.4284562500000001,2.1109718084335327,1
3625,48134,2.784073801424773,4,0.4284087500000001,2.074716806411743,1
3626,48140,4.5658574975026305,6,0.42833750000000004,1.8615034818649292,1
3627,48161,15.89720095981937,21,0.42808812500000004,1.816022515296936,1
3628,48173,9.002519530584335,12,0.427945625,2.0290292501449585,1
3629,48189,14.957161889083054,16,0.427755625,2.2157026827335358,1
3630,48200,10.072776482323228,11,0.42762500000000003,2.233739892641703,1
3631,48211,9.197258747843211,11,0.427494375,1.3617632389068604,1
3632,48241,21.325969424060872,30,0.42713812500000004,1.8847859427332878,0
3633,48251,8.758307775767102,10,0.427019375,2.6087743043899536,1
3634,48271,16.96010032409993,20,0.4267818750000001,1.857862639427185,1
3635,48301,27.4527324182741,30,0.42642562500000003,1.681790940463543,0
3636,48314,11.998788692218744,13,0.42627125,2.117872476577759,1
3637,48344,22.788552361581704,30,0.42591500000000004,1.6922395527362823,0
3638,48374,24.753838632327614,30,0.4255587500000001,1.8639604364122664,0
3639,48381,6.123406240913151,7,0.425475625,1.6934375762939453,1
3640,48391,6.6620796846337385,10,0.42535687499999997,2.7926137447357178,1
3641,48404,10.2102618395581,13,0.42520250000000004,2.24291855096817,1
3642,48418,11.922179835877353,14,0.42503625,2.0691054662068686,1
3643,48446,20.7468600375634,28,0.42470375000000005,2.355928591319493,1
3644,48456,8.957161894797395,10,0.424585,2.0243386030197144,1
3645,48481,21.087039146217524,25,0.424288125,2.0211666027704873,1
3646,48511,23.682655200059443,30,0.42393187500000007,2.0834101608821323,0
3647,48523,10.351016215284794,12,0.423789375,1.4084298610687256,1
3648,48553,23.20170214855801,30,0.4234331250000001,1.83188908547163,0
3649,48565,10.158407003098503,12,0.42329062500000003,1.415053089459737,1
3650,48595,23.471390292322962,30,0.4229343750000001,2.056574957711356,0
3651,48611,13.587241538736382,16,0.42274437499999995,1.9319488108158112,1
3652,48622,8.60610069416876,11,0.4226137500000001,2.340418497721354,1
3653,48642,13.593457267888748,20,0.42237625,1.9736304998397827,1
3654,48649,4.999404149785572,7,0.42229312500000005,2.5505717992782593,1
3655,48655,4.756095729915731,6,0.4222218750000001,1.0792510509490967,1
3656,48671,15.195798252718403,16,0.42203187500000006,1.7116986811161041,1
3657,48681,7.885137440503549,10,0.421913125,2.5807785987854004,1
3658,48692,9.363612289957475,11,0.42178249999999995,2.326777180035909,1
3659,48717,20.279303533848648,25,0.4214856250000001,1.7994158665339153,1
3660,48745,24.40519499215987,28,0.421153125,1.8013856240681239,1
3661,48760,11.234345922201895,15,0.420975,1.6000031530857086,1
3662,48780,17.00487106416785,20,0.4207375,2.2369089126586914,1
3663,48793,11.645394590444395,13,0.42058312500000006,2.535301605860392,1
3664,48799,3.996003266136972,6,0.420511875,1.7857643365859985,1
3665,48818,17.142306654315014,19,0.42028625,2.1404123306274414,1
3666,48843,21.343616109506506,25,0.4199893750000001,2.2494311134020486,1
3667,48850,5.756725716483067,7,0.41990625000000004,1.667098343372345,1
3668,48855,3.9556112295059234,5,0.41984687499999995,2.5761024951934814,1
3669,48860,3.383608514309409,5,0.4197875,1.9611332416534424,1
3670,48864,2.520508769426084,4,0.41974,1.2543030977249146,1
3671,48880,14.750103148235302,16,0.4195500000000001,1.9924948811531067,1
3672,48892,8.815421443733472,12,0.41940750000000004,2.143761078516642,1
3673,48922,21.322046671634116,30,0.41905125,1.487148540360587,0
3674,48952,22.316821177341325,30,0.41869500000000004,2.18454909324646,0
3675,48982,20.810264443130368,30,0.41833875,1.7992587089538574,0
3676,49012,28.8628525771399,30,0.41798250000000003,1.7542390376329422,0
3677,49027,13.550337295651211,15,0.417804375,2.6996050675710044,1
3678,49042,13.797608973616898,15,0.41762625,2.2989872694015503,1
3679,49055,9.971227288048304,13,0.41747187500000005,1.8843096892038982,1
3680,49066,8.683260544463488,11,0.41734125,2.9175602197647095,1
3681,49082,14.756711123956764,16,0.4171512500000001,2.169275403022766,1
3682,49096,12.15986358290297,14,0.41698500000000005,1.865311086177826,1
3683,49116,18.11968853273676,20,0.41674750000000005,1.9994927644729614,1
3684,49128,10.183441852020119,12,0.416605,1.4572235147158306,1
3685,49158,21.48757876829658,30,0.41624875000000006,2.2541706221444264,0
3686,49188,24.527120900340574,30,0.4158925,1.8823055252432823,0
3687,49218,23.22986926149592,30,0.41553625000000005,2.065770353589739,0
3688,49222,2.2792471845251656,4,0.41548874999999996,2.9344849586486816,1
3689,49235,11.396312334019589,13,0.41533437500000003,1.8161436716715496,1
3690,49265,27.642211220883887,30,0.4149781250000001,1.9050676226615906,0
3691,49295,20.742314378819028,30,0.41462187500000003,2.068157042775835,0
3692,49311,12.454391168065937,16,0.414431875,1.6293779015541077,1
3693,49315,2.7924868791082558,4,0.414384375,2.932582378387451,1
3694,49328,9.014809811592599,13,0.41423,1.9155851900577545,1
3695,49358,21.364725696909005,30,0.41387374999999993,1.6961107083729334,0
3696,49365,5.555403324397438,7,0.4137906250000001,1.9258751273155212,1
3697,49377,11.074810053937252,12,0.4136481249999999,2.372198780377706,1
3698,49384,4.68840152296286,7,0.41356500000000007,1.8351612091064453,1
3699,49394,8.788317159848521,10,0.41344625,2.8167572021484375,1
3700,49423,19.924317399469107,29,0.41310187499999995,2.0736962045942033,1
3701,49431,5.345691947133387,8,0.413006875,1.7299453020095825,1
3702,49434,1.658033639411703,3,0.4129712500000001,2.4505274295806885,1
3703,49448,10.60988960628466,14,0.4128050000000001,1.677641749382019,1
3704,49478,20.773672819684744,30,0.41244875000000003,1.5977344512939453,0
3705,49490,10.989439823257241,12,0.4123062500000001,1.9253627459208171,1
3706,49503,10.406397593652391,13,0.41215187499999995,1.7555500268936157,1
3707,49508,3.1960600830006847,5,0.4120925,2.2219613790512085,1
3708,49526,12.662032875857351,18,0.41187874999999996,2.1106337904930115,1
3709,49554,22.455352899853995,28,0.41154625,2.235715014593942,1
3710,49568,12.953736828879785,14,0.41137999999999997,1.7134540677070618,1
3711,49584,13.55763477501113,16,0.41119000000000006,1.9916316270828247,1
3712,49602,13.673944893079044,18,0.41097624999999993,1.9039346277713776,1
3713,49615,8.733153512880842,13,0.410821875,2.4460825522740683,1
3714,49626,7.970765583438817,11,0.41069125000000006,2.616994063059489,1
3715,49632,4.9555809677240585,6,0.4106200000000001,1.9204883575439453,1
3716,49660,21.30747959511779,28,0.4102875,1.7592205320085799,1
3717,49663,1.4807360421533566,3,0.41025187499999993,nan,1
3718,49668,3.9571975996624404,5,0.41019249999999996,2.480544924736023,1
3719,49677,7.3574233926472115,9,0.410085625,1.9089598059654236,1
3720,49687,7.965398590774176,10,0.40996687500000006,2.534268379211426,1
3721,49698,8.595003976561463,11,0.40983625,1.97944970925649,1
3722,49720,17.690481144770615,22,0.409575,1.9150176445643108,1
3723,49745,20.328706704876293,25,0.40927812500000005,1.9283265670140584,1
3724,49754,7.230940892610919,9,0.4091712500000001,1.0700619220733643,1
3725,49769,11.996077229796974,15,0.40899312500000007,1.8828917145729065,1
3726,49778,7.2840726385112475,9,0.40888625,2.7814815044403076,1
3727,49793,11.330588236284463,15,0.408708125,1.8764943480491638,1
3728,49800,5.161533466460127,7,0.408625,1.8449890613555908,1
3729,49818,14.285027936288136,18,0.40841125,2.234670639038086,1
3730,49848,20.287720375793718,30,0.40805500000000006,2.4319307804107666,1
3731,49877,26.265121138751766,29,0.407710625,1.9007383755275182,1
3732,49906,21.34582152941332,29,0.40736625000000004,2.5230719361986433,1
3733,49920,12.786455023245743,14,0.4072,2.0740765035152435,1
3734,49949,21.786428851647372,29,0.40685562499999994,2.1219989572252547,1
3735,49954,3.756289207298002,5,0.40679624999999997,2.1803014278411865,1
3736,49968,12.358335338154792,14,0.40662999999999994,2.280393123626709,1
3737,49991,17.59200694970392,23,0.40635687499999995,1.5197736263275146,1
3738,49999,5.848177845514764,8,0.406261875,1.4480506777763367,1
