episode,global_step,episode_reward,episode_length,epsilon,mean_loss,crashed
0,29,19.9356425633497,29,0.999655625,nan,1
1,59,21.489934764537672,30,0.999299375,nan,0
2,64,3.0852272727272725,5,0.99924,nan,1
3,68,2.280025221957635,4,0.9991925,nan,1
4,72,2.3985653663433473,4,0.999145,nan,1
5,78,5.074265354484131,6,0.99907375,nan,1
6,95,14.604723903846182,17,0.998871875,nan,1
7,125,22.92109631927685,30,0.998515625,nan,0
8,153,20.15423287410655,28,0.998183125,nan,1
9,161,6.873529019558765,8,0.998088125,nan,1
10,181,14.177167625374157,20,0.997850625,nan,1
11,190,6.141985395859812,9,0.99774375,nan,1
12,199,7.9516072526058155,9,0.997636875,nan,1
13,204,3.9590471683324666,5,0.9975775,nan,1
14,214,6.586417114326059,10,0.99745875,nan,1
15,219,3.598889412854372,5,0.997399375,nan,1
16,226,5.651015767255235,7,0.99731625,nan,1
17,230,2.9592167598122607,4,0.99726875,nan,1
18,233,1.6504335734670714,3,0.997233125,nan,1
19,257,16.6047207555308,24,0.996948125,nan,1
20,266,6.5994435529778155,9,0.99684125,nan,1
21,276,8.358337136182145,10,0.9967225,nan,1
22,283,5.874980948896918,7,0.996639375,nan,1
23,297,11.051586174959912,14,0.996473125,nan,1
24,326,22.694686777383613,29,0.99612875,nan,1
25,331,3.9571975996624404,5,0.996069375,nan,1
26,337,3.89934434146901,6,0.995998125,nan,1
27,347,7.605712499580912,10,0.995879375,nan,1
28,353,4.756112614600217,6,0.995808125,nan,1
29,357,2.7943365791981405,4,0.995760625,nan,1
30,363,3.494427009391895,6,0.995689375,nan,1
31,371,6.519857281905374,8,0.995594375,nan,1
32,380,6.141188970615816,9,0.9954875,nan,1
33,389,6.567294899891316,9,0.995380625,nan,1
34,394,3.9964983376010066,5,0.99532125,nan,1
35,415,14.909579863274132,21,0.995071875,nan,1
36,425,6.829045163714075,10,0.994953125,nan,1
37,455,21.715264822324745,30,0.994596875,nan,1
38,464,7.756069350271901,9,0.99449,nan,1
39,475,8.789680299037133,11,0.994359375,nan,1
40,486,9.152211315004081,11,0.99422875,nan,1
41,500,9.45936824858818,14,0.9940625,nan,1
42,516,11.412474603804986,16,0.9938725,nan,1
43,524,6.161526571405465,8,0.9937775,nan,1
44,554,23.663463057287746,30,0.99342125,nan,0
45,564,8.392726403577063,10,0.9933025,nan,1
46,566,1.1211282096181674,2,0.99327875,nan,1
47,582,12.050156418653188,16,0.99308875,nan,1
48,594,10.35042178459405,12,0.99294625,nan,1
49,624,21.716325269443324,30,0.99259,nan,0
50,630,3.5261905876079016,6,0.99251875,nan,1
51,660,23.593224942561775,30,0.9921625,nan,0
52,674,9.766875357374744,14,0.99199625,nan,1
53,689,13.47889478909356,15,0.991818125,nan,1
54,702,11.195576801543831,13,0.99166375,nan,1
55,725,16.818597044006676,23,0.991390625,nan,1
56,731,4.472545597856598,6,0.991319375,nan,1
57,740,7.514757712569362,9,0.9912125,nan,1
58,745,3.3172291155748757,5,0.991153125,nan,1
59,752,4.683047701026338,7,0.99107,nan,1
60,764,10.001198147779483,12,0.9909275,nan,1
61,782,14.41848111062499,18,0.99071375,nan,1
62,789,5.356298604254958,7,0.990630625,nan,1
63,793,2.566053658965085,4,0.990583125,nan,1
64,802,7.792282474889904,9,0.99047625,nan,1
65,808,4.559253874462416,6,0.990405,nan,1
66,812,2.566053658965085,4,0.9903575,nan,1
67,816,2.0454545454545454,4,0.99031,nan,1
68,832,10.863974051822765,16,0.99012,nan,1
69,862,21.8953316255554,30,0.98976375,nan,0
70,871,7.7584724500835,9,0.989656875,nan,1
71,892,18.231782632742405,21,0.9894075,nan,1
72,907,11.092100093177555,15,0.989229375,nan,1
73,914,5.756090615959968,7,0.98914625,nan,1
74,944,23.738092851221037,30,0.98879,nan,0
75,947,1.9583725634928275,3,0.988754375,nan,1
76,949,0.9660165442504834,2,0.988730625,nan,1
77,958,6.995593256252831,9,0.98862375,nan,1
78,988,22.756583951496342,30,0.9882675,nan,0
79,1018,22.665500570107113,30,0.98791125,nan,1
80,1035,13.020735988445908,17,0.987709375,nan,1
81,1038,1.9974614042085133,3,0.98767375,nan,1
82,1049,8.805497237579095,11,0.987543125,nan,1
83,1054,3.9590471683324666,5,0.98748375,nan,1
84,1072,13.099782817136102,18,0.98727,nan,1
85,1102,22.6873843519783,30,0.98691375,nan,0
86,1106,2.3989825583753617,4,0.9868662500000001,nan,1
87,1117,8.016877448697368,11,0.986735625,nan,1
88,1127,6.832812314396215,10,0.986616875,nan,1
89,1130,1.9602091714909529,3,0.98658125,nan,1
90,1135,3.790727416038416,5,0.986521875,nan,1
91,1158,20.800682515156115,23,0.98624875,nan,1
92,1178,14.184718872027789,20,0.98601125,nan,1
93,1189,8.80438181302168,11,0.985880625,nan,1
94,1205,13.000021513870168,16,0.985690625,nan,1
95,1218,9.407710755977947,13,0.98553625,nan,1
96,1223,3.758507393455113,5,0.985476875,nan,1
97,1249,19.380696922269674,26,0.985168125,nan,1
98,1258,7.16175182286306,9,0.98506125,nan,1
99,1288,21.33979729791706,30,0.984705,nan,0
100,1303,10.445229804762146,15,0.984526875,nan,1
101,1315,9.29798296116633,12,0.984384375,nan,1
102,1318,1.9602091714909529,3,0.98434875,nan,1
103,1331,10.796118881376128,13,0.984194375,nan,1
104,1342,8.991622591057842,11,0.98406375,nan,1
105,1346,2.2559148261009225,4,0.98401625,nan,1
106,1359,11.160983601945626,13,0.983861875,nan,1
107,1368,6.014056758347738,9,0.983755,nan,1
108,1372,2.7591154181621453,4,0.9837075,nan,1
109,1386,10.849883511526725,14,0.98354125,nan,1
110,1391,3.363477776117178,5,0.983481875,nan,1
111,1414,16.4175473539515,23,0.98320875,nan,1
112,1420,3.773014960787978,6,0.9831375,nan,1
113,1432,8.922602018487598,12,0.982995,nan,1
114,1451,14.412585185613953,19,0.982769375,nan,1
115,1460,5.9295825392499815,9,0.9826625,nan,1
116,1470,7.007155993610953,10,0.98254375,nan,1
117,1475,3.56248189876368,5,0.982484375,nan,1
118,1490,10.665011591172043,15,0.98230625,nan,1
119,1516,17.96234919572198,26,0.9819975,nan,1
120,1531,10.8955020497896,15,0.981819375,nan,1
121,1550,15.52205408929729,19,0.98159375,nan,1
122,1557,5.202275359976281,7,0.981510625,nan,1
123,1570,11.356747602572527,13,0.98135625,nan,1
124,1575,3.591703225593266,5,0.981296875,nan,1
125,1587,8.350850255135162,12,0.981154375,nan,1
126,1601,11.556714402055073,14,0.980988125,nan,1
127,1607,4.559253874462416,6,0.980916875,nan,1
128,1612,3.1996822059699626,5,0.9808575,nan,1
129,1616,2.5660591737676812,4,0.98081,nan,1
130,1619,1.6000542239715385,3,0.980774375,nan,1
131,1623,2.9573710298187494,4,0.980726875,nan,1
132,1638,10.333038676830675,15,0.98054875,nan,1
133,1665,22.623236051869707,27,0.980228125,nan,1
134,1681,14.35344461077078,16,0.980038125,nan,1
135,1688,5.162519013413854,7,0.979955,nan,1
136,1692,2.7943365791981405,4,0.9799075,nan,1
137,1695,1.9602091714909529,3,0.979871875,nan,1
138,1707,8.269080545649983,12,0.979729375,nan,1
139,1724,12.522671940930538,17,0.9795275,nan,1
140,1754,21.37184719374356,30,0.97917125,nan,0
141,1766,10.18610660210083,12,0.97902875,nan,1
142,1774,5.226772487120488,8,0.97893375,nan,1
143,1796,19.60500916734575,22,0.9786725000000001,nan,1
144,1809,8.386471090426781,13,0.978518125,nan,1
145,1817,5.249999999999999,8,0.978423125,nan,1
146,1847,22.662633140755805,30,0.978066875,nan,0
147,1877,23.62854378232419,30,0.977710625,nan,0
148,1906,22.020635560415315,29,0.97736625,nan,1
149,1914,6.4005361398277945,8,0.97727125,nan,1
150,1917,1.9602091714909529,3,0.977235625,nan,1
151,1947,23.02378765731822,30,0.976879375,nan,0
152,1959,9.47106837373851,12,0.976736875,nan,1
153,1970,9.163558689145175,11,0.97660625,nan,1
154,1984,10.6089310891926,14,0.97644,nan,1
155,2014,21.44413281433476,30,0.97608375,nan,0
156,2042,21.497087775374425,28,0.97575125,nan,1
157,2053,7.537649182780619,11,0.975620625,nan,1
158,2083,22.898682331279637,30,0.975264375,nan,0
159,2099,11.065883662680555,16,0.975074375,nan,1
160,2107,6.955049221974475,8,0.974979375,nan,1
161,2110,1.9602091714909529,3,0.97494375,nan,1
162,2112,0.9660165442504834,2,0.97492,nan,1
163,2142,21.79026402621617,30,0.97456375,nan,0
164,2147,3.9550916435570764,5,0.974504375,nan,1
165,2152,3.7923133856000804,5,0.974445,nan,1
166,2171,12.677968529854589,19,0.974219375,nan,1
167,2189,16.551667030687465,18,0.974005625,nan,1
168,2219,20.690963314880637,30,0.973649375,nan,0
169,2233,12.587612225545248,14,0.973483125,nan,1
170,2249,12.88677146045793,16,0.973293125,nan,1
171,2275,17.653716143740137,26,0.972984375,nan,1
172,2291,11.847185320968375,16,0.972794375,nan,1
173,2296,3.761175943647523,5,0.972735,nan,1
174,2316,14.267164699422386,20,0.9724975,nan,1
175,2321,3.395366105481301,5,0.972438125,nan,1
176,2351,23.983728335592648,30,0.972081875,nan,0
177,2354,1.5982070401394535,3,0.97204625,nan,1
178,2360,4.162743770391238,6,0.971975,nan,1
179,2368,6.957162188088722,8,0.97188,nan,1
180,2379,8.676245449677388,11,0.971749375,nan,1
181,2400,15.663056817818033,21,0.9715,nan,1
182,2403,1.6000542239715385,3,0.971464375,nan,1
183,2426,15.792936870852579,23,0.97119125,nan,1
184,2428,1.0040900987357348,2,0.9711675,nan,1
185,2436,6.651578676553255,8,0.9710725,nan,1
186,2444,6.723914125794426,8,0.9709775,nan,1
187,2469,19.179048985745013,25,0.970680625,nan,1
188,2474,3.9553488764532077,5,0.97062125,nan,1
189,2484,8.36344765524538,10,0.9705025,nan,1
190,2499,10.44816819168162,15,0.970324375,nan,1
191,2520,16.695931786209798,21,0.970075,nan,1
192,2547,18.68518963171972,27,0.9697543750000001,nan,1
193,2560,9.374916563509855,13,0.9696,nan,1
194,2566,4.959018187143877,6,0.96952875,nan,1
195,2571,3.079289576599585,5,0.969469375,nan,1
196,2601,20.73644047342124,30,0.969113125,nan,0
197,2605,2.5990593639587067,4,0.969065625,nan,1
198,2619,10.245543975293455,14,0.968899375,nan,1
199,2625,4.593449749236443,6,0.968828125,nan,1
200,2650,17.0173327869928,25,0.96853125,nan,1
201,2663,8.380663437320276,13,0.968376875,nan,1
202,2688,19.581569068670355,25,0.96808,nan,1
203,2718,21.28366449902647,30,0.96772375,nan,0
204,2731,9.093140755815211,13,0.967569375,nan,1
205,2761,22.98964830870734,30,0.967213125,nan,0
206,2766,3.5584061276900356,5,0.96715375,nan,1
207,2776,8.55402175741233,10,0.967035,nan,1
208,2780,2.5990593639587067,4,0.9669875,nan,1
209,2800,14.894893831151979,20,0.96675,nan,1
210,2821,15.18614674158141,21,0.966500625,nan,1
211,2829,5.5651379850195495,8,0.966405625,nan,1
212,2847,13.407154828017713,18,0.966191875,nan,1
213,2856,6.397149678812316,9,0.966085,nan,1
214,2862,4.357701813984799,6,0.96601375,nan,1
215,2877,11.80267461206062,15,0.965835625,nan,1
216,2885,6.358371089381108,8,0.965740625,nan,1
217,2915,21.7297101212477,30,0.965384375,nan,0
218,2929,10.362951004404438,14,0.965218125,nan,1
219,2948,15.187744841080436,19,0.9649925,nan,1
220,2957,7.756084817084282,9,0.964885625,nan,1
221,2965,6.24197273180931,8,0.964790625,nan,1
222,2975,8.753282351952802,10,0.964671875,nan,1
223,2984,5.539862318009882,9,0.964565,nan,1
224,2998,9.699363283036407,14,0.96439875,nan,1
225,3013,10.418572692459753,15,0.964220625,nan,1
226,3019,4.400016970762112,6,0.964149375,nan,1
227,3037,12.853531090109016,18,0.963935625,nan,1
228,3049,9.53675467526477,12,0.963793125,nan,1
229,3053,2.9557893636642034,4,0.963745625,nan,1
230,3067,10.523997678151508,14,0.963579375,nan,1
231,3070,1.4807360421533566,3,0.96354375,nan,1
232,3087,11.782523049582583,17,0.963341875,nan,1
233,3117,23.163954138937353,30,0.962985625,nan,0
234,3126,6.646536288380196,9,0.96287875,nan,1
235,3129,1.6000542239715385,3,0.962843125,nan,1
236,3140,9.752367629844777,11,0.9627125,nan,1
237,3151,8.573628889609282,11,0.962581875,nan,1
238,3166,13.154231871350554,15,0.96240375,nan,1
239,3172,4.7545250614028856,6,0.9623325,nan,1
240,3186,11.99062872880828,14,0.96216625,nan,1
241,3193,4.208008769426083,7,0.962083125,nan,1
242,3219,22.004617913991193,26,0.961774375,nan,1
243,3226,4.444000387788144,7,0.96169125,nan,1
244,3237,7.491426052499915,11,0.961560625,nan,1
245,3240,1.7840426852069369,3,0.961525,nan,1
246,3247,5.086936054742509,7,0.961441875,nan,1
247,3274,20.58415398390728,27,0.96112125,nan,1
248,3289,13.159520681723093,15,0.960943125,nan,1
249,3297,4.889826951244265,8,0.960848125,nan,1
250,3310,10.999242040120233,13,0.96069375,nan,1
251,3318,6.599729026357285,8,0.96059875,nan,1
252,3328,7.96805626493651,10,0.96048,nan,1
253,3352,16.64599046510057,24,0.960195,nan,1
254,3363,8.798597870760108,11,0.960064375,nan,1
255,3369,3.9964219697439365,6,0.959993125,nan,1
256,3382,10.839889545080897,13,0.95983875,nan,1
257,3410,22.22283170733172,28,0.95950625,nan,1
258,3433,17.462332324228,23,0.959233125,nan,1
259,3438,3.1952310707747866,5,0.95917375,nan,1
260,3443,3.0522362286564477,5,0.959114375,nan,1
261,3456,10.995670915548015,13,0.95896,nan,1
262,3464,5.76531611069653,8,0.958865,nan,1
263,3466,1.1211282096181674,2,0.95884125,nan,1
264,3490,17.709935716300897,24,0.95855625,nan,1
265,3520,22.068917852376202,30,0.9582,nan,0
266,3532,10.596973995428097,12,0.9580575,nan,1
267,3546,9.804339585484453,14,0.95789125,nan,1
268,3576,25.767172643639217,30,0.957535,nan,0
269,3606,24.072664230299036,30,0.95717875,nan,0
270,3616,7.413620189947359,10,0.95706,nan,1
271,3631,10.929316760387488,15,0.956881875,nan,1
272,3644,9.442281930800265,13,0.9567275,nan,1
273,3656,7.81495403915545,12,0.956585,nan,1
274,3659,1.7649228101313175,3,0.956549375,nan,1
275,3664,3.9590471683324666,5,0.95649,nan,1
276,3683,12.874780784588687,19,0.9562643749999999,nan,1
277,3694,8.571361806099365,11,0.95613375,nan,1
278,3706,8.605800887575016,12,0.95599125,nan,1
279,3711,3.7562824772575865,5,0.955931875,nan,1
280,3714,1.602272727272727,3,0.95589625,nan,1
281,3724,8.67493047844295,10,0.9557775,nan,1
282,3738,11.177536495827018,14,0.95561125,nan,1
283,3745,4.69036748468996,7,0.955528125,nan,1
284,3754,7.155794882049024,9,0.95542125,nan,1
285,3761,6.05066269832644,7,0.955338125,nan,1
286,3774,9.989813902791123,13,0.95518375,nan,1
287,3804,24.76571799441917,30,0.9548275,nan,0
288,3820,11.33322534622349,16,0.9546375,nan,1
289,3850,21.37016189068964,30,0.95428125,nan,0
290,3856,3.995322907632511,6,0.95421,nan,1
291,3875,13.109263367381821,19,0.953984375,nan,1
292,3903,22.851974481312066,28,0.953651875,nan,1
293,3919,12.334000357254807,16,0.953461875,nan,1
294,3929,6.568348499804717,10,0.953343125,nan,1
295,3959,20.742319266915356,30,0.952986875,nan,0
296,3988,19.92762884879607,29,0.9526425000000001,nan,1
297,4013,18.418911627439755,25,0.952345625,nan,1
298,4020,4.96684140559842,7,0.9522625,nan,1
299,4039,14.72035854862246,19,0.952036875,nan,1
300,4061,15.183278987463165,22,0.951775625,nan,1
301,4068,4.965413648101502,7,0.9516925,nan,1
302,4098,20.973002139630225,30,0.95133625,nan,0
303,4128,23.6655627962285,30,0.95098,nan,0
304,4133,3.1982700806576343,5,0.950920625,nan,1
305,4140,5.851154850786598,7,0.9508375,nan,1
306,4166,17.878771929067952,26,0.95052875,nan,1
307,4178,9.958401953110691,12,0.95038625,nan,1
308,4180,1.2783909896727712,2,0.9503625,nan,1
309,4189,6.169147837418754,9,0.950255625,nan,1
310,4196,5.074351717193917,7,0.9501725,nan,1
311,4206,6.780876466248611,10,0.95005375,nan,1
312,4212,4.0150571321975566,6,0.9499825,nan,1
313,4230,12.431814398615655,18,0.94976875,nan,1
314,4247,12.15287236408227,17,0.949566875,nan,1
315,4251,2.7572668943498306,4,0.949519375,nan,1
316,4253,1.2783909896727712,2,0.949495625,nan,1
317,4280,20.420636631583776,27,0.949175,nan,1
318,4298,14.815176958147811,18,0.94896125,nan,1
319,4322,16.559360955267135,24,0.94867625,nan,1
320,4329,4.9193524116945655,7,0.948593125,nan,1
321,4348,13.62551361648101,19,0.9483675,nan,1
322,4355,5.36922706249119,7,0.948284375,nan,1
323,4363,5.563302415005335,8,0.948189375,nan,1
324,4389,21.103281744288523,26,0.947880625,nan,1
325,4400,7.169470144963606,11,0.94775,nan,1
326,4404,2.3989825583753617,4,0.9477025,nan,1
327,4434,22.355830822620323,30,0.9473462500000001,nan,0
328,4464,22.021138797437956,30,0.94699,nan,0
329,4472,6.191843000929101,8,0.946895,nan,1
330,4483,9.79042698480715,11,0.946764375,nan,1
331,4505,15.196530982950566,22,0.946503125,nan,1
332,4535,21.72576505442396,30,0.9461468749999999,nan,0
333,4552,14.383910689813007,17,0.945945,nan,1
334,4559,5.397293783957567,7,0.945861875,nan,1
335,4573,10.01416466379031,14,0.945695625,nan,1
336,4581,5.009128079493996,8,0.945600625,nan,1
337,4586,3.9553723585150364,5,0.94554125,nan,1
338,4616,23.198147237440633,30,0.945185,nan,0
339,4632,13.59117786915656,16,0.944995,nan,1
340,4638,3.731835905305929,6,0.9449237500000001,nan,1
341,4651,9.169024988610396,13,0.944769375,nan,1
342,4660,7.567093190003879,9,0.9446625,nan,1
343,4666,4.758337783326942,6,0.94459125,nan,1
344,4671,3.9590471683324666,5,0.944531875,nan,1
345,4696,18.947750510373695,25,0.944235,nan,1
346,4702,4.957177290232426,6,0.94416375,nan,1
347,4712,8.193578966774306,10,0.944045,nan,1
348,4742,21.12970608533109,30,0.94368875,nan,0
349,4751,7.397010228752924,9,0.943581875,nan,1
350,4757,4.955064039787177,6,0.943510625,nan,1
351,4762,3.047804785499681,5,0.94345125,nan,1
352,4770,6.790169041345663,8,0.94335625,nan,1
353,4779,6.24717018940555,9,0.943249375,nan,1
354,4809,20.656979859103146,30,0.942893125,nan,0
355,4822,9.423113561797827,13,0.94273875,nan,1
356,4833,9.753034024293228,11,0.942608125,nan,1
357,4863,23.38518158001012,30,0.942251875,nan,0
358,4866,1.6000371704030871,3,0.94221625,nan,1
359,4879,11.15172115138162,13,0.942061875,nan,1
360,4884,3.996958369838537,5,0.9420025,nan,1
361,4888,2.5990593639587067,4,0.941955,nan,1
362,4918,25.99156455363996,30,0.94159875,nan,1
363,4938,15.2170533987395,20,0.94136125,nan,1
364,4943,3.8552578102128376,5,0.941301875,nan,1
365,4948,3.560246286141126,5,0.9412425,nan,1
366,4955,5.001038223845792,7,0.941159375,nan,1
367,4964,7.924542531846015,9,0.9410525,nan,1
368,4971,4.649091904731729,7,0.940969375,nan,1
369,4979,6.166271585647416,8,0.940874375,nan,1
370,4985,4.400397314579194,6,0.940803125,nan,1
371,4988,1.9602091714909529,3,0.9407675,nan,1
372,5018,22.835404561787733,30,0.94041125,0.3017861872911453,0
373,5022,2.987565628278572,4,0.94036375,0.1358634978532791,1
374,5043,15.586934295402296,21,0.9401143750000001,0.061136039346456526,1
375,5053,8.54931362954288,10,0.939995625,0.088944045205911,1
376,5062,6.994218953360926,9,0.93988875,0.05807187780737877,1
377,5072,7.413030443103852,10,0.93977,0.043831092615922294,1
378,5102,21.908973206560255,30,0.93941375,0.04688532810126032,0
379,5107,3.204545454545454,5,0.939354375,0.05092446506023407,1
380,5124,13.984146790240732,17,0.9391525000000001,0.0333084661513567,1
381,5140,12.329349064272465,16,0.9389625,0.04051819536834955,1
382,5168,21.498782336053672,28,0.93863,0.04231949256999152,1
383,5179,8.278979758450298,11,0.938499375,0.03582177497446537,1
384,5185,3.8559519108014255,6,0.9384281250000001,0.043635573238134384,1
385,5215,21.61029379546973,30,0.938071875,0.034482132111276896,0
386,5221,4.871997578048432,6,0.938000625,0.03979966137558222,1
387,5239,13.215354457397524,18,0.937786875,0.03530081920325756,1
388,5242,1.9583725634928275,3,0.93775125,0.02626679465174675,1
389,5266,17.426521918755373,24,0.9374662500000001,0.03714206411192814,1
390,5281,13.358983869854773,15,0.937288125,0.03524857386946678,1
391,5284,1.5974290027069835,3,0.9372525,0.029322296380996704,1
392,5300,10.901184670054446,16,0.9370625,0.029242411721497774,1
393,5317,12.894646057550613,17,0.936860625,0.0353947333060205,1
394,5327,8.562277502504372,10,0.9367418750000001,0.035963939037173986,1
395,5339,8.052351028086091,12,0.936599375,0.028621616462866466,1
396,5347,6.401350418682066,8,0.9365043750000001,0.03146901447325945,1
397,5350,1.5982070401394535,3,0.93646875,0.015326002612709999,1
398,5360,6.618392757924181,10,0.93635,0.031033406654993694,1
399,5366,3.9978588565150233,6,0.93627875,0.03225215896964073,1
400,5387,16.043924614106885,21,0.936029375,0.033404485508799556,1
401,5392,3.4497966085224387,5,0.93597,0.03646571561694145,1
402,5402,7.964897731662551,10,0.93585125,0.02989928238093853,1
403,5407,3.173802997885709,5,0.935791875,0.032830916345119476,1
404,5414,5.448957518083461,7,0.93570875,0.02827082946896553,1
405,5418,2.1625542239715383,4,0.93566125,0.03586159646511078,1
406,5425,5.122735406142783,7,0.935578125,0.041862948797643185,1
407,5431,4.168326386237812,6,0.935506875,0.034903235733509064,1
408,5453,16.867503565335983,22,0.935245625,0.029499702155590057,1
409,5457,3.2753832378723966,4,0.935198125,0.04313075914978981,1
410,5460,1.7649228101313175,3,0.9351625,0.050817858427762985,1
411,5490,26.389820057031812,30,0.93480625,0.031702659225889614,0
412,5501,7.459906153670461,11,0.934675625,0.03223309417565664,1
413,5515,10.732968023717435,14,0.934509375,0.03805842250585556,1
414,5531,13.248023582944368,16,0.934319375,0.030749650672078133,1
415,5561,22.91472592936534,30,0.933963125,0.03646086668595672,0
416,5572,8.40237785116897,11,0.9338325,0.038897580156723656,1
417,5582,7.363222546158595,10,0.93371375,0.031604950316250324,1
418,5587,3.9590471683324666,5,0.933654375,0.03321751952171326,1
419,5617,25.138059272551367,30,0.933298125,0.040186402620747685,0
420,5619,1.0543947944607421,2,0.933274375,nan,1
421,5625,4.5582448976082,6,0.933203125,0.04499487951397896,1
422,5641,11.186350330995351,16,0.933013125,0.03448994364589453,1
423,5648,5.553033944611698,7,0.93293,0.03587760776281357,1
424,5660,8.049288032159433,12,0.9327875,0.02848009516795476,1
425,5665,3.2023098115942545,5,0.932728125,0.02974976971745491,1
426,5681,12.608925881963657,16,0.932538125,0.023099076002836227,1
427,5711,22.71964325265467,30,0.9321818749999999,0.03485863363104207,0
428,5718,4.412831268773845,7,0.93209875,0.03719737008213997,1
429,5725,5.754249357136327,7,0.932015625,0.026272385381162167,1
430,5735,8.758298407096982,10,0.931896875,0.02576282061636448,1
431,5765,23.93864662353759,30,0.931540625,0.036166030215099454,0
432,5781,12.76471458326348,16,0.931350625,0.033465633168816566,1
433,5811,21.95444591106468,30,0.930994375,0.033652440777846744,0
434,5822,7.3653144525064915,11,0.93086375,0.03937166432539622,1
435,5831,6.990823226750909,9,0.930756875,0.031906016170978546,1
436,5840,7.757457880170459,9,0.93065,0.03328718990087509,1
437,5861,17.40897607189092,21,0.930400625,0.0339781891554594,1
438,5870,6.287499775272808,9,0.93029375,0.021432899869978428,1
439,5887,12.229699660147107,17,0.930091875,0.03875186247751117,1
440,5900,9.291005949703298,13,0.9299375,0.02533873775973916,1
441,5909,6.8431801994631085,9,0.929830625,0.03997677005827427,1
442,5915,3.848328787083056,6,0.9297593749999999,0.03376098349690437,1
443,5929,10.733404329639223,14,0.929593125,0.030834192875772715,1
444,5959,21.285368402264098,30,0.929236875,0.0331096707710198,0
445,5972,9.025105798633561,13,0.9290825,0.03207458648830652,1
446,6000,24.084181911188555,28,0.92875,0.03293394057878426,1
447,6004,2.759508927129191,4,0.9287025,0.3908173441886902,1
448,6034,22.280859692679783,30,0.92834625,0.20158039246286666,0
449,6037,2.04819644935009,3,0.928310625,0.053308773785829544,1
450,6044,5.76015455078024,7,0.9282275,0.11216196417808533,1
451,6074,21.32255280479321,30,0.92787125,0.11840467367853437,0
452,6077,1.71716437655718,3,0.9278356249999999,0.07853171229362488,1
453,6095,14.551848806449803,18,0.927621875,0.10307739488780499,1
454,6100,3.557624920501958,5,0.9275625,0.08091612346470356,1
455,6130,26.2005607174994,30,0.92720625,0.08541927912405559,0
456,6138,5.087715434384991,8,0.92711125,0.10481946542859077,1
457,6147,7.201123494884028,9,0.927004375,0.0856279730796814,1
458,6152,3.7863047784844777,5,0.926945,0.0851408839225769,1
459,6157,3.449375832870661,5,0.926885625,0.09161985665559769,1
460,6163,4.0012277930894165,6,0.926814375,0.06974826753139496,1
461,6181,13.264747044150626,18,0.9266006250000001,0.08701484352350235,1
462,6185,2.9948725493958523,4,0.926553125,0.06676624715328217,1
463,6201,13.79688539882268,16,0.926363125,0.11170243099331856,1
464,6204,1.7671529078868469,3,0.9263275,0.0781068429350853,1
465,6225,18.088631339596297,21,0.926078125,0.08742070347070693,1
466,6236,9.551387545713629,11,0.9259475,0.0819662834207217,1
467,6239,1.9602091714909529,3,0.9259118749999999,nan,1
468,6242,1.9583725634928275,3,0.92587625,0.09487441182136536,1
469,6252,8.078362820113298,10,0.9257575,0.09771015991767247,1
470,6257,3.9572063683176055,5,0.925698125,0.08818046748638153,1
471,6269,8.17526436900653,12,0.925555625,0.062000141789515816,1
472,6273,2.5660591737676812,4,0.925508125,0.10309871286153793,1
473,6284,7.335186064401756,11,0.9253775,0.08885286251703899,1
474,6314,24.070495553026554,30,0.92502125,0.09053304365703038,0
475,6321,4.7997657601304935,7,0.9249381249999999,0.08815888315439224,1
476,6328,5.786316882786403,7,0.924855,0.11053092405200005,1
477,6333,2.9636735340394504,5,0.924795625,0.09495678544044495,1
478,6339,4.756377468969664,6,0.924724375,0.15423324704170227,1
479,6350,8.364667383345525,11,0.92459375,0.0895097404718399,1
480,6352,0.9660165442504834,2,0.92457,0.0572679303586483,1
481,6356,2.5682892715232106,4,0.9245225,0.0926923081278801,1
482,6359,1.6471451807670068,3,0.924486875,nan,1
483,6365,4.562452917575091,6,0.924415625,0.06168709509074688,1
484,6370,3.7593386857253077,5,0.92435625,0.06346336752176285,1
485,6389,16.12297847537865,19,0.924130625,0.09018934890627861,1
486,6394,3.1997017299797106,5,0.92407125,0.15240156650543213,1
487,6418,16.36148908363512,24,0.92378625,0.07785317736367385,1
488,6429,8.444368771870366,11,0.923655625,0.08081277459859848,1
489,6440,7.78089867019943,11,0.923525,0.0940709908803304,1
490,6470,23.292217831191614,30,0.92316875,0.0863724872469902,0
491,6492,15.066875922905828,22,0.9229075,0.09562938908735912,1
492,6508,12.78052183811876,16,0.9227175,0.08110015280544758,1
493,6518,7.640728915620665,10,0.92259875,0.10758789628744125,1
494,6522,3.1958220062021736,4,0.92255125,0.10192541033029556,1
495,6527,3.9571975996624404,5,0.922491875,0.08074313402175903,1
496,6531,2.9592167598122607,4,0.922444375,0.11689259856939316,1
497,6534,2.0772972363439632,3,0.92240875,0.11271287500858307,1
498,6540,4.959018187143877,6,0.9223375,0.07013379037380219,1
499,6543,1.9583725634928275,3,0.922301875,nan,1
500,6546,1.9583725634928275,3,0.9222662500000001,0.07536320388317108,1
501,6556,6.946965146642639,10,0.9221475,0.0735931247472763,1
502,6568,8.255790995839316,12,0.922005,0.11536816755930583,1
503,6580,9.087846644946987,12,0.9218625,0.11744473377863567,1
504,6605,18.89805040930485,25,0.921565625,0.08628122384349506,1
505,6610,3.3193905787381284,5,0.92150625,0.06259062886238098,1
506,6617,5.243143029967531,7,0.921423125,0.06202623434364796,1
507,6625,6.955315974549672,8,0.921328125,0.11753648519515991,1
508,6630,3.9556112295059234,5,0.92126875,0.05487687140703201,1
509,6646,11.944804424611691,16,0.92107875,0.09504218399524689,1
510,6656,6.687174024457848,10,0.92096,0.09522826721270879,1
511,6660,2.566053658965085,4,0.9209125,0.09554103016853333,1
512,6670,6.490252494684907,10,0.92079375,0.06077572703361511,1
513,6677,4.651310504173962,7,0.920710625,0.08488351479172707,1
514,6687,7.641496821547707,10,0.920591875,0.09104812517762184,1
515,6692,3.9572014196905787,5,0.9205325,0.09845202416181564,1
516,6701,6.956394923163669,9,0.920425625,0.11946291849017143,1
517,6704,1.7649228101313175,3,0.92039,0.13442827761173248,1
518,6729,19.88937897917885,25,0.920093125,0.09544395531217258,1
519,6734,3.56248189876368,5,0.92003375,0.13488362729549408,1
520,6745,9.876378722534808,11,0.919903125,0.08176294714212418,1
521,6749,2.957376534134098,4,0.919855625,0.14153842628002167,1
522,6756,5.160316584855636,7,0.9197725,0.07461691275238991,1
523,6767,9.201127284136478,11,0.919641875,0.08842651173472404,1
524,6781,12.476456482775118,14,0.919475625,0.084112330339849,1
525,6786,3.0921604461726497,5,0.91941625,0.10124862194061279,1
526,6789,1.9583725634928275,3,0.9193806250000001,0.08476965129375458,1
527,6796,4.404838107774546,7,0.9192975,0.09847767651081085,1
528,6810,10.128104955563842,14,0.91913125,0.08485058322548866,1
529,6815,3.983368128663332,5,0.919071875,0.10761554539203644,1
530,6845,23.664216292191107,30,0.918715625,0.10382444504648447,0
531,6855,8.756713917350837,10,0.918596875,0.09796997532248497,1
532,6858,1.7671529078868469,3,0.91856125,0.08284136652946472,1
533,6864,4.003446175230618,6,0.91849,0.10897466167807579,1
534,6866,1.2783909896727712,2,0.91846625,nan,1
535,6874,5.180788471931018,8,0.91837125,0.09641044586896896,1
536,6890,12.89486767086581,16,0.91818125,0.10557353682816029,1
537,6906,13.848133013467903,16,0.91799125,0.09566021896898746,1
538,6932,19.14208225307822,26,0.9176825,0.09181034564971924,1
539,6943,9.356695177732917,11,0.917551875,0.10861747339367867,1
540,6948,3.214897722553548,5,0.9174925,0.06141173653304577,1
541,6955,5.781120588847997,7,0.917409375,0.05848564952611923,1
542,6969,9.410723067544051,14,0.917243125,0.08170690480619669,1
543,6981,9.042489889838855,12,0.917100625,0.12033839523792267,1
544,7011,21.924032777020592,30,0.9167443750000001,0.21803211952958787,0
545,7041,24.53143740408685,30,0.916388125,0.23023529816418886,0
546,7050,6.055780455457143,9,0.91628125,0.23728887736797333,1
547,7069,13.587765738396532,19,0.916055625,0.17007883191108703,1
548,7094,18.998007775755724,25,0.91575875,0.1996584633986155,1
549,7116,19.993615064450964,22,0.9154975,0.17027663687864938,1
550,7121,3.198220625603033,5,0.915438125,0.14923441410064697,1
551,7151,24.138144575905073,30,0.915081875,0.17699222266674042,0
552,7161,7.804384539628146,10,0.914963125,0.1779330869515737,1
553,7168,4.9568791894824304,7,0.91488,0.15377174317836761,1
554,7180,8.292419861630396,12,0.9147375,0.14588112632433572,1
555,7193,10.25366017066981,13,0.914583125,0.17271430293718973,1
556,7205,8.933486612213699,12,0.914440625,0.152403324842453,1
557,7210,3.9556185106781476,5,0.91438125,0.1447584331035614,1
558,7217,5.52739988784429,7,0.914298125,0.2513244152069092,1
559,7226,5.971586979585427,9,0.91419125,0.1339513510465622,1
560,7249,15.720962032905929,23,0.913918125,0.1389834185441335,1
561,7256,6.076485667758479,7,0.913835,0.09648093208670616,1
562,7263,5.034179426194085,7,0.913751875,0.17779436707496643,1
563,7271,6.36337767253759,8,0.913656875,0.15086004883050919,1
564,7301,24.020244522622658,30,0.913300625,0.13139796815812588,0
565,7306,3.4384002668175886,5,0.91324125,0.16506445407867432,1
566,7314,6.758308684802524,8,0.91314625,0.13232390582561493,1
567,7324,7.485387389949931,10,0.9130275,0.18151143689950308,1
568,7330,4.7890992901212615,6,0.91295625,0.10176810622215271,1
569,7359,21.95827923359272,29,0.912611875,0.16651179960795812,1
570,7364,3.197046630217937,5,0.9125525,0.16302429139614105,1
571,7384,15.45278550245366,20,0.912315,0.19693690836429595,1
572,7401,13.083989078695767,17,0.912113125,0.14101792871952057,1
573,7414,11.597379695728323,13,0.91195875,0.19745186964670816,1
574,7424,7.128474792341526,10,0.91184,0.19561008115609488,1
575,7431,4.813546176051254,7,0.911756875,0.19519898295402527,1
576,7446,10.733186949092435,15,0.91157875,0.13922611251473427,1
577,7456,6.685870921359027,10,0.9114599999999999,0.17002534121274948,1
578,7477,17.16641984337702,21,0.911210625,0.15627394914627074,1
579,7480,1.7840426852069369,3,0.911175,0.04543685168027878,1
580,7491,7.5376140921515935,11,0.911044375,0.20759516954421997,1
581,7514,21.5865463174569,23,0.91077125,0.16113894681135812,1
582,7527,10.092188132691765,13,0.910616875,0.18194188674290976,1
583,7532,3.4024166792303987,5,0.9105575,0.08219198510050774,1
584,7542,7.854939494537402,10,0.91043875,0.14806313812732697,1
585,7548,3.995276360609417,6,0.9103675,0.1597241908311844,1
586,7556,5.328553042866762,8,0.9102725,0.18710289150476456,1
587,7570,10.639793758268333,14,0.91010625,0.19212416311105093,1
588,7576,3.7262017835384085,6,0.910035,0.16298406571149826,1
589,7583,5.955584371225402,7,0.909951875,0.11281468719244003,1
590,7592,6.24950302709923,9,0.909845,0.1956257944305738,1
591,7602,8.716878531667938,10,0.90972625,0.13044246286153793,1
592,7609,4.574151324424341,7,0.909643125,0.16902456432580948,1
593,7615,4.003463314880629,6,0.909571875,0.16098789870738983,1
594,7645,25.05335747960777,30,0.909215625,0.15363114699721336,0
595,7649,2.9592167598122607,4,0.909168125,0.1392049789428711,1
596,7668,15.680652825602287,19,0.9089425,0.16001799553632737,1
597,7675,5.7603191897158785,7,0.908859375,0.13791580498218536,1
598,7679,3.074464295439405,4,0.908811875,0.1805400401353836,1
599,7686,4.800137280032336,7,0.90872875,0.1411229446530342,1
600,7698,10.559083806185132,12,0.90858625,0.17164591948191324,1
601,7708,6.3330283799164215,10,0.9084675,0.1717946877082189,1
602,7718,7.561068280144706,10,0.90834875,0.20410095900297165,1
603,7738,15.670277218414792,20,0.90811125,0.1657803922891617,1
604,7747,6.404647396868603,9,0.908004375,0.12699314206838608,1
605,7761,10.854831516788563,14,0.907838125,0.16744984686374664,1
606,7789,21.767161869654156,28,0.907505625,0.16589251799242838,1
607,7814,20.49854064829598,25,0.90720875,0.1434838225444158,1
608,7823,6.044004387005361,9,0.907101875,0.1790456548333168,1
609,7834,8.28655954168046,11,0.90697125,0.18407368659973145,1
610,7845,7.725002431083814,11,0.9068406250000001,0.15650105476379395,1
611,7857,8.28353846231469,12,0.906698125,0.16571925580501556,1
612,7860,1.9583725634928275,3,0.9066625,0.22298777103424072,1
613,7872,9.357397324961308,12,0.90652,0.1579080323378245,1
614,7897,19.974101627832514,25,0.906223125,0.16861086090405783,1
615,7904,5.394754533476893,7,0.90614,0.22877994179725647,1
616,7920,13.325909383593428,16,0.90595,0.12463568150997162,1
617,7924,2.3967428722363344,4,0.9059025,0.18143725395202637,1
618,7927,1.7882914348457195,3,0.9058668750000001,nan,1
619,7951,19.328717534582378,24,0.905581875,0.1728335420290629,1
620,7959,6.252722290790088,8,0.905486875,0.18674055486917496,1
621,7968,5.8900079854920175,9,0.90538,0.16184810797373453,1
622,7973,3.4001865502029167,5,0.905320625,0.12649023532867432,1
623,7988,11.220449574049033,15,0.9051425,0.1665031835436821,1
624,7992,2.761345535127316,4,0.905095,0.14660736918449402,1
625,8009,13.611956975328152,17,0.904893125,0.33077289164066315,1
626,8012,1.7953289908768333,3,0.9048575,0.28257590532302856,1
627,8038,19.73197600575571,26,0.90454875,0.30312921355168027,1
628,8048,6.572689500187854,10,0.9044300000000001,0.3186900168657303,1
629,8063,13.152073117585601,15,0.904251875,0.14857093493143717,1
630,8069,3.645491715857632,6,0.904180625,0.1925065815448761,1
631,8071,0.9660165442504834,2,0.904156875,nan,1
632,8080,5.573863636363636,9,0.90405,0.23986334602038065,1
633,8096,11.650453344620141,16,0.90386,0.2928552217781544,1
634,8126,22.63208161614836,30,0.90350375,0.24323597337518418,0
635,8131,3.054832503532826,5,0.903444375,0.24701741337776184,1
636,8158,20.81621464007496,27,0.90312375,0.25692231953144073,1
637,8163,3.6515770899804867,5,0.903064375,0.14429041743278503,1
638,8166,1.9602091714909529,3,0.90302875,0.20696541666984558,1
639,8170,2.401173448340891,4,0.9029812500000001,0.11528213322162628,1
640,8188,12.889127133586799,18,0.9027675000000001,0.2220548838376999,1
641,8199,7.650662248793986,11,0.902636875,0.19738424569368362,1
642,8224,21.998741108104454,25,0.90234,0.2340490881885801,1
643,8234,7.447597635034185,10,0.90222125,0.19199197739362717,1
644,8249,10.929588036594167,15,0.9020431250000001,0.19394990801811218,1
645,8258,6.5654212436144475,9,0.90193625,0.2861686795949936,1
646,8262,2.3989825583753617,4,0.90188875,0.14032676815986633,1
647,8273,8.392989663081643,11,0.901758125,0.20029626786708832,1
648,8293,14.166237825618143,20,0.901520625,0.28627421259880065,1
649,8298,3.591703225593266,5,0.90146125,0.19240069389343262,1
650,8312,10.718467203117282,14,0.901295,0.20703327655792236,1
651,8317,4.074285967986008,5,0.901235625,0.4224916994571686,1
652,8335,13.026712114177935,18,0.901021875,0.22301644459366798,1
653,8355,15.39104140396605,20,0.900784375,0.2571557581424713,1
654,8364,6.969264146950168,9,0.9006775,0.2635278304417928,1
655,8374,7.163311877010184,10,0.90055875,0.29408273100852966,1
656,8393,16.56064884516453,19,0.900333125,0.1867953822016716,1
657,8396,1.4547784624645592,3,0.9002975,0.26323872804641724,1
658,8400,2.6483014977507264,4,0.90025,0.08096922934055328,1
659,8403,1.7269591395607595,3,0.900214375,nan,1
660,8407,2.1317584265925693,4,0.900166875,0.23498302698135376,1
661,8436,22.171303335226753,29,0.8998225,0.25050830841064453,1
662,8440,2.9195409641714383,4,0.899775,0.2429462969303131,1
663,8457,14.679416990913568,17,0.899573125,0.22621116042137146,1
664,8466,7.7568822312342816,9,0.89946625,0.286509744822979,1
665,8474,6.955299826692759,8,0.89937125,0.22474433481693268,1
666,8490,14.149095449294919,16,0.89918125,0.20800083130598068,1
667,8505,10.604572435911818,15,0.899003125,0.19952663965523243,1
668,8521,11.562522028898263,16,0.898813125,0.24639777839183807,1
669,8528,5.7566291141316,7,0.89873,0.2021203488111496,1
670,8538,9.193683897451285,10,0.89861125,0.2826584130525589,1
671,8567,23.852880864278752,29,0.898266875,0.19586056470870972,1
672,8589,19.451737787004955,22,0.898005625,0.2108080138762792,1
673,8600,8.99894353805846,11,0.897875,0.2228559454282125,1
674,8611,8.659199895610598,11,0.897744375,0.26861440390348434,1
675,8638,21.311033983326194,27,0.89742375,0.20865088275500707,1
676,8653,10.568764581353737,15,0.897245625,0.23882490396499634,1
677,8668,11.852397324269306,15,0.8970675,0.24154308810830116,1
678,8678,7.483128318892787,10,0.89694875,0.18710212409496307,1
679,8690,8.920885581608484,12,0.89680625,0.24379106362660727,1
680,8693,1.5982070401394535,3,0.896770625,0.26580810546875,1
681,8710,14.05672109017196,17,0.89656875,0.21175559982657433,1
682,8720,7.812594135305885,10,0.89645,0.2510235706965129,1
683,8729,6.614840735611964,9,0.896343125,0.17736827582120895,1
684,8756,18.733751601097286,27,0.8960224999999999,0.20737155846187047,1
685,8772,11.615929290569046,16,0.8958325,0.21994977444410324,1
686,8785,9.099763395528688,13,0.895678125,0.27084289491176605,1
687,8809,18.11496053431139,24,0.895393125,0.23745147387186685,1
688,8832,19.16818673235417,23,0.89512,0.17658556252717972,1
689,8835,1.9602091714909529,3,0.895084375,nan,1
690,8838,1.6000542239715385,3,0.89504875,0.3276422619819641,1
691,8843,3.386788070821624,5,0.894989375,0.2568284273147583,1
692,8862,16.048741200519235,19,0.89476375,0.21470223665237426,1
693,8879,13.195762237791694,17,0.894561875,0.24615179747343063,1
694,8888,7.354644953462055,9,0.894455,0.23421531915664673,1
695,8894,4.396609306470868,6,0.89438375,0.19235184788703918,1
696,8907,9.289178341663597,13,0.894229375,0.19704434275627136,1
697,8911,2.3989825583753617,4,0.894181875,0.19116529822349548,1
698,8919,5.565110382549369,8,0.894086875,0.2024354413151741,1
699,8922,1.7671529078868469,3,0.89405125,0.20347976684570312,1
700,8932,8.555534805076547,10,0.8939325,0.18614995976289114,1
701,8938,4.559649261406825,6,0.89386125,0.2170144021511078,1
702,8942,2.919539756891227,4,0.89381375,0.11624066531658173,1
703,8952,7.563778641055664,10,0.893695,0.22848457594712576,1
704,8955,1.9583725634928275,3,0.893659375,nan,1
705,8957,1.1985551664893401,2,0.893635625,0.22682228684425354,1
706,8964,5.2037074264130645,7,0.8935525,0.16915246844291687,1
707,8973,5.861357781985653,9,0.893445625,0.16818296909332275,1
708,9003,21.956794405096787,30,0.893089375,0.22070468962192535,1
709,9023,14.357830433645399,20,0.892851875,0.4931226968765259,1
710,9027,2.7591154181621453,4,0.892804375,0.5139830112457275,1
711,9057,21.45773776883842,30,0.892448125,0.3135286495089531,0
712,9070,8.46475295248957,13,0.89229375,0.2443278729915619,1
713,9087,12.583150075075126,17,0.892091875,0.30784958973526955,1
714,9095,6.123365489548825,8,0.891996875,0.33341898024082184,1
715,9103,6.3602206164278074,8,0.8919018750000001,0.2550622373819351,1
716,9116,10.107238624866639,13,0.8917475,0.3174719624221325,1
717,9120,2.4011735340394504,4,0.8917,0.34436851739883423,1
718,9126,4.400397314579194,6,0.89162875,0.24904656410217285,1
719,9130,2.3989273212049906,4,0.89158125,0.20944830775260925,1
720,9142,7.782022425563624,12,0.8914387500000001,0.2807209988435109,1
721,9146,2.596465354513197,4,0.89139125,0.24807226657867432,1
722,9148,1.2765543816746459,2,0.8913675,0.24275268614292145,1
723,9157,6.1245786445356165,9,0.891260625,0.2532922476530075,1
724,9163,4.566240925460683,6,0.891189375,0.3426213264465332,1
725,9168,2.963690587607902,5,0.89113,0.329794779419899,1
726,9195,19.625685041604974,27,0.890809375,0.28429004301627475,1
727,9222,19.627650059608204,27,0.89048875,0.25240608411175863,1
728,9236,10.560993227825403,14,0.8903225,0.26012275740504265,1
729,9260,19.766031319670038,24,0.8900375,0.2492146516839663,1
730,9264,2.3974713947814035,4,0.8899900000000001,0.17112594842910767,1
731,9276,7.823970878683456,12,0.8898475,0.28585444142421085,1
732,9283,4.931896653970984,7,0.889764375,0.27732813358306885,1
733,9291,6.2972893368672676,8,0.889669375,0.3289762958884239,1
734,9295,2.3967428722363344,4,0.889621875,0.2159973680973053,1
735,9298,1.7671529078868469,3,0.88958625,0.3262926936149597,1
736,9306,6.959012388268193,8,0.8894912500000001,0.21546699851751328,1
737,9308,1.2765543816746459,2,0.8894675,0.5553860664367676,1
738,9324,12.838680162889606,16,0.8892774999999999,0.24541497230529785,1
739,9336,10.55719902854592,12,0.889135,0.2757093906402588,1
740,9354,16.040688815014438,18,0.88892125,0.35478151589632034,1
741,9360,4.957177290232426,6,0.88885,0.33242638409137726,1
742,9364,3.0522573515971425,4,0.8888025,0.3319038450717926,1
743,9372,6.652324888631962,8,0.8887075,0.20707379281520844,1
744,9394,16.942184789390986,22,0.88844625,0.26783348619937897,1
745,9400,4.19857945700365,6,0.888375,0.2313753142952919,1
746,9410,9.119961301967699,10,0.88825625,0.3630257397890091,1
747,9414,2.7572907203812167,4,0.88820875,0.0458659864962101,1
748,9422,6.209159574218015,8,0.88811375,0.2672329619526863,1
749,9427,3.7923212284615007,5,0.8880543750000001,0.4168380796909332,1
750,9448,17.555227884855707,21,0.887805,0.24624227484067282,1
751,9478,24.24822178700371,30,0.88744875,0.26344864070415497,0
752,9488,8.159487870604202,10,0.88733,0.35349148511886597,1
753,9498,8.761991538452207,10,0.88721125,0.2512557804584503,1
754,9503,3.9590471683324666,5,0.887151875,0.1375541090965271,1
755,9533,26.810671935458696,30,0.886795625,0.3169171717017889,1
756,9558,17.749678838590526,25,0.88649875,0.30696485688289005,1
757,9565,4.299150685351007,7,0.886415625,0.26316042244434357,1
758,9568,1.6000542239715385,3,0.88638,0.3051769733428955,1
759,9581,11.476931431538013,13,0.886225625,0.301799734433492,1
760,9583,1.0508547873237735,2,0.886201875,nan,1
761,9613,23.987601552431844,30,0.885845625,0.2569784875959158,0
762,9640,23.347660709323865,27,0.885525,0.2761192257915224,1
763,9654,10.253419467034977,14,0.88535875,0.3210686345895131,1
764,9660,3.5261905876079016,6,0.8852875,0.2782350778579712,1
765,9667,5.756191405269328,7,0.885204375,0.35033127665519714,1
766,9678,9.559605211057454,11,0.88507375,0.3310944239298503,1
767,9684,4.206431644778848,6,0.8850025,0.3171698749065399,1
768,9714,27.59821653638133,30,0.88464625,0.33033519770417896,0
769,9726,10.75560113507948,12,0.88450375,0.2909182161092758,1
770,9729,1.5974290027069835,3,0.884468125,0.44694003462791443,1
771,9736,4.670931441245024,7,0.884385,0.4069080948829651,1
772,9756,16.0743427164047,20,0.8841475,0.2581800103187561,1
773,9760,2.4011735340394504,4,0.8841,0.14012733101844788,1
774,9772,8.810111830641963,12,0.8839575,0.2775200307369232,1
775,9802,21.762842109542138,30,0.88360125,0.23796471314770834,1
776,9812,6.896109046140215,10,0.8834825,0.29440076152483624,1
777,9818,5.2737576534473165,6,0.88341125,0.3375946581363678,1
778,9821,2.054161341022417,3,0.883375625,0.2426098734140396,1
779,9834,12.115477235775197,13,0.88322125,0.31340456008911133,1
780,9841,5.555136568906769,7,0.883138125,0.36328667402267456,1
781,9847,4.756112614600217,6,0.883066875,0.315463125705719,1
782,9850,2.054161341022417,3,0.88303125,0.19865018129348755,1
783,9880,23.120930839000472,30,0.882675,0.31294333189725876,0
784,9886,4.0056818181818175,6,0.88260375,0.34351521730422974,1
785,9909,17.950628320629818,23,0.882330625,0.26937973996003467,1
786,9916,5.202272684656541,7,0.8822475,0.28335198760032654,1
787,9924,6.951885580516296,8,0.8821525,0.3277714252471924,1
788,9935,8.599773648524467,11,0.882021875,0.37833862006664276,1
789,9946,9.995099174740528,11,0.88189125,0.29031699895858765,1
790,9976,24.240253901533276,30,0.881535,0.28041098080575466,0
791,9995,16.800473312521305,19,0.881309375,0.3350486420094967,1
792,10003,5.455645319565539,8,0.881214375,0.2604273781180382,1
793,10033,20.770490665894364,30,0.880858125,0.4920812249183655,0
794,10036,1.5974290027069837,3,0.8808225,0.4735376834869385,1
795,10055,15.246991554213206,19,0.880596875,0.39553800225257874,1
796,10059,2.759508927129191,4,0.880549375,0.32883420586586,1
797,10075,11.1326943783824,16,0.880359375,0.3668340668082237,1
798,10086,9.080271594858562,11,0.88022875,0.377078652381897,1
799,10108,16.101504855999885,22,0.8799675,0.3697378362218539,1
800,10125,13.648544811701871,17,0.879765625,0.3641628175973892,1
801,10155,25.89119428001566,30,0.879409375,0.28845299567495075,0
802,10159,2.7572668943498306,4,0.879361875,0.45670273900032043,1
803,10174,10.539625002934251,15,0.87918375,0.38720205426216125,1
804,10180,4.756112614600217,6,0.8791125,0.2594252750277519,1
805,10189,6.5647685315036295,9,0.879005625,0.4043709635734558,1
806,10200,7.613767694399557,11,0.878875,0.316966434319814,1
807,10215,12.213435163016756,15,0.878696875,0.3015023072560628,1
808,10222,5.790695805814513,7,0.87861375,0.30401672422885895,1
809,10237,10.609646491694894,15,0.878435625,0.3956962004303932,1
810,10246,6.5214397149910734,9,0.87832875,0.30183278024196625,1
811,10249,1.9602091714909529,3,0.878293125,0.4112723469734192,1
812,10260,7.970116009061632,11,0.8781625,0.3488524357477824,1
813,10290,24.774600484241468,30,0.87780625,0.3772424714905875,0
814,10305,11.36889824750008,15,0.877628125,0.31749093532562256,1
815,10307,0.9850976595546611,2,0.877604375,nan,1
816,10317,8.000429347479358,10,0.877485625,0.41646302739779156,1
817,10321,2.766160496208155,4,0.877438125,0.32393935322761536,1
818,10330,6.95694729003782,9,0.87733125,0.20885976403951645,1
819,10344,10.843940935734667,14,0.877165,0.30969351530075073,1
820,10350,4.957172438484455,6,0.87709375,0.3164936304092407,1
821,10358,5.68339395745527,8,0.87699875,0.4040104150772095,1
822,10377,14.609912470682808,19,0.876773125,0.3540976941585541,1
823,10380,1.9602091714909529,3,0.8767375,0.3422815501689911,1
824,10383,1.6000371704030871,3,0.876701875,nan,1
825,10388,3.846657866984641,5,0.8766425,0.2540472745895386,1
826,10400,8.84785803659966,12,0.8765000000000001,0.3323848595221837,1
827,10408,5.373050810305195,8,0.876405,0.22077178210020065,1
828,10428,14.229797699486365,20,0.8761675,0.3289931952953339,1
829,10436,6.521382622923995,8,0.8760725,0.3477013409137726,1
830,10451,10.39141979729843,15,0.875894375,0.2936210185289383,1
831,10455,3.272202504180511,4,0.875846875,0.6001155376434326,1
832,10459,2.5660591737676812,4,0.875799375,0.3370305299758911,1
833,10478,15.283235667044162,19,0.87557375,0.3908638507127762,1
834,10501,16.874061456317314,23,0.8753006249999999,0.39812518159548443,1
835,10508,4.6921976165664825,7,0.8752175,0.30413080751895905,1
836,10514,4.720586836716111,6,0.87514625,0.28491997718811035,1
837,10526,9.396362150712623,12,0.87500375,0.3679903248945872,1
838,10529,1.9583725634928275,3,0.874968125,0.26505517959594727,1
839,10537,5.362990885480114,8,0.874873125,0.37505200505256653,1
840,10541,2.766160496208155,4,0.8748256249999999,0.2783870995044708,1
841,10561,15.96884927872976,20,0.874588125,0.4055909037590027,1
842,10577,14.557323360335516,16,0.874398125,0.36625421792268753,1
843,10582,3.9572014196905787,5,0.8743387499999999,0.2955608367919922,1
844,10585,1.9583725634928275,3,0.874303125,0.27590352296829224,1
845,10605,16.48125189410856,20,0.8740656250000001,0.4466160833835602,1
846,10610,3.526690928603971,5,0.87400625,0.3835837244987488,1
847,10614,2.957376534134098,4,0.87395875,0.35671961307525635,1
848,10632,15.595174550699088,18,0.873745,0.2857974678277969,1
849,10641,6.2557942240673645,9,0.873638125,0.3990585505962372,1
850,10650,6.958608400076832,9,0.87353125,0.3120472878217697,1
851,10663,10.39342699617234,13,0.8733768749999999,0.3515631705522537,1
852,10673,6.45250718138162,10,0.873258125,0.4102933506170909,1
853,10687,11.243846269617237,14,0.8730918750000001,0.4747472008069356,1
854,10706,15.608684049096224,19,0.87286625,0.3724762886762619,1
855,10720,10.775294960229878,14,0.8727,0.29785067215561867,1
856,10724,2.7591154181621453,4,0.8726525,0.30637869238853455,1
857,10730,4.957168006567855,6,0.87258125,0.4163990616798401,1
858,10745,12.20345521437395,15,0.872403125,0.3095388635993004,1
859,10751,4.756103542829466,6,0.872331875,0.38133978843688965,1
860,10758,5.561319895605194,7,0.87224875,0.37504035234451294,1
861,10763,3.3671955374040445,5,0.872189375,0.16317835450172424,1
862,10769,3.8602317657372027,6,0.8721181250000001,0.2533600628376007,1
863,10774,3.4475473130989105,5,0.87205875,0.14913125336170197,1
864,10783,7.559050349249876,9,0.871951875,0.4064691364765167,1
865,10791,5.763195144102263,8,0.871856875,0.43074288964271545,1
866,10807,11.216099431576223,16,0.8716668750000001,0.2977956458926201,1
867,10824,12.302741654628536,17,0.8714649999999999,0.3317632138729095,1
868,10830,4.358754950569488,6,0.87139375,0.32639557123184204,1
869,10860,24.07050874702541,30,0.8710375,0.3485328145325184,0
870,10877,13.41910241836176,17,0.870835625,0.4040013998746872,1
871,10886,7.157308340247399,9,0.87072875,0.46220092475414276,1
872,10908,16.42287830437358,22,0.8704675,0.3440307751297951,1
873,10913,3.0491812523599235,5,0.870408125,0.455586314201355,1
874,10918,3.7562824772575865,5,0.87034875,0.1889335811138153,1
875,10922,2.987565628278572,4,0.87030125,0.39586710929870605,1
876,10942,14.38412162827542,20,0.87006375,0.33969554901123045,1
877,10957,11.401109689319238,15,0.869885625,0.3346598148345947,1
878,10966,6.884483096915332,9,0.86977875,0.2971307784318924,1
879,10970,2.566053658965085,4,0.8697312500000001,0.30759480595588684,1
880,10986,11.420219860930521,16,0.86954125,0.3222704567015171,1
881,10993,6.074251014961454,7,0.869458125,0.3376319408416748,1
882,11001,5.961027643494078,8,0.869363125,0.32690949738025665,1
883,11017,11.443225462101623,16,0.869173125,0.5333244279026985,1
884,11022,3.9550942616836293,5,0.86911375,0.8186938166618347,1
885,11025,1.5982070401394535,3,0.869078125,0.6403290033340454,1
886,11029,2.5660591737676812,4,0.869030625,0.44701170921325684,1
887,11036,4.667857925455001,7,0.8689475,0.5737172365188599,1
888,11044,6.5126026029794,8,0.8688525,0.4325276017189026,1
889,11050,4.003446175230618,6,0.8687812500000001,0.28891536593437195,1
890,11065,12.236359921457433,15,0.868603125,0.5271492078900337,1
891,11081,12.379250189065583,16,0.868413125,0.44623173773288727,1
892,11091,6.684324621263361,10,0.8682943750000001,0.41167399287223816,1
893,11095,2.5873703868273883,4,0.868246875,0.3402005732059479,1
894,11115,14.380481047727098,20,0.868009375,0.4431196451187134,1
895,11122,4.799689669169603,7,0.86792625,0.3872419148683548,1
896,11129,4.884284592899716,7,0.867843125,0.4677327871322632,1
897,11159,24.591716798058584,30,0.867486875,0.4490817742688315,0
898,11166,4.267531478641311,7,0.86740375,0.34237681329250336,1
899,11175,6.967909894354598,9,0.8672968750000001,0.4444892257452011,1
900,11181,4.08536632057742,6,0.867225625,0.31912074983119965,1
901,11190,7.596974029205911,9,0.8671187499999999,0.3137851655483246,1
902,11203,9.542133050428456,13,0.866964375,0.47837135195732117,1
903,11213,7.050142341257715,10,0.8668456250000001,0.4280448853969574,1
904,11217,2.415980045634204,4,0.866798125,0.3458314538002014,1
905,11222,3.76599090472836,5,0.86673875,0.4942636489868164,1
906,11241,16.005967920469022,19,0.866513125,0.4631456196308136,1
907,11244,1.9602091714909529,3,0.8664775,0.45332199335098267,1
908,11248,2.3989273212049906,4,0.86643,0.4424816370010376,1
909,11252,2.566053658965085,4,0.8663825,0.5181927680969238,1
910,11282,24.396507613251497,30,0.86602625,0.40092223244053976,1
911,11293,8.0523435959802,11,0.8658956250000001,0.4102129290501277,1
912,11300,5.9571636464636555,7,0.8658125,0.43002572655677795,1
913,11309,7.561889420253877,9,0.865705625,0.29056860506534576,1
914,11320,8.28769419216779,11,0.865575,0.40196027358373004,1
915,11327,4.884142275431631,7,0.865491875,0.4109102487564087,1
916,11331,2.9217704775349755,4,0.865444375,0.6761349439620972,1
917,11340,6.882886462282568,9,0.8653375,0.39164040486017865,1
918,11355,13.87155652037972,15,0.865159375,0.29933658242225647,1
919,11372,14.436011937814223,17,0.8649575,0.3884642422199249,1
920,11381,6.364276180643233,9,0.864850625,0.4777039885520935,1
921,11386,3.2023098115942545,5,0.86479125,0.43653568625450134,1
922,11397,7.616698001338859,11,0.864660625,0.4511932035287221,1
923,11400,1.8842354771469032,3,0.864625,0.3034549951553345,1
924,11403,1.9602091714909529,3,0.864589375,nan,1
925,11433,23.19155730485505,30,0.864233125,0.4200972132384777,0
926,11443,8.955574771475188,10,0.864114375,0.45701202750205994,1
927,11446,1.6530620728196186,3,0.86407875,0.5966918468475342,1
928,11449,1.7953289908768333,3,0.864043125,0.2545022964477539,1
929,11456,4.653521496794638,7,0.8639600000000001,0.5597387254238129,1
930,11471,13.7491936036837,15,0.863781875,0.47519123554229736,1
931,11489,13.684992237531516,18,0.863568125,0.44039641618728637,1
932,11495,4.165698652617526,6,0.863496875,0.49319255352020264,1
933,11501,4.959018187143877,6,0.8634256250000001,0.5182030200958252,1
934,11504,1.7671529078868469,3,0.86339,0.38775497674942017,1
935,11508,2.5642135175608773,4,0.8633425,0.48330092430114746,1
936,11525,14.003751742238695,17,0.863140625,0.48747020214796066,1
937,11532,6.074243614347329,7,0.8630575,0.45439502596855164,1
938,11544,9.409277081279203,12,0.862915,0.3930136561393738,1
939,11548,2.9592167598122607,4,0.8628675,0.42353183031082153,1
940,11558,8.185459728674127,10,0.86274875,0.34480539709329605,1
941,11561,1.7671529078868469,3,0.862713125,0.33476394414901733,1
942,11582,17.85337291359863,21,0.8624637500000001,0.4641770303249359,1
943,11602,15.031409639834697,20,0.86222625,0.39813289046287537,1
944,11614,9.249285225350063,12,0.86208375,0.5109705726305643,1
945,11644,25.36874354550025,30,0.8617275,0.45732657611370087,0
946,11646,0.9660165442504834,2,0.86170375,nan,1
947,11660,11.760279470154462,14,0.8615375000000001,0.4633285850286484,1
948,11665,3.364987613054878,5,0.861478125,0.2970411479473114,1
949,11677,8.654592281115892,12,0.861335625,0.45361364881197613,1
950,11689,10.557213920954158,12,0.861193125,0.45717906951904297,1
951,11693,2.3974713947814035,4,0.861145625,0.24534013867378235,1
952,11706,11.593426772665715,13,0.86099125,0.35935260852177936,1
953,11714,5.5229509347298915,8,0.86089625,0.33903008699417114,1
954,11727,11.950025053378614,13,0.860741875,0.4086574117342631,1
955,11741,12.164550109019146,14,0.8605756250000001,0.4646188020706177,1
956,11745,2.957376534134098,4,0.860528125,0.2955976724624634,1
957,11748,2.0478800707956215,3,0.8604925,0.391257107257843,1
958,11751,1.9583725634928275,3,0.860456875,nan,1
959,11753,0.9893852557928039,2,0.860433125,0.38512036204338074,1
960,11782,24.12739518011325,29,0.8600887500000001,0.36205822229385376,1
961,11812,24.844075976827142,30,0.8597325,0.41981151327490807,0
962,11820,6.793536068687844,8,0.8596375,0.34803779423236847,1
963,11831,7.605926463293533,11,0.859506875,0.4392765462398529,1
964,11843,9.973205239737121,12,0.859364375,0.5928902824719747,1
965,11854,7.724382099448361,11,0.85923375,0.3951127032438914,1
966,11869,11.91595846811361,15,0.859055625,0.4493212178349495,1
967,11879,8.788346069685042,10,0.858936875,0.42680616676807404,1
968,11884,3.283098497412217,5,0.8588775,0.42423588037490845,1
969,11889,3.794166987718347,5,0.858818125,0.5952403545379639,1
970,11903,9.151411983175997,14,0.8586518750000001,0.3501295745372772,1
971,11929,19.70223571152305,26,0.858343125,0.43361200605119976,1
972,11936,5.595169547393112,7,0.85826,0.35662582516670227,1
973,11952,14.645283571114446,16,0.85807,0.4580994248390198,1
974,11965,9.531848568980413,13,0.857915625,0.3408654381831487,1
975,11974,7.160645711637918,9,0.85780875,0.40262526273727417,1
976,11987,9.340006882339868,13,0.857654375,0.4120042324066162,1
977,11994,5.002459277475644,7,0.85757125,0.5120523273944855,1
978,11997,1.9583725634928275,3,0.857535625,0.3384690284729004,1
979,12009,9.040939427498412,12,0.857393125,0.6386707524458567,1
980,12018,7.563013086653683,9,0.85728625,0.5213350802659988,1
981,12032,11.601680389804441,14,0.85712,0.48535744845867157,1
982,12044,10.354094808938454,12,0.8569775,0.5975180069605509,1
983,12047,2.275558352315916,3,0.856941875,nan,1
984,12062,13.047220273769259,15,0.85676375,0.4946627616882324,1
985,12067,3.200465013710966,5,0.856704375,0.4960649609565735,1
986,12072,3.9572014196905787,5,0.856645,0.4601701498031616,1
987,12084,9.457888532205926,12,0.8565025,0.5013400912284851,1
988,12114,23.9783748628684,30,0.85614625,0.4880835882255009,0
989,12127,11.598522315337668,13,0.855991875,0.5721539457639059,1
990,12138,9.877641451952053,11,0.85586125,0.4803624947865804,1
991,12142,2.7591154181621453,4,0.85581375,0.42429518699645996,1
992,12146,2.5682892715232106,4,0.8557662500000001,0.40137773752212524,1
993,12164,14.333806810144926,18,0.8555525,0.4354040801525116,1
994,12169,3.5274169460861313,5,0.855493125,0.3205873668193817,1
995,12194,20.297575228052896,25,0.85519625,0.4876410315434138,1
996,12201,5.980833354223523,7,0.855113125,0.4263644516468048,1
997,12206,3.211478627990832,5,0.8550537500000001,0.33281704783439636,1
998,12236,22.69948493380443,30,0.8546975,0.5348512753844261,0
999,12242,4.597132104208924,6,0.85462625,0.4487193822860718,1
1000,12248,3.731835905305929,6,0.854555,0.3491057902574539,1
1001,12255,5.567098287176134,7,0.854471875,0.4284369647502899,1
1002,12262,4.796393158771358,7,0.85438875,0.44720880687236786,1
1003,12270,5.563283275367561,8,0.85429375,0.5544221699237823,1
1004,12273,1.5974290027069837,3,0.854258125,0.4875708222389221,1
1005,12292,16.95507355991988,19,0.8540325,0.3731049716472626,1
1006,12300,5.605736042153356,8,0.8539375,0.4783281534910202,1
1007,12306,4.204707824741199,6,0.85386625,0.5946778059005737,1
1008,12322,13.45084730736887,16,0.85367625,0.405631959438324,1
1009,12336,9.853893750005543,14,0.85351,0.48768462240695953,1
1010,12343,5.98759022716997,7,0.853426875,0.47996199131011963,1
1011,12364,16.17416023759044,21,0.8531775,0.5133102387189865,1
1012,12367,1.602272727272727,3,0.853141875,nan,1
1013,12372,3.0522362286564477,5,0.8530825,0.6384818255901337,1
1014,12378,4.764116164201587,6,0.85301125,0.3483327329158783,1
1015,12391,10.483350012743845,13,0.852856875,0.4402022163073222,1
1016,12414,18.643467182177623,23,0.85258375,0.6063873320817947,1
1017,12426,8.92861948370221,12,0.85244125,0.5153083006540934,1
1018,12435,6.528589124876935,9,0.852334375,0.662802129983902,1
1019,12441,4.957177290232426,6,0.852263125,0.5081047862768173,1
1020,12471,24.648112183242585,30,0.8519068750000001,0.5042670411723,1
1021,12475,3.0541214465764743,4,0.851859375,0.47974905371665955,1
1022,12494,15.239953438628518,19,0.85163375,0.4868940770626068,1
1023,12506,9.7219849157404,12,0.85149125,0.5516858597596487,1
1024,12511,2.961065366343347,5,0.8514318750000001,0.7505160570144653,1
1025,12517,3.8501907390890464,6,0.851360625,0.5306194722652435,1
1026,12525,6.593039300644471,8,0.851265625,0.34280654788017273,1
1027,12531,4.168326355843688,6,0.851194375,0.384662926197052,1
1028,12533,0.798917860335175,2,0.851170625,0.570911169052124,1
1029,12538,3.756289207298002,5,0.85111125,0.2636989951133728,1
1030,12542,2.7962805920997726,4,0.85106375,0.6483384370803833,1
1031,12555,10.029190510735097,13,0.850909375,0.48120691378911334,1
1032,12585,22.073710677126872,30,0.850553125,0.46651624888181686,0
1033,12592,4.64719678400844,7,0.8504700000000001,0.5602187216281891,1
1034,12598,3.4090909090909087,6,0.85039875,0.5884824991226196,1
1035,12613,12.679964943078602,15,0.850220625,0.47608789056539536,1
1036,12634,16.77414986796232,21,0.8499712500000001,0.48323909044265745,1
1037,12643,7.993130527289579,9,0.849864375,0.5446109920740128,1
1038,12653,7.804581415912943,10,0.849745625,0.5288534859816233,1
1039,12673,15.166971861620347,20,0.8495081250000001,0.46687349677085876,1
1040,12703,25.344029453958477,30,0.849151875,0.44236876709120615,0
1041,12733,23.78099577445524,30,0.8487956249999999,0.5057671312242746,0
1042,12743,7.6772812843344935,10,0.848676875,0.478934109210968,1
1043,12751,5.61324145316545,8,0.848581875,0.45044098794460297,1
1044,12760,7.447395810961531,9,0.848475,0.6054541071256002,1
1045,12790,24.074899032982863,30,0.84811875,0.4285879986626761,0
1046,12806,11.972153977702737,16,0.84792875,0.5486621633172035,1
1047,12824,16.756711123948765,18,0.847715,0.5250020742416381,1
1048,12833,6.4823623475216055,9,0.847608125,0.7072847187519073,1
1049,12841,5.959133954071746,8,0.847513125,0.3511323481798172,1
1050,12848,4.570945151496226,7,0.84743,0.49323783814907074,1
1051,12857,7.5493035083051545,9,0.847323125,0.3424169719219208,1
1052,12874,11.977810948496044,17,0.84712125,0.4473045617341995,1
1053,12882,4.858208700704428,8,0.84702625,0.44339619576931,1
1054,12901,17.717615840599333,19,0.846800625,0.4924708366394043,1
1055,12905,2.5942352256076413,4,0.846753125,0.6376006603240967,1
1056,12908,1.7649228101313175,3,0.8467175,0.3490482568740845,1
1057,12938,25.1801911441338,30,0.84636125,0.49265505586351666,0
1058,12945,5.581816967675104,7,0.846278125,0.6609875559806824,1
1059,12952,5.197745670107231,7,0.846195,0.5622661709785461,1
1060,12972,14.611843668750375,20,0.8459575,0.557004737854004,1
1061,12983,9.203349488715439,11,0.845826875,0.5083271265029907,1
1062,13008,21.056358470450153,25,0.84553,0.6274442502430507,1
1063,13038,22.32201977668864,30,0.8451737500000001,0.8027898584093366,0
1064,13050,10.670652950164172,12,0.84503125,0.541492760181427,1
1065,13053,1.7649228101313175,3,0.844995625,0.6574708223342896,1
1066,13056,1.5974290027069835,3,0.8449599999999999,0.7411550879478455,1
1067,13067,9.557877692390852,11,0.844829375,0.470318540930748,1
1068,13080,9.444433514948129,13,0.8446750000000001,0.5215051248669624,1
1069,13089,7.159657451485816,9,0.844568125,0.48569734394550323,1
1070,13119,22.228341902925997,30,0.8442118750000001,0.4512439710753305,0
1071,13122,1.7953289908768333,3,0.8441762500000001,0.5405534505844116,1
1072,13137,11.900649730504716,15,0.8439981249999999,0.563983641564846,1
1073,13149,10.754227652897725,12,0.843855625,0.612766444683075,1
1074,13159,6.6345816330251415,10,0.843736875,0.38196083903312683,1
1075,13162,1.7175252219576351,3,0.8437012500000001,0.64797043800354,1
1076,13184,15.059181252420776,22,0.84344,0.5472167283296585,1
1077,13208,18.053680975391377,24,0.843155,0.6167291601498922,1
1078,13238,22.158695795763165,30,0.84279875,0.5131333896092006,0
1079,13240,0.9660165442504834,2,0.842775,0.4680994153022766,1
1080,13242,0.925822775924396,2,0.8427512500000001,nan,1
1081,13249,5.36344867092025,7,0.842668125,0.6642967164516449,1
1082,13279,23.075111439072053,30,0.842311875,0.5013247813497271,0
1083,13289,6.942143026344012,10,0.842193125,0.6244204640388489,1
1084,13298,6.8516286376815785,9,0.84208625,0.6477113366127014,1
1085,13305,5.9571636464636555,7,0.842003125,0.5022237747907639,1
1086,13315,7.066403768101547,10,0.841884375,0.5339057147502899,1
1087,13326,7.620721018592883,11,0.84175375,0.6633437275886536,1
1088,13349,16.5020532482311,23,0.841480625,0.5624156991640726,1
1089,13359,6.500089518616833,10,0.841361875,0.559827446937561,1
1090,13377,16.194472994158776,18,0.841148125,0.616474062204361,1
1091,13396,14.798537066663592,19,0.8409225,0.6500863552093505,1
1092,13402,3.8515211778056395,6,0.84085125,0.49279990792274475,1
1093,13429,22.77978062900563,27,0.840530625,0.502210238150188,1
1094,13437,6.158898868179023,8,0.840435625,0.6832965612411499,1
1095,13442,3.761175943647523,5,0.84037625,0.5970098972320557,1
1096,13456,11.007103070979719,14,0.84021,0.5780988186597824,1
1097,13486,24.42851389795068,30,0.8398537500000001,0.6366365296500069,0
1098,13496,7.762967403673722,10,0.839735,0.5089250405629476,1
1099,13499,1.7671529078868469,3,0.839699375,nan,1
1100,13518,15.254033518439222,19,0.83947375,0.5575995802879333,1
1101,13525,4.272370468366584,7,0.8393906250000001,0.3601512610912323,1
1102,13531,3.9986320572817466,6,0.839319375,0.6819314956665039,1
1103,13550,16.47969334783184,19,0.83909375,0.5603498816490173,1
1104,13575,23.245137073101205,25,0.838796875,0.58905112495025,1
1105,13586,8.56260443575677,11,0.83866625,0.49864062666893005,1
1106,13610,18.056164326203668,24,0.8383812500000001,0.6088480800390244,1
1107,13618,6.322635751048316,8,0.83828625,0.6915153861045837,1
1108,13631,10.085665050972251,13,0.838131875,0.3582585205634435,1
1109,13649,12.9402208431749,18,0.8379181250000001,0.654951548576355,1
1110,13669,14.415783483700027,20,0.837680625,0.5527838170528412,1
1111,13677,6.7611411635832495,8,0.837585625,0.5227403044700623,1
1112,13694,13.570535171581026,17,0.83738375,0.6661271303892136,1
1113,13697,1.7953289908768333,3,0.837348125,0.44780969619750977,1
1114,13707,6.543461309142121,10,0.8372293749999999,0.5114928483963013,1
1115,13715,5.49031603657295,8,0.837134375,0.4619573503732681,1
1116,13726,9.103363709252177,11,0.83700375,0.630034069220225,1
1117,13734,5.567187747012947,8,0.83690875,0.7246397286653519,1
1118,13737,1.7671529078868469,3,0.836873125,0.19997841119766235,1
1119,13744,5.959013234599721,7,0.83679,0.6032570600509644,1
1120,13751,5.59527437016612,7,0.836706875,0.2389843910932541,1
1121,13753,0.8011363636363635,2,0.836683125,0.5374426245689392,1
1122,13773,17.31779484425172,20,0.836445625,0.5542769610881806,1
1123,13790,12.810612872130429,17,0.83624375,0.7290170639753342,1
1124,13796,4.243336650091759,6,0.8361725,0.6453603506088257,1
1125,13802,3.7854042582712157,6,0.83610125,0.6390374898910522,1
1126,13824,18.120805258435706,22,0.83584,0.5880198925733566,1
1127,13833,7.751827989104363,9,0.835733125,0.5949904024600983,1
1128,13838,3.9572014196905787,5,0.83567375,0.8391187191009521,1
1129,13867,25.605020537706796,29,0.835329375,0.5542766877583095,1
1130,13879,10.553761982721646,12,0.835186875,0.6308388113975525,1
1131,13909,26.765719038009827,30,0.8348306249999999,0.5889400616288185,0
1132,13914,3.9857323720666913,5,0.83477125,0.5147051811218262,1
1133,13927,8.885941123723422,13,0.834616875,0.5684667527675629,1
1134,13929,0.8496688366553268,2,0.834593125,0.41205868124961853,1
1135,13939,6.940122449651992,10,0.834474375,0.5555482804775238,1
1136,13963,18.0892696821824,24,0.834189375,0.44776515414317447,1
1137,13969,4.561489487084988,6,0.834118125,0.5501282513141632,1
1138,13973,2.5660591737676812,4,0.8340706250000001,0.6079262495040894,1
1139,13997,17.349743706485093,24,0.833785625,0.5648883233467737,1
1140,14013,15.27719403201263,16,0.8335956250000001,0.7837746888399124,1
1141,14031,14.21530599950252,18,0.8333818749999999,0.8074240982532501,1
1142,14040,7.010295937854378,9,0.833275,0.8804020285606384,1
1143,14045,3.9572014196905787,5,0.833215625,0.6628051996231079,1
1144,14051,4.957168006567855,6,0.833144375,0.9163031578063965,1
1145,14060,6.854013000616767,9,0.8330375,0.7242365082105001,1
1146,14067,4.6922146682717,7,0.832954375,0.6501511335372925,1
1147,14097,21.004056063141903,30,0.8325981250000001,0.6569423414766788,0
1148,14102,3.754707248874702,5,0.83253875,0.3093176782131195,1
1149,14132,22.47970763020527,30,0.8321825,0.7169983424246311,0
1150,14157,19.455172746118294,25,0.831885625,0.6761028915643692,1
1151,14173,11.059383067326106,16,0.831695625,0.688254714012146,1
1152,14203,23.44199100033492,30,0.831339375,0.6916448899677822,0
1153,14219,11.458825545077579,16,0.8311493750000001,0.6070963963866234,1
1154,14235,13.995116611331834,16,0.830959375,0.3932545557618141,1
1155,14249,12.557847487910758,14,0.830793125,0.766598105430603,1
1156,14263,11.082770973497116,14,0.830626875,0.9428343176841736,1
1157,14278,12.48199809799372,15,0.83044875,0.5495023354887962,1
1158,14297,17.350667900891,19,0.8302231250000001,0.5771328091621399,1
1159,14309,10.442213023076073,12,0.830080625,0.5638948480288187,1
1160,14339,28.387157647112435,30,0.8297243750000001,0.5680916820253644,0
1161,14348,7.200423107649642,9,0.8296175,0.7428552110989889,1
1162,14353,3.560246286141126,5,0.829558125,0.39086997509002686,1
1163,14359,5.275345464645474,6,0.829486875,0.8598856925964355,1
1164,14384,21.11796300676525,25,0.82919,0.5752331784793309,1
1165,14409,18.07619932004983,25,0.828893125,0.5298065443833669,1
1166,14417,6.366004533835002,8,0.828798125,0.7746100425720215,1
1167,14421,2.9573710298187494,4,0.8287506250000001,0.9662877321243286,1
1168,14451,24.584490730011236,30,0.828394375,0.4821448538984571,0
1169,14455,2.9573710298187494,4,0.828346875,0.7730691432952881,1
1170,14484,19.964525461301747,29,0.8280025,0.7751811966300011,1
1171,14508,16.90564897258061,24,0.8277175,0.6600334842999777,1
1172,14517,6.882420268846164,9,0.827610625,0.6894131898880005,1
1173,14523,4.758342731953968,6,0.827539375,0.5532298684120178,1
1174,14526,1.7953289908768333,3,0.82750375,0.7510460615158081,1
1175,14536,8.555375815898296,10,0.827385,0.6117978890736898,1
1176,14543,5.559084282982622,7,0.8273018750000001,0.3438781797885895,1
1177,14570,21.82231980884971,27,0.82698125,0.6802840914045062,1
1178,14590,16.21756377039363,20,0.82674375,0.6465416550636292,1
1179,14595,3.9989179158270245,5,0.826684375,0.6582050323486328,1
1180,14606,7.48910731498231,11,0.82655375,0.5336416761080424,1
1181,14610,2.3974713947814035,4,0.82650625,0.6562200784683228,1
1182,14629,15.196005854494734,19,0.826280625,0.5611476123332977,1
1183,14651,19.610341863999647,22,0.826019375,0.5541030764579773,1
1184,14666,13.753740745344329,15,0.8258412500000001,0.7223718762397766,1
1185,14673,5.157690702422402,7,0.825758125,0.6217235326766968,1
1186,14694,18.79553939905155,21,0.82550875,0.6876551926136016,1
1187,14724,26.500390255813766,30,0.8251525,0.6339638084173203,0
1188,14727,1.8519911509601368,3,0.825116875,nan,1
1189,14739,9.33224460604526,12,0.824974375,0.61313729484876,1
1190,14745,4.756119597166153,6,0.8249031250000001,0.6582027077674866,1
1191,14753,5.567187747012947,8,0.824808125,0.6640100181102753,1
1192,14772,14.66058959826541,19,0.8245825,0.5779867827892303,1
1193,14776,2.957376534134098,4,0.824535,0.5831058025360107,1
1194,14788,10.555368107861266,12,0.8243925000000001,0.7268533507982889,1
1195,14808,15.095325210688626,20,0.824155,0.5440719783306122,1
1196,14815,5.9553223594731595,7,0.824071875,0.49673470854759216,1
1197,14818,1.9602091714909529,3,0.82403625,0.6234865188598633,1
1198,14829,9.790436343469011,11,0.823905625,0.6122163931528727,1
1199,14839,7.560011511539611,10,0.823786875,0.6058587729930878,1
1200,14843,2.401173448340891,4,0.823739375,0.5621728897094727,1
1201,14859,11.134515355767432,16,0.823549375,0.6505873948335648,1
1202,14866,5.400035903119054,7,0.8234662500000001,0.4314161390066147,1
1203,14884,13.527117596897149,18,0.8232525,0.6243520021438599,1
1204,14891,5.9553175636097855,7,0.823169375,0.6517149209976196,1
1205,14896,3.921686086300681,5,0.82311,0.6295172870159149,1
1206,14901,3.556580759586888,5,0.823050625,0.7236440777778625,1
1207,14916,12.63757204925337,15,0.8228725,0.7073254287242889,1
1208,14946,24.57696116495509,30,0.8225162500000001,0.5845579121794019,0
1209,14952,4.758337783326942,6,0.822445,0.6494556069374084,1
1210,14967,12.169926720255368,15,0.822266875,0.6921335856119791,1
1211,14979,8.411720159339088,12,0.822124375,0.4758372704188029,1
1212,14982,1.6000371704030871,3,0.82208875,0.3866419494152069,1
1213,14987,3.598889412854372,5,0.8220293750000001,0.672429084777832,1
1214,14994,5.199877994874629,7,0.82194625,0.6550105214118958,1
1215,15001,5.955577277408231,7,0.821863125,0.645846426486969,1
1216,15008,4.648677986778469,7,0.82178,0.7061335444450378,1
1217,15018,8.393967195501984,10,0.82166125,1.1937256455421448,1
1218,15028,7.757092584597081,10,0.8215425000000001,0.7163366278012594,1
1219,15038,8.004066689891529,10,0.82142375,0.6256545782089233,1
1220,15048,6.776293517401771,10,0.821305,0.5975041091442108,1
1221,15065,12.936636441409025,17,0.821103125,0.7184091061353683,1
1222,15088,15.5206046371328,23,0.8208300000000001,0.7213033636411031,1
1223,15104,11.94459108273711,16,0.82064,0.6250942125916481,1
1224,15122,13.405398963126254,18,0.82042625,0.6949395537376404,1
1225,15136,12.352806810602717,14,0.82026,0.7634498476982117,1
1226,15144,5.765036255080084,8,0.820165,0.6710193753242493,1
1227,15151,5.790695805814513,7,0.8200818750000001,0.6761558055877686,1
1228,15175,18.731596601762295,24,0.819796875,0.6730005542437235,1
1229,15181,4.595445573346169,6,0.819725625,0.7869085073471069,1
1230,15211,27.076642918260376,30,0.819369375,0.8114311695098877,0
1231,15221,8.595535908535053,10,0.819250625,0.5755153695742289,1
1232,15230,6.525931351657026,9,0.8191437500000001,0.4958498775959015,1
1233,15243,10.805442263005988,13,0.818989375,0.6235263645648956,1
1234,15259,12.249863783109905,16,0.818799375,0.7788451761007309,1
1235,15263,2.5227272727272725,4,0.818751875,0.7259186506271362,1
1236,15283,18.15277169060397,20,0.818514375,0.7517720937728882,1
1237,15302,13.732910606408195,19,0.81828875,0.6449187874794007,1
1238,15316,10.449217462481307,14,0.8181225,0.6107497736811638,1
1239,15336,15.11772935263778,20,0.817885,0.7569124817848205,1
1240,15360,17.49690780199073,24,0.8176,0.6662382135788599,1
1241,15365,3.2004649388892776,5,0.817540625,0.32621079683303833,1
1242,15368,1.7649228101313175,3,0.817505,0.9040235280990601,1
1243,15384,12.554973501039049,16,0.817315,0.8346262872219086,1
1244,15413,19.814849459753724,29,0.8169706250000001,0.5658807754516602,1
1245,15424,9.35630645777523,11,0.81684,0.5812603831291199,1
1246,15446,17.693102881717742,22,0.81657875,0.8502101540565491,1
1247,15457,8.16772950582474,11,0.816448125,0.6341802477836609,1
1248,15475,14.7679326587919,18,0.816234375,0.6206377744674683,1
1249,15489,12.589862226383508,14,0.816068125,0.8260192573070526,1
1250,15497,6.558386135122108,8,0.815973125,0.6656917631626129,1
1251,15501,2.5642135175608773,4,0.815925625,0.5481239557266235,1
1252,15508,5.752395374364751,7,0.8158425,0.7545596957206726,1
1253,15528,14.302639598761658,20,0.815605,0.7566805601119995,1
1254,15537,7.001413549264888,9,0.815498125,0.6675145924091339,1
1255,15548,9.358375536261088,11,0.8153675,0.6712449292341868,1
1256,15554,4.957168006567855,6,0.8152962500000001,0.36334359645843506,1
1257,15569,11.705545107652513,15,0.815118125,0.824917197227478,1
1258,15594,20.822616695057675,25,0.81482125,0.6491902122894923,1
1259,15597,1.7862340231910245,3,0.814785625,0.7161242365837097,1
1260,15607,8.40428815848576,10,0.814666875,0.49110910296440125,1
1261,15612,3.9572063683176055,5,0.8146075,0.5769126564264297,1
1262,15617,3.0548156319626387,5,0.814548125,0.5462988615036011,1
1263,15624,4.765335634452884,7,0.814465,0.5568179488182068,1
1264,15637,9.48188258943135,13,0.8143106250000001,0.7647969325383505,1
1265,15643,4.36479206851455,6,0.814239375,0.6972066164016724,1
1266,15673,23.9615371574006,30,0.813883125,0.687034111469984,0
1267,15687,9.74051095792158,14,0.813716875,0.6364783147970835,1
1268,15703,13.129610841514063,16,0.813526875,0.8661402873694897,1
1269,15720,12.406061182069772,17,0.813325,0.7447505831718445,1
1270,15742,17.771123337128042,22,0.81306375,0.64309641122818,1
1271,15761,16.03913371077135,19,0.812838125,0.719471526145935,1
1272,15774,8.557142475221168,13,0.81268375,0.7523596485455831,1
1273,15778,2.164772727272727,4,0.81263625,0.5735588073730469,1
1274,15787,7.7904278882714575,9,0.812529375,0.7590388655662537,1
1275,15795,6.5596434426854895,8,0.812434375,0.7804172039031982,1
1276,15825,22.883051908604536,30,0.812078125,0.774219773709774,1
1277,15839,11.768933512879173,14,0.8119118750000001,0.6834537784258524,1
1278,15844,3.597065145021234,5,0.8118525,0.6991548240184784,1
1279,15858,10.602316146654118,14,0.8116862499999999,0.8263904452323914,1
1280,15867,6.51755777472395,9,0.811579375,0.8446759581565857,1
1281,15891,18.458755122142453,24,0.811294375,0.5487465014060339,1
1282,15919,22.624506459957022,28,0.810961875,0.7883407984461103,1
1283,15933,12.784889937263767,14,0.810795625,0.8630886971950531,1
1284,15942,6.8839212941481165,9,0.81068875,0.8324013352394104,1
1285,15964,16.577815479518772,22,0.8104275,0.6062739491462708,1
1286,15981,10.994425659851753,17,0.810225625,0.5842907577753067,1
1287,16011,22.641712357499916,30,0.809869375,0.7301669525248664,0
1288,16017,4.959018187143877,6,0.809798125,0.5888721942901611,1
1289,16020,1.7862340231910245,3,0.8097624999999999,0.9138692617416382,1
1290,16031,9.561554109683728,11,0.809631875,0.9252195954322815,1
1291,16061,22.883525799803156,30,0.8092756249999999,0.7948969304561615,0
1292,16074,9.881623118136458,13,0.80912125,0.6820439199606577,1
1293,16085,9.95716189356519,11,0.808990625,0.6866077383359274,1
1294,16105,16.131156262078843,20,0.808753125,0.7581993699073791,1
1295,16109,2.9592167598122607,4,0.808705625,0.47307777404785156,1
1296,16139,23.419371246371437,30,0.808349375,0.7848753503390721,0
1297,16146,5.952159722461159,7,0.80826625,0.5730579793453217,1
1298,16159,11.841907302767837,13,0.808111875,0.8191031614939371,1
1299,16165,3.6116720567438763,6,0.8080406250000001,0.7704542875289917,1
1300,16177,10.39628274288135,12,0.807898125,0.6070456504821777,1
1301,16186,7.5962608383410295,9,0.80779125,0.7329007685184479,1
1302,16199,9.880830369333072,13,0.807636875,0.9352619449297587,1
1303,16224,19.7196618517773,25,0.80734,0.8214043889726911,1
1304,16227,1.9602091714909529,3,0.807304375,nan,1
1305,16234,5.158055439215712,7,0.80722125,0.7154190242290497,1
1306,16254,16.755149025889494,20,0.80698375,0.6778672397136688,1
1307,16284,21.802088245914582,30,0.8066275,0.7098125889897346,0
1308,16299,11.32157876978077,15,0.806449375,0.9641149242719015,1
1309,16329,24.90042776127447,30,0.806093125,0.6689045690000057,0
1310,16332,1.9602091714909529,3,0.8060575,0.8692993521690369,1
1311,16335,1.9583725634928275,3,0.806021875,nan,1
1312,16351,10.740985276707288,16,0.805831875,0.6404118984937668,1
1313,16365,11.40475183147382,14,0.805665625,0.8870728462934494,1
1314,16371,4.758342731953968,6,0.805594375,0.9899758100509644,1
1315,16384,11.75405791200862,13,0.8054399999999999,0.38490985333919525,1
1316,16400,11.577318249352368,16,0.80525,0.6958581656217575,1
1317,16404,2.9573710298187494,4,0.8052025,0.6056222915649414,1
1318,16408,2.922791576769935,4,0.8051550000000001,0.8080414533615112,1
1319,16423,13.365309568307104,15,0.804976875,0.7086086769898733,1
1320,16436,9.808232861594094,13,0.8048225,0.6761359870433807,1
1321,16440,2.9592167598122607,4,0.804775,1.029613971710205,1
1322,16452,8.967220575978688,12,0.8046325,0.8272813161214193,1
1323,16454,1.0508547873237735,2,0.80460875,nan,1
1324,16471,12.337801766958455,17,0.804406875,0.6728945672512054,1
1325,16492,16.732633100351286,21,0.8041575,0.6417317440112432,1
1326,16499,5.367152896155537,7,0.804074375,0.7615578174591064,1
1327,16501,1.1985551664893401,2,0.804050625,0.748589277267456,1
1328,16528,19.66039359549645,27,0.80373,0.6285118375505719,1
1329,16545,12.138954020237456,17,0.803528125,0.648070216178894,1
1330,16549,2.3993434037758172,4,0.803480625,0.5703674554824829,1
1331,16560,8.53036424314719,11,0.80335,0.7762867410977682,1
1332,16586,18.00585838593496,26,0.80304125,0.7470975120862325,1
1333,16592,4.951394706968365,6,0.80297,0.5805170834064484,1
1334,16613,16.013629655915224,21,0.8027206250000001,0.7553693413734436,1
1335,16627,12.354392511666255,14,0.802554375,0.6722005605697632,1
1336,16636,7.557206560239795,9,0.8024475,0.8243865370750427,1
1337,16641,3.565066730861765,5,0.802388125,0.8287776708602905,1
1338,16649,6.19327672235864,8,0.802293125,0.6670531928539276,1
1339,16667,13.015628650510688,18,0.802079375,0.7153588980436325,1
1340,16682,13.44345875646846,15,0.80190125,0.9473975300788879,1
1341,16694,10.75671971253759,12,0.8017587500000001,0.9315618475278219,1
1342,16701,5.1695695871172465,7,0.801675625,0.693283885717392,1
1343,16731,24.054634861650758,30,0.8013193750000001,0.7216910294124058,0
1344,16733,1.1985551664893401,2,0.8012956250000001,0.6628706455230713,1
1345,16753,17.609091334442954,20,0.801058125,0.673250424861908,1
1346,16764,9.27761856114307,11,0.8009275,0.6703131099541982,1
1347,16794,22.625728596213357,30,0.80057125,0.6831969278199332,0
1348,16798,2.9851781656432337,4,0.80052375,0.6524398326873779,1
1349,16828,22.993423487839934,30,0.8001675,0.8543405905365944,0
1350,16843,10.500141887091658,15,0.799989375,0.6008401115735372,1
1351,16860,14.95706531575046,17,0.7997875,0.8420357584953309,1
1352,16872,8.051173279632703,12,0.7996449999999999,0.8578053514162699,1
1353,16885,11.470520010139664,13,0.799490625,0.8255962133407593,1
1354,16908,15.990330919212598,23,0.7992175,0.623292992512385,1
1355,16917,6.2470002465618375,9,0.799110625,0.9106539785861969,1
1356,16933,13.92364354498637,16,0.798920625,0.8277531713247299,1
1357,16945,8.165611949913584,12,0.798778125,0.6018609603246053,1
1358,16963,14.267742966215504,18,0.798564375,0.6659735441207886,1
1359,16986,17.02363799280714,23,0.79829125,0.772463192542394,1
1360,16994,6.455288077180376,8,0.7981962499999999,0.5385202765464783,1
1361,17004,6.780299321119366,10,0.7980775,0.9423640569051107,1
1362,17015,8.563683270009685,11,0.797946875,0.7677745819091797,1
1363,17024,7.7524059963972265,9,0.79784,0.9415868123372396,1
1364,17038,10.451589815160288,14,0.79767375,1.137447436650594,1
1365,17049,9.597621805591944,11,0.797543125,0.8718366622924805,1
1366,17052,1.9602091714909529,3,0.7975075,0.7592300176620483,1
1367,17057,3.56248189876368,5,0.7974481250000001,0.8480812907218933,1
1368,17061,2.5642135175608773,4,0.797400625,1.0561130046844482,1
1369,17065,3.195829295517268,4,0.797353125,0.7046811580657959,1
1370,17073,6.75081242805306,8,0.797258125,0.9794648289680481,1
1371,17077,2.1317816832019028,4,0.797210625,1.0296211242675781,1
1372,17081,2.4011735340394504,4,0.797163125,1.0004454851150513,1
1373,17087,3.995276360609417,6,0.797091875,0.8656642436981201,1
1374,17103,11.72531704521235,16,0.796901875,0.8885857313871384,1
1375,17116,9.972669410086297,13,0.7967474999999999,0.8477850407361984,1
1376,17123,5.915565797086154,7,0.796664375,0.2836368680000305,1
1377,17127,2.761345535127316,4,0.796616875,0.8856351971626282,1
1378,17143,10.915536622117859,16,0.796426875,0.8980009257793427,1
1379,17164,15.14366559789861,21,0.7961775,0.8233552177747091,1
1380,17184,13.946683051084017,20,0.79594,0.8351063013076783,1
1381,17197,11.479889186623033,13,0.7957856249999999,0.8626244068145752,1
1382,17212,13.193465815860412,15,0.7956075,0.9352387338876724,1
1383,17218,4.757953414991336,6,0.7955362500000001,0.9260400533676147,1
1384,17232,10.92756839035132,14,0.79537,0.7513279467821121,1
1385,17241,7.168710295908123,9,0.795263125,0.7072641849517822,1
1386,17265,18.015512623407666,24,0.794978125,1.0325722694396973,1
1387,17278,9.734238338808954,13,0.7948237499999999,0.7471343477567037,1
1388,17282,2.3989273212049906,4,0.79477625,0.5902636051177979,1
1389,17288,4.560616197568413,6,0.794705,0.9139739871025085,1
1390,17295,5.366996945502699,7,0.794621875,1.6078977584838867,1
1391,17297,1.2765543816746459,2,0.794598125,1.2588788270950317,1
1392,17315,14.763730875022237,18,0.794384375,0.8802337646484375,1
1393,17345,22.712285403237992,30,0.7940281250000001,0.8107679635286331,0
1394,17359,12.242758108258094,14,0.793861875,0.6654067039489746,1
1395,17373,11.166393910019496,14,0.793695625,0.9904580414295197,1
1396,17397,17.419570508049116,24,0.793410625,0.7699585556983948,1
1397,17419,18.07218054111232,22,0.793149375,0.8103630542755127,1
1398,17425,4.7601835319688295,6,0.7930781250000001,1.047057181596756,1
1399,17455,22.07994837833952,30,0.792721875,0.8679690020424979,0
1400,17462,5.76015455078024,7,0.7926387500000001,1.0642523765563965,1
1401,17492,22.88306307125398,30,0.7922825,0.8630926087498665,0
1402,17497,3.4550715066313487,5,0.792223125,0.8913369178771973,1
1403,17500,1.5982070401394535,3,0.7921875,1.0672966241836548,1
1404,17530,23.636869682886076,30,0.79183125,0.8649457011904035,0
1405,17555,19.18099017945114,25,0.791534375,0.8608515560626984,1
1406,17572,12.738900657007271,17,0.7913325,0.7506486535072326,1
1407,17586,12.654150338587938,14,0.7911662500000001,0.9999494949976603,1
1408,17616,25.41561256332351,30,0.79081,0.7601840309798717,0
1409,17622,5.0764906203026365,6,0.79073875,0.8510056734085083,1
1410,17637,11.327943757411987,15,0.790560625,0.7911053225398064,1
1411,17649,10.564367893383855,12,0.790418125,0.833571215470632,1
1412,17660,9.798070975851495,11,0.7902875,0.8434029221534729,1
1413,17662,0.9850976595546611,2,0.79026375,nan,1
1414,17670,6.120463739470837,8,0.7901687500000001,0.6599664390087128,1
1415,17684,11.646622321850462,14,0.7900025,0.8088691532611847,1
1416,17686,1.1962425239963657,2,0.78997875,nan,1
1417,17699,9.06110405168029,13,0.789824375,0.7265801628430685,1
1418,17712,9.017168278639652,13,0.78967,0.8328575640916824,1
1419,17720,6.278080011118838,8,0.789575,0.8424761295318604,1
1420,17750,22.865331081018272,30,0.7892187500000001,0.9161920973232814,0
1421,17757,5.248079306393651,7,0.789135625,0.507673054933548,1
1422,17759,0.9882422919085595,2,0.789111875,nan,1
1423,17768,7.792406514873022,9,0.789005,0.7931038637955984,1
1424,17774,4.957177290232426,6,0.78893375,0.29873284697532654,1
1425,17804,23.196932172460585,30,0.7885775,0.8601826727390289,0
1426,17820,12.442162185336887,16,0.7883875,0.7861075550317764,1
1427,17822,1.0508547873237735,2,0.78836375,nan,1
1428,17840,14.688036258650131,18,0.78815,0.6974967956542969,1
1429,17847,5.001038223845792,7,0.7880668750000001,0.8641250729560852,1
1430,17853,4.560082178301063,6,0.787995625,0.9059489071369171,1
1431,17864,7.808470296845302,11,0.787865,0.544679323832194,1
1432,17868,2.761345535127316,4,0.7878175000000001,1.1016125679016113,1
1433,17877,7.0800381833572406,9,0.787710625,1.0072349905967712,1
1434,17886,6.559866207084053,9,0.78760375,0.6201646327972412,1
1435,17916,23.74366416501315,30,0.7872475,0.7510823793709278,0
1436,17928,9.720569910636664,12,0.787105,0.9764860073725382,1
1437,17934,4.589622018860456,6,0.78703375,0.6482293605804443,1
1438,17958,20.37350015067048,24,0.78674875,0.7256704966227213,1
1439,17964,4.788699146826526,6,0.7866775,0.9710193276405334,1
1440,17984,16.2379255461042,20,0.78644,0.8039116501808167,1
1441,17998,9.534109319142866,14,0.78627375,0.7080848117669424,1
1442,18024,21.40987656017682,26,0.785965,1.0448515500341142,1
1443,18033,6.0052637023965,9,0.7858581250000001,0.645371288061142,1
1444,18054,18.201393053122214,21,0.78560875,0.8579879522323608,1
1445,18068,9.534063986755896,14,0.7854425,0.8844612240791321,1
1446,18082,10.213684714275868,14,0.78527625,0.8744838039080302,1
1447,18095,9.173985293678403,13,0.785121875,0.8045822978019714,1
1448,18110,11.379164431216253,15,0.78494375,1.0820702016353607,1
1449,18120,7.198647013136828,10,0.784825,1.003421386082967,1
1450,18126,4.591219328601017,6,0.78475375,1.0544219017028809,1
1451,18145,14.49354239664369,19,0.784528125,1.0801241755485536,1
1452,18152,5.759288357868255,7,0.7844450000000001,0.7576149106025696,1
1453,18157,3.165895580387526,5,0.784385625,0.8357470035552979,1
1454,18173,12.393196668516644,16,0.784195625,0.9154900908470154,1
1455,18180,5.758478848114247,7,0.7841125,0.7898196578025818,1
1456,18208,20.271599154656805,28,0.78378,0.8948459454945156,1
1457,18214,4.359542491326399,6,0.78370875,1.4036855697631836,1
1458,18221,4.530347047409734,7,0.783625625,1.152320146560669,1
1459,18232,9.165449951204353,11,0.783495,0.9565065503120422,1
1460,18237,3.0514134084575497,5,0.783435625,0.5723433494567871,1
1461,18249,9.602549005027026,12,0.783293125,0.6567860047022501,1
1462,18268,15.889024363509552,19,0.7830675,1.1624922633171082,1
1463,18287,14.927459586707029,19,0.782841875,1.0662977397441864,1
1464,18317,21.250299550201543,30,0.782485625,0.8426464945077896,0
1465,18342,19.497608871103022,25,0.78218875,0.8857994774977366,1
1466,18365,19.40219757297619,23,0.781915625,0.9601679941018423,1
1467,18391,20.69451099524995,26,0.781606875,1.0410207013289134,1
1468,18398,4.651286390226691,7,0.78152375,0.5143678784370422,1
1469,18422,16.514750109323323,24,0.78123875,0.9415582319100698,1
1470,18430,6.75606179616551,8,0.78114375,0.9025973379611969,1
1471,18455,17.94698271977364,25,0.780846875,0.7654485106468201,1
1472,18459,2.3974713947814035,4,0.780799375,0.446183979511261,1
1473,18487,23.477847574249754,28,0.780466875,0.9429188455854144,1
1474,18499,9.464136661475786,12,0.780324375,0.7171170115470886,1
1475,18525,23.357208211882416,26,0.780015625,0.8210775511605399,1
1476,18532,5.000251353352706,7,0.7799325,0.7084320187568665,1
1477,18548,12.890196267593009,16,0.7797425,1.1290620863437653,1
1478,18578,21.523809742759784,30,0.7793862500000001,0.8870538643428257,0
1479,18587,7.587488872346372,9,0.779279375,0.920566976070404,1
1480,18617,25.412804016926525,30,0.778923125,0.962938591837883,0
1481,18637,16.460356851487116,20,0.778685625,0.7984658360481263,1
1482,18643,3.9978588565150233,6,0.778614375,0.556137204170227,1
1483,18673,23.095337528793895,30,0.778258125,0.976213663816452,0
1484,18684,7.968528705634807,11,0.7781275,1.15927259127299,1
1485,18700,13.761780502935187,16,0.7779375,0.6718031242489815,1
1486,18712,10.005407013086463,12,0.777795,0.8490066329638163,1
1487,18717,3.953519466070628,5,0.777735625,0.8609493970870972,1
1488,18722,3.9572014196905787,5,0.7776762500000001,1.0962104797363281,1
1489,18736,11.962718308094285,14,0.77751,0.9152885526418686,1
1490,18745,6.37393406340589,9,0.777403125,0.8125729560852051,1
1491,18751,4.794138006529757,6,0.777331875,0.7859669923782349,1
1492,18758,5.201653731760617,7,0.77724875,0.9701849222183228,1
1493,18782,17.062054791709933,24,0.77696375,0.7774905761082967,1
1494,18786,2.7943365791981405,4,0.77691625,0.37958085536956787,1
1495,18807,16.649782130046763,21,0.776666875,0.9683308362960815,1
1496,18825,15.047633947326805,18,0.776453125,0.7146112620830536,1
1497,18834,6.053708468036219,9,0.77634625,0.9962354600429535,1
1498,18844,7.480939138249852,10,0.7762275000000001,0.9687445561091105,1
1499,18867,18.570719738667755,23,0.775954375,0.8809025049209595,1
1500,18872,3.9590471683324666,5,0.775895,0.8055848479270935,1
1501,18880,6.95321593080223,8,0.7758,0.7305043637752533,1
1502,18896,11.178239228003555,16,0.77561,0.6953739374876022,1
1503,18926,28.188158130457563,30,0.77525375,0.8176043885094779,0
1504,18931,3.8552578102128376,5,0.775194375,1.1045351028442383,1
1505,18935,2.9851781656432337,4,0.775146875,0.7975056767463684,1
1506,18952,12.961393173282955,17,0.774945,0.9604457378387451,1
1507,18960,6.358018218048502,8,0.77485,1.054808259010315,1
1508,18985,18.187878141318006,25,0.774553125,1.0393662651379902,1
1509,18990,3.2457960821391225,5,0.77449375,0.980167031288147,1
1510,19002,9.558557137845451,12,0.77435125,1.0155234734217327,1
1511,19010,6.555374245885355,8,0.77425625,1.129396140575409,1
1512,19030,15.288861432377722,20,0.77401875,0.9852708578109741,1
1513,19040,7.242170146362982,10,0.7739,0.7970425883928934,1
1514,19043,1.7671529078868469,3,0.773864375,nan,1
1515,19061,13.84410617235616,18,0.773650625,1.1702197670936585,1
1516,19072,9.387283777896627,11,0.77352,0.7944649259249369,1
1517,19080,5.4505732100726165,8,0.773425,1.179665207862854,1
1518,19105,19.186194585112503,25,0.7731281249999999,0.9352007110913595,1
1519,19114,7.568693834279371,9,0.77302125,1.0906694531440735,1
1520,19124,7.654888432341404,10,0.7729025,1.0645706256230671,1
1521,19138,10.208094886900284,14,0.77273625,1.0093115369478862,1
1522,19145,5.921669201860801,7,0.7726531249999999,0.7578140199184418,1
1523,19159,9.495965650692748,14,0.772486875,1.2056318918863933,1
1524,19170,8.52611535326069,11,0.77235625,1.0135573943456013,1
1525,19174,2.401173448340891,4,0.77230875,1.1802963018417358,1
1526,19196,17.215746700131728,22,0.7720475,1.0336556533972423,1
1527,19199,1.9851664053911855,3,0.772011875,nan,1
1528,19217,13.018943352271346,18,0.771798125,1.2027161359786986,1
1529,19223,4.163049831388146,6,0.771726875,1.0867035388946533,1
1530,19234,7.849419532835715,11,0.77159625,0.8928316036860148,1
1531,19249,11.00851577192493,15,0.7714181250000001,0.8834924250841141,1
1532,19268,14.340008119040636,19,0.7711925,1.0081712245941161,1
1533,19282,10.505227346477778,14,0.77102625,1.0632226467132568,1
1534,19287,3.5914050701063145,5,0.770966875,0.6405555605888367,1
1535,19317,21.56957222308006,30,0.770610625,0.9130288287997246,0
1536,19325,6.356273538677786,8,0.770515625,0.5748129189014435,1
1537,19352,20.120765877671673,27,0.770195,1.0598984616143363,1
1538,19358,3.6081120263769066,6,0.77012375,0.5391436219215393,1
1539,19383,23.436460613365384,25,0.769826875,0.9240137139956156,1
1540,19396,8.66386967043098,13,0.7696725,1.0418001860380173,1
1541,19426,27.353045534954745,30,0.76931625,0.9309519784791129,0
1542,19429,1.9602091714909529,3,0.7692806249999999,1.1165361404418945,1
1543,19434,3.5584061276900356,5,0.76922125,0.5799770355224609,1
1544,19456,17.53708141501546,22,0.76896,0.9710350384314855,1
1545,19481,18.26141796344231,25,0.768663125,0.9213293691476186,1
1546,19490,7.951878479703822,9,0.76855625,0.9246344268321991,1
1547,19512,17.047495192962707,22,0.768295,0.7679370840390524,1
1548,19517,3.395371589244005,5,0.768235625,1.015557050704956,1
1549,19524,4.797139629773336,7,0.7681525,1.0579272508621216,1
1550,19529,3.7562653400402612,5,0.768093125,0.5886890292167664,1
1551,19539,7.245625522087321,10,0.767974375,0.8386427164077759,1
1552,19551,8.567058715541107,12,0.7678318749999999,0.9498209953308105,1
1553,19562,9.55757402013049,11,0.76770125,0.9235319495201111,1
1554,19573,7.376505268927135,11,0.7675706250000001,0.8673162360986074,1
1555,19583,6.3363478146940935,10,0.767451875,0.7684321403503418,1
1556,19602,16.77642975008523,19,0.76722625,1.0290737748146057,1
1557,19608,4.4042728327314755,6,0.767155,1.0746856927871704,1
1558,19638,22.583252467794093,30,0.76679875,1.009291844708579,1
1559,19651,10.445144387961948,13,0.766644375,0.9321739276250204,1
1560,19661,7.2476037076925115,10,0.766525625,0.7146012385686239,1
1561,19677,12.762008263889708,16,0.766335625,0.9651778340339661,1
1562,19707,21.40558569316809,30,0.765979375,0.8328059145382473,1
1563,19715,7.054113230944099,8,0.765884375,0.8875486254692078,1
1564,19745,26.921116621405663,30,0.765528125,0.9378400892019272,0
1565,19750,3.9590471683324666,5,0.76546875,0.8900521993637085,1
1566,19753,1.7649228101313175,3,0.7654331249999999,0.7522614598274231,1
1567,19783,21.366029988047003,30,0.765076875,0.9409900648253304,0
1568,19790,5.955575835265498,7,0.76499375,0.725114494562149,1
1569,19810,15.765953144630839,20,0.76475625,0.9204169929027557,1
1570,19819,7.155081886650253,9,0.7646493750000001,1.0084603428840637,1
1571,19849,26.567084236477392,30,0.764293125,0.8748629614710808,1
1572,19861,7.738636363636362,12,0.764150625,1.0598479708035786,1
1573,19875,11.4008653060787,14,0.7639843749999999,0.9469466010729471,1
1574,19894,15.410387035697369,19,0.76375875,1.0559045314788817,1
1575,19906,10.482901514580552,12,0.76361625,0.9017371336619059,1
1576,19936,21.17079540703639,30,0.76326,0.9076977968215942,0
1577,19948,9.371404836580705,12,0.7631175,1.0955433249473572,1
1578,19957,7.209126486816798,9,0.7630106249999999,0.8268748223781586,1
1579,19960,1.5982070401394535,3,0.762975,0.8730606436729431,1
1580,19973,9.093326627036324,13,0.762820625,0.9798156420389811,1
1581,19980,4.8027377409836935,7,0.7627375000000001,0.7322468161582947,1
1582,19986,4.754505832193052,6,0.76266625,0.9328875541687012,1
1583,20003,12.917653822500537,17,0.762464375,0.9163148701190948,1
1584,20011,5.76132441561326,8,0.762369375,1.0454139411449432,1
1585,20041,26.84186629168031,30,0.762013125,1.1262618154287338,0
1586,20061,17.165864348922796,20,0.7617756250000001,1.0777666926383973,1
1587,20065,2.9557893636642034,4,0.761728125,1.4473507404327393,1
1588,20081,14.163558514852935,16,0.761538125,0.9890570491552353,1
1589,20109,22.891290731344522,28,0.761205625,1.0946885006768363,1
1590,20115,4.957168006567855,6,0.761134375,1.175415277481079,1
1591,20145,23.894126924514467,30,0.7607781250000001,0.9259409680962563,0
1592,20148,1.7862340231910245,3,0.7607425,1.0814743041992188,1
1593,20167,14.101244045715317,19,0.760516875,0.8480689525604248,1
1594,20197,23.43496637291688,30,0.760160625,0.9288254678249359,0
1595,20201,2.566053658965085,4,0.7601131250000001,1.1918847560882568,1
1596,20207,4.7545250614028856,6,0.760041875,0.7829908132553101,1
1597,20213,4.367025914651974,6,0.759970625,1.092536449432373,1
1598,20222,6.368296504642357,9,0.75986375,0.9635323286056519,1
1599,20234,8.375904804876509,12,0.75972125,0.7747454643249512,1
1600,20252,12.705231045433601,18,0.7595075,0.9550992727279664,1
1601,20258,4.206431644778848,6,0.75943625,0.936083197593689,1
1602,20271,10.043116502700604,13,0.759281875,0.8801366686820984,1
1603,20279,5.322919688227186,8,0.759186875,0.968550831079483,1
1604,20285,4.559259370107493,6,0.759115625,0.8926199078559875,1
1605,20291,4.959018187143877,6,0.759044375,0.6038516759872437,1
1606,20304,10.006289862481994,13,0.75889,1.4596374332904816,1
1607,20307,1.6000542239715385,3,0.7588543750000001,nan,1
1608,20323,13.803637680238024,16,0.758664375,0.8386153280735016,1
1609,20328,3.364987613054878,5,0.758605,1.35731840133667,1
1610,20343,10.652958815328018,15,0.7584268750000001,0.8985793590545654,1
1611,20347,2.3989825583753617,4,0.7583793750000001,0.8838817477226257,1
1612,20350,1.7671529078868469,3,0.75834375,0.8010607957839966,1
1613,20361,8.482093194371952,11,0.758213125,1.0757659673690796,1
1614,20372,9.152878871603491,11,0.7580825,1.3398810227711995,1
1615,20389,13.016008888262022,17,0.7578806250000001,1.0617278069257736,1
1616,20410,16.052407129419755,21,0.75763125,0.9114980101585388,1
1617,20432,19.34838551706754,22,0.75737,1.0749913652737935,1
1618,20462,22.381376799431273,30,0.75701375,1.0627401471138,1
1619,20465,1.7953289908768333,3,0.7569781250000001,0.5360956192016602,1
1620,20471,4.957168599026561,6,0.7569068750000001,0.7857811450958252,1
1621,20488,13.999042895494153,17,0.756705,1.197023057937622,1
1622,20492,2.398545842333599,4,0.7566575,1.4742658138275146,1
1623,20497,3.9572063683176055,5,0.756598125,0.874736487865448,1
1624,20527,25.33154239347261,30,0.756241875,1.2273277129445757,0
1625,20533,4.757953414991336,6,0.756170625,0.952172040939331,1
1626,20555,15.987761015704997,22,0.755909375,1.0822942018508912,1
1627,20559,2.761345535127316,4,0.755861875,0.6766234636306763,1
1628,20565,3.6147362286564477,6,0.7557906249999999,1.5607088804244995,1
1629,20583,14.406833321394988,18,0.755576875,0.9208215475082397,1
1630,20610,20.824376636061167,27,0.75525625,1.068172880581447,1
1631,20629,14.608419605184316,19,0.7550306250000001,1.1970006465911864,1
1632,20636,5.360395733743856,7,0.7549475,1.0154315829277039,1
1633,20641,3.560645290765555,5,0.754888125,1.4548773765563965,1
1634,20660,14.734431415047569,19,0.7546625,0.9345370054244995,1
1635,20668,6.354670932123851,8,0.7545675000000001,0.9186236262321472,1
1636,20680,9.076052123416465,12,0.754425,0.9625453352928162,1
1637,20687,5.76015455078024,7,0.7543418749999999,1.3779518604278564,1
1638,20694,5.78870274821036,7,0.75425875,0.9635119140148163,1
1639,20702,6.955583519957183,8,0.75416375,0.9934894442558289,1
1640,20709,4.582189607127774,7,0.7540806250000001,1.2733403444290161,1
1641,20739,21.7423757741165,30,0.753724375,0.85304223213877,0
1642,20747,6.361734555272911,8,0.753629375,0.8085298836231232,1
1643,20757,7.762159088882427,10,0.753510625,0.8704405029614767,1
1644,20768,9.953724496780326,11,0.75338,0.9658816059430441,1
1645,20779,8.963543059290362,11,0.753249375,1.0510081946849823,1
1646,20788,7.591188140334468,9,0.7531425,0.9362640182177225,1
1647,20804,13.087873619473452,16,0.7529525,0.9407584965229034,1
1648,20819,12.99697911006875,15,0.752774375,1.1075711846351624,1
1649,20822,2.1216552131335713,3,0.75273875,0.8848008513450623,1
1650,20836,12.35715970937449,14,0.7525725,0.9547901898622513,1
1651,20850,11.520237418376817,14,0.75240625,0.8127711812655131,1
1652,20858,6.566230599422978,8,0.75231125,0.9768801331520081,1
1653,20871,10.0441764383083,13,0.7521568750000001,0.8941367467244467,1
1654,20892,17.359150797207278,21,0.7519075,0.9874483446280161,1
1655,20899,4.454668740383272,7,0.751824375,1.281397819519043,1
1656,20910,9.157273524641157,11,0.75169375,1.0187742312749226,1
1657,20936,21.42024783851435,26,0.751385,0.7364486498492104,1
1658,20946,8.193649789583702,10,0.75126625,0.8933568894863129,1
1659,20962,11.772315839473125,16,0.75107625,1.1182641088962555,1
1660,20969,4.1762727981663454,7,0.7509931249999999,1.0212076306343079,1
1661,20976,5.564007785459362,7,0.75091,0.8106517493724823,1
1662,20984,6.556433936141696,8,0.750815,0.976990133523941,1
1663,21002,15.597134148687473,18,0.75060125,0.7385881394147873,1
1664,21012,7.996921235463834,10,0.7504825,0.8505036234855652,1
1665,21027,13.989686668210998,15,0.750304375,1.0186597108840942,1
1666,21029,0.9660165442504834,2,0.750280625,1.3790751695632935,1
1667,21042,9.776448489417197,13,0.75012625,1.0986306468645732,1
1668,21067,16.884211130414204,25,0.749829375,1.0652499397595723,1
1669,21076,6.898528185673232,9,0.7497225000000001,0.8993058602015177,1
1670,21091,11.699225386256108,15,0.7495443749999999,0.7107882002989451,1
1671,21100,7.097801950854759,9,0.7494375,0.909975528717041,1
1672,21114,12.350341398863005,14,0.74927125,1.107289989789327,1
1673,21128,12.75486231516646,14,0.749105,1.1034165173768997,1
1674,21150,18.202295671189923,22,0.74884375,1.1612014055252076,1
1675,21161,9.953725024785019,11,0.7487131250000001,0.828845202922821,1
1676,21165,2.7943365791981405,4,0.7486656250000001,1.5757322311401367,1
1677,21179,12.747755273941758,14,0.748499375,0.7971497575441996,1
1678,21192,9.766210958548603,13,0.748345,1.0390068590641022,1
1679,21199,5.561484534540833,7,0.7482618750000001,1.0179567337036133,1
1680,21213,10.763829389157843,14,0.7480956249999999,0.8446578234434128,1
1681,21224,7.6573011842892065,11,0.747965,1.1273929675420125,1
1682,21235,7.50701240047085,11,0.747834375,0.7568250596523285,1
1683,21242,6.121560492253727,7,0.74775125,0.9717870652675629,1
1684,21257,11.730531596155576,15,0.747573125,1.0807743966579437,1
1685,21266,6.6460723466393095,9,0.74746625,1.0565629601478577,1
1686,21284,14.520955462660933,18,0.7472525,1.2950516223907471,1
1687,21296,8.558702600757863,12,0.7471099999999999,1.0010680357615154,1
1688,21300,2.396747833339994,4,0.7470625,1.3098469972610474,1
1689,21313,9.20837451057944,13,0.746908125,0.9351687630017599,1
1690,21322,7.752780140669767,9,0.7468012500000001,0.8591656386852264,1
1691,21329,4.800166766018632,7,0.746718125,0.39627835154533386,1
1692,21354,20.296182457780766,25,0.74642125,0.9555262525876363,1
1693,21373,16.75583380443329,19,0.7461956249999999,1.0410274386405944,1
1694,21391,15.593694116749326,18,0.745981875,0.865520790219307,1
1695,21404,10.208971786046128,13,0.7458275,1.0365140736103058,1
1696,21419,13.163558660181712,15,0.745649375,1.0044939915339153,1
1697,21425,4.601081742925651,6,0.745578125,1.1163296699523926,1
1698,21428,1.9200125528231267,3,0.7455425,1.4583208560943604,1
1699,21437,7.846121670549308,9,0.745435625,0.9591436982154846,1
1700,21448,8.96025652316808,11,0.745305,1.3100515604019165,1
1701,21455,5.123404918173475,7,0.7452218749999999,0.7710204124450684,1
1702,21461,4.557413660249761,6,0.745150625,1.1601927876472473,1
1703,21491,24.739021045241458,30,0.7447943750000001,1.2127427458763123,0
1704,21496,3.7562653400402612,5,0.744735,1.3245282769203186,1
1705,21501,3.2023098119772544,5,0.744675625,1.1417524814605713,1
1706,21506,4.0481409801815476,5,0.74461625,1.3729207515716553,1
1707,21511,3.197493032857767,5,0.744556875,1.115591287612915,1
1708,21524,9.524371787260694,13,0.7444025000000001,1.1541409194469452,1
1709,21541,15.244330047974902,17,0.744200625,0.8668285831809044,1
1710,21545,3.0541214465764743,4,0.744153125,1.162509799003601,1
1711,21569,18.77213188573654,24,0.7438681250000001,1.2914753556251526,1
1712,21575,4.758333963298804,6,0.7437968749999999,0.8013339042663574,1
1713,21580,3.9572014196905787,5,0.7437374999999999,1.5909638404846191,1
1714,21588,6.754495162718864,8,0.7436425,1.0565386414527893,1
1715,21600,9.005888471106239,12,0.7435,1.1003589232762654,1
1716,21619,17.555571957010766,19,0.7432743749999999,1.1812969893217087,1
1717,21621,0.9660165442504834,2,0.7432506249999999,1.6642038822174072,1
1718,21637,11.48644582521767,16,0.743060625,0.9915044605731964,1
1719,21649,8.525569414115841,12,0.7429181250000001,1.1922029654184978,1
1720,21675,18.717247390713307,26,0.742609375,0.9326516687870026,1
1721,21701,19.659978217158805,26,0.7423006249999999,1.1596731288092477,1
1722,21715,10.68428365088515,14,0.742134375,1.1156055529912312,1
1723,21718,1.7649228101313175,3,0.74209875,1.223494529724121,1
1724,21725,5.007426790891085,7,0.7420156250000001,1.0106896758079529,1
1725,21735,8.795839323851416,10,0.741896875,1.1880196928977966,1
1726,21748,10.280922072470029,13,0.7417425,1.047881692647934,1
1727,21762,10.25339694927194,14,0.74157625,0.9932613571484884,1
1728,21772,7.243753958291295,10,0.7414575,0.8152749538421631,1
1729,21782,8.292901915080893,10,0.74133875,1.213070809841156,1
1730,21791,7.449134410627767,9,0.741231875,1.211523175239563,1
1731,21800,7.551381594921884,9,0.741125,1.0844431320826213,1
1732,21830,25.41343385838179,30,0.74076875,1.1036105070795332,0
1733,21855,18.90857096358677,25,0.740471875,1.0130337476730347,1
1734,21877,16.901841959087033,22,0.740210625,1.1424378156661987,1
1735,21882,4.123409155965986,5,0.74015125,0.6384472846984863,1
1736,21888,4.794138006529757,6,0.7400800000000001,1.1182109415531158,1
1737,21918,23.31396900043512,30,0.73972375,1.1409114769526891,0
1738,21933,10.345983401624311,15,0.7395456250000001,0.9335550516843796,1
1739,21963,21.807142662302724,30,0.739189375,1.202488660812378,0
1740,21968,3.756925727300567,5,0.7391300000000001,0.7418022751808167,1
1741,21973,2.84437240578972,5,0.7390706250000001,0.9530730843544006,1
1742,21975,1.1211282096181674,2,0.7390468750000001,nan,1
1743,21984,7.748711167253515,9,0.73894,0.8594824274381002,1
1744,21990,3.8796830224980434,6,0.73886875,1.033344030380249,1
1745,21996,4.7567548743145105,6,0.7387975,0.9910712242126465,1
1746,22006,8.758302858617032,10,0.73867875,1.3350450992584229,1
1747,22019,9.015364720547437,13,0.738524375,1.0980563163757324,1
1748,22024,3.9590471683324666,5,0.738465,1.0779436230659485,1
1749,22039,11.213824300402322,15,0.738286875,1.019941786924998,1
1750,22058,14.829768214595404,19,0.73806125,1.501763653755188,1
1751,22081,17.814111526330738,23,0.737788125,1.0855598549048107,1
1752,22086,3.9572063683176055,5,0.73772875,0.9850971698760986,1
1753,22109,15.636837348835662,23,0.737455625,1.0056589941183727,1
1754,22139,23.908433160279888,30,0.737099375,1.1021568860326494,0
1755,22144,3.2548217445276384,5,0.73704,1.0708326697349548,1
1756,22160,14.358344800081712,16,0.73685,1.206765741109848,1
1757,22166,4.1664814829248975,6,0.73677875,1.3282965421676636,1
1758,22185,15.014309115775731,19,0.7365531249999999,1.0686938643455506,1
1759,22196,9.589325578518912,11,0.7364225,1.288465181986491,1
1760,22202,4.39067255769399,6,0.73635125,1.4358975887298584,1
1761,22210,6.794132207654073,8,0.7362562500000001,1.1601313352584839,1
1762,22214,2.9592167598122607,4,0.7362087500000001,0.9618223905563354,1
1763,22239,18.951251598398656,25,0.735911875,0.9609286387761434,1
1764,22249,8.756717282935295,10,0.735793125,1.432510256767273,1
1765,22270,14.382996222737368,21,0.73554375,1.0046732544898986,1
1766,22274,2.9592167598122607,4,0.73549625,1.8602344989776611,1
1767,22282,6.908170516422887,8,0.73540125,0.8971215784549713,1
1768,22292,8.752377034513708,10,0.7352825000000001,1.4177488684654236,1
1769,22301,7.788325808199985,9,0.735175625,1.071397602558136,1
1770,22307,4.559649261406825,6,0.7351043749999999,1.1047277450561523,1
1771,22327,17.991301865734187,20,0.734866875,1.0280879855155944,1
1772,22334,5.011622579948503,7,0.7347837500000001,1.2261992692947388,1
1773,22342,6.597008812536914,8,0.73468875,1.3306506872177124,1
1774,22359,13.093246692132654,17,0.734486875,1.305659994482994,1
1775,22367,5.802900111171354,8,0.734391875,1.4308182001113892,1
1776,22374,4.69036748468996,7,0.7343087500000001,1.226424217224121,1
1777,22378,2.403409090909091,4,0.7342612500000001,1.0239663124084473,1
1778,22390,10.44624035850047,12,0.73411875,1.4816749890645344,1
1779,22413,17.419301053090226,23,0.7338456250000001,1.157769997914632,1
1780,22421,5.996350605820998,8,0.733750625,0.7731903195381165,1
1781,22429,4.889826951244265,8,0.7336556249999999,1.401114583015442,1
1782,22445,12.09564396598895,16,0.733465625,1.2470074743032455,1
1783,22472,21.724937119171948,27,0.733145,1.0788981659071786,1
1784,22479,5.561319895605194,7,0.733061875,0.7073898315429688,1
1785,22488,7.955574809637088,9,0.732955,1.1279125610987346,1
1786,22494,3.841461375819437,6,0.7328837500000001,1.001683235168457,1
1787,22503,7.281835599992201,9,0.732776875,1.182941198348999,1
1788,22510,5.557248978236579,7,0.73269375,1.0218250155448914,1
1789,22514,2.9557893636642034,4,0.73264625,1.1919300556182861,1
1790,22516,1.2783909896727712,2,0.7326225,1.3921116590499878,1
1791,22519,1.9602091714909529,3,0.732586875,nan,1
1792,22527,6.5997046166129625,8,0.732491875,0.9942012131214142,1
1793,22530,1.6000542239715385,3,0.73245625,1.1008925437927246,1
1794,22547,15.358456659127276,17,0.732254375,0.9828970283269882,1
1795,22573,21.468229922713267,26,0.731945625,1.141714232308524,1
1796,22582,6.368154900879429,9,0.7318387500000001,1.381152331829071,1
1797,22600,15.130495652777748,18,0.731625,0.955917751789093,1
1798,22606,4.166486244833604,6,0.73155375,0.7049764394760132,1
1799,22624,13.77880796257941,18,0.73134,1.1228956699371337,1
1800,22629,3.75812300647113,5,0.731280625,0.6935555934906006,1
1801,22659,24.571528957320044,30,0.7309243750000001,1.1957204341888428,0
1802,22673,11.795257644796703,14,0.7307581249999999,1.2979020327329636,1
1803,22688,10.61387617311023,15,0.73058,1.3653941750526428,1
1804,22718,22.46641277540422,30,0.7302237500000001,1.3517053297587804,0
1805,22727,7.551921615340464,9,0.730116875,1.0938113331794739,1
1806,22757,25.440998263685493,30,0.7297606249999999,1.411159411072731,0
1807,22765,6.354593876723326,8,0.729665625,1.3215959966182709,1
1808,22783,13.131155981451363,18,0.729451875,1.4574739038944244,1
1809,22792,7.360191635239218,9,0.729345,1.021643300851186,1
1810,22798,3.996729902004331,6,0.72927375,1.203770399093628,1
1811,22805,4.796775454667507,7,0.729190625,0.941156804561615,1
1812,22813,6.75608566341581,8,0.729095625,1.064279019832611,1
1813,22816,1.5982070401394535,3,0.72906,1.8204779624938965,1
1814,22832,12.322586673654467,16,0.72887,1.3131334781646729,1
1815,22835,1.7269591395607595,3,0.7288343749999999,nan,1
1816,22839,2.3974713947814035,4,0.728786875,1.1098930835723877,1
1817,22851,9.16269459381906,12,0.728644375,0.8686297933260599,1
1818,22870,16.11522358528811,19,0.72841875,1.047970175743103,1
1819,22884,9.548076349704003,14,0.7282525,1.2593814730644226,1
1820,22889,3.1985928590312933,5,0.728193125,1.1750752925872803,1
1821,22911,19.090770354643738,22,0.727931875,1.0403584957122802,1
1822,22923,9.950264881324767,12,0.727789375,0.9899414976437887,1
1823,22944,17.681196051277194,21,0.7275400000000001,1.3369211157162983,1
1824,22974,24.936455429999743,30,0.72718375,1.1277005331856864,0
1825,23004,24.57629284059288,30,0.7268275,1.296138659119606,0
1826,23012,6.399983037040364,8,0.7267325,1.2581119537353516,1
1827,23024,8.564464775340278,12,0.7265900000000001,0.9713466564814249,1
1828,23040,14.949780401103249,16,0.7264,1.1138221472501755,1
1829,23051,9.189415054299138,11,0.726269375,1.3846169710159302,1
1830,23063,10.357269997962835,12,0.7261268750000001,0.8460348049799601,1
1831,23073,8.601075774706626,10,0.726008125,1.2504650751749675,1
1832,23076,1.7649228101313175,3,0.7259725,1.5088536739349365,1
1833,23092,13.158844948821049,16,0.7257825,1.0439618229866028,1
1834,23110,14.133363533473451,18,0.7255687500000001,1.0673684477806091,1
1835,23118,6.08217076230122,8,0.72547375,1.3946595191955566,1
1836,23143,18.465273448411885,25,0.725176875,1.3984910249710083,1
1837,23173,21.30100917273761,30,0.724820625,1.1368504017591476,0
1838,23193,16.483900654691155,20,0.724583125,1.0710022687911986,1
1839,23200,5.714592551984302,7,0.7245,1.1410800516605377,1
1840,23209,7.360601632567065,9,0.724393125,1.115078091621399,1
1841,23233,17.980566660729593,24,0.724108125,1.0198281705379486,1
1842,23254,16.38640078498814,21,0.72385875,1.2193249106407165,1
1843,23259,3.754707248874702,5,0.723799375,1.145071029663086,1
1844,23278,16.08259593655696,19,0.72357375,1.0955973505973815,1
1845,23289,9.712905629841462,11,0.723443125,1.1990461746851604,1
1846,23308,16.33247305996001,19,0.7232175000000001,1.0724720120429994,1
1847,23319,8.168061207287268,11,0.723086875,1.3137421905994415,1
1848,23323,2.7572668943498306,4,0.7230393749999999,1.5562670230865479,1
1849,23339,12.822466568396207,16,0.722849375,1.10574671626091,1
1850,23369,21.729604700976914,30,0.722493125,1.3051900118589401,0
1851,23377,5.891761206629926,8,0.722398125,1.0013000667095184,1
1852,23394,13.726144135974137,17,0.7221962500000001,1.085203468799591,1
1853,23412,16.747224533149822,18,0.7219825,1.1736104846000672,1
1854,23423,9.15684505907527,11,0.721851875,1.0157160460948944,1
1855,23426,2.05230133899174,3,0.72181625,0.9544142484664917,1
1856,23442,12.055773960524213,16,0.72162625,1.0898456573486328,1
1857,23459,13.241971369878483,17,0.721424375,0.8255863636732101,1
1858,23470,8.881072248300661,11,0.7212937500000001,1.0627191066741943,1
1859,23488,13.902700667200026,18,0.7210799999999999,1.146129274368286,1
1860,23499,9.350749455092753,11,0.720949375,0.8131140768527985,1
1861,23509,7.444659672598604,10,0.7208306250000001,1.0156538387139638,1
1862,23516,5.786248169249258,7,0.7207475000000001,0.8819115161895752,1
1863,23545,24.248378266055283,29,0.720403125,1.2154621226446969,1
1864,23575,24.453021714739357,30,0.720046875,1.2097365174974715,0
1865,23581,4.756112614600217,6,0.719975625,1.4012407660484314,1
1866,23585,3.0477004397774534,4,0.719928125,1.4377387762069702,1
1867,23590,3.597065145021234,5,0.7198687500000001,1.0960243940353394,1
1868,23609,14.570924028796007,19,0.7196431249999999,0.9658989310264587,1
1869,23613,2.401173448340891,4,0.719595625,0.8181148767471313,1
1870,23634,17.67477139184317,21,0.7193462500000001,1.1586611866950989,1
1871,23639,3.3694256351595744,5,0.719286875,1.138679027557373,1
1872,23648,7.075776756958574,9,0.71918,1.2867075403531392,1
1873,23666,14.68505900056873,18,0.71896625,1.2792908251285553,1
1874,23685,15.170992466948082,19,0.718740625,1.1942856311798096,1
1875,23703,12.190037387726072,18,0.718526875,1.0572996884584427,1
1876,23733,25.681484272411538,30,0.718170625,1.1189310401678085,0
1877,23763,27.00307048542109,30,0.717814375,1.3169941391263689,0
1878,23770,5.561319895605194,7,0.71773125,1.333037555217743,1
1879,23776,5.076654473867406,6,0.71766,1.2787032723426819,1
1880,23794,13.136917112535379,18,0.7174462500000001,1.2165354490280151,1
1881,23800,4.756119597166153,6,0.7173750000000001,1.027571201324463,1
1882,23802,1.0508547873237735,2,0.7173512500000001,nan,1
1883,23807,3.9590471683324666,5,0.717291875,0.4447600841522217,1
1884,23814,4.683836005498738,7,0.71720875,1.390681505203247,1
1885,23819,3.790727416038416,5,0.717149375,0.8873927593231201,1
1886,23839,15.466212432025497,20,0.716911875,0.9681623697280883,1
1887,23858,17.159754214784286,19,0.71668625,1.178873062133789,1
1888,23884,19.834635786436884,26,0.7163775000000001,0.8986212185450962,1
1889,23899,12.795064167332487,15,0.716199375,1.128349502881368,1
1890,23906,5.403205565696552,7,0.71611625,1.1457796096801758,1
1891,23936,22.718267608658792,30,0.71576,1.1575526371598244,0
1892,23945,6.3636308331079485,9,0.715653125,1.1160326600074768,1
1893,23951,4.555556721334872,6,0.715581875,0.9723082184791565,1
1894,23957,3.7233876207567427,6,0.7155106250000001,1.1545467972755432,1
1895,23975,14.44437853427498,18,0.7152968749999999,0.9652855098247528,1
1896,23983,6.162917168430257,8,0.715201875,1.1345562934875488,1
1897,24011,23.118521779252145,28,0.714869375,1.2293530361992973,1
1898,24027,12.771011825821596,16,0.714679375,1.0502698421478271,1
1899,24041,11.28158832496748,14,0.714513125,1.068906843662262,1
1900,24050,6.418434489815402,9,0.71440625,1.1679616570472717,1
1901,24055,3.198218158207387,5,0.7143468749999999,1.6834595203399658,1
1902,24082,19.040275958302793,27,0.7140262500000001,1.3981348446437292,1
1903,24089,4.964635376500036,7,0.713943125,0.9379962682723999,1
1904,24106,15.5575816850486,17,0.71374125,1.0591554045677185,1
1905,24110,2.401190587607902,4,0.71369375,1.5804762840270996,1
1906,24123,9.732948601950762,13,0.713539375,1.4378994703292847,1
1907,24134,9.157999669747579,11,0.7134087499999999,1.037781556447347,1
1908,24163,24.57422796325359,29,0.713064375,1.2806849905422755,1
1909,24181,14.572262556309328,18,0.712850625,1.2977756977081298,1
1910,24188,5.650852067374081,7,0.7127675,1.3192371129989624,1
1911,24198,8.364538045968104,10,0.71264875,1.5928187370300293,1
1912,24228,23.257145042193642,30,0.7122925,1.3740223422646523,0
1913,24236,5.857152938572204,8,0.7121975,1.4655521512031555,1
1914,24239,1.9602091714909529,3,0.712161875,nan,1
1915,24251,10.076045935737417,12,0.712019375,1.185394287109375,1
1916,24268,12.301254961636047,17,0.7118175,1.3128515958786011,1
1917,24271,1.9602091714909529,3,0.711781875,nan,1
1918,24280,6.395307487630672,9,0.7116750000000001,1.1543622811635335,1
1919,24292,9.997557548149457,12,0.7115325,1.1344634691874187,1
1920,24298,4.555556721334872,6,0.7114612499999999,0.9566606283187866,1
1921,24303,2.963690587607902,5,0.711401875,1.5040452480316162,1
1922,24311,5.958827066058765,8,0.711306875,1.3149780631065369,1
1923,24321,7.405697373533327,10,0.7111881250000001,1.4794646700223286,1
1924,24340,13.279838422498376,19,0.7109624999999999,1.3423825025558471,1
1925,24347,5.160674110165148,7,0.710879375,1.845218539237976,1
1926,24363,14.2508230680059,16,0.7106893750000001,0.9870004057884216,1
1927,24391,19.79279604499458,28,0.710356875,1.3434588483401708,1
1928,24421,22.473055355059902,30,0.7100006249999999,1.2755699008703232,0
1929,24424,1.9583725634928275,3,0.709965,1.888338327407837,1
1930,24434,7.684072036365662,10,0.70984625,1.407564401626587,1
1931,24445,7.703728036907558,11,0.7097156250000001,1.1763726075490315,1
1932,24459,11.132183432103925,14,0.709549375,1.1777413686116536,1
1933,24489,20.88980885000795,30,0.709193125,1.11369276791811,0
1934,24502,11.3584568347269,13,0.7090387499999999,0.9257437984148661,1
1935,24505,1.5982070401394535,3,0.709003125,1.0336673259735107,1
1936,24521,14.35805240406902,16,0.708813125,1.0100789368152618,1
1937,24547,24.1628062231097,26,0.708504375,1.0753667553265889,1
1938,24555,6.404552935619871,8,0.708409375,1.1203618049621582,1
1939,24585,22.630398596281058,30,0.708053125,1.186965137720108,0
1940,24590,3.9571975996624404,5,0.70799375,1.2479625940322876,1
1941,24593,1.7671529078868469,3,0.707958125,0.849347710609436,1
1942,24596,1.6000371704030871,3,0.7079225,1.1035480499267578,1
1943,24626,20.854810943870834,30,0.70756625,1.2816412108285087,0
1944,24629,1.9583725634928275,3,0.707530625,1.4912077188491821,1
1945,24636,5.915498536351766,7,0.7074475,1.367168128490448,1
1946,24648,10.0075934623313,12,0.7073050000000001,1.2665105263392131,1
1947,24650,1.1211282096181674,2,0.7072812500000001,nan,1
1948,24665,12.994494241512912,15,0.7071031249999999,1.0797971189022064,1
1949,24679,13.11059091822572,14,0.706936875,1.526995301246643,1
1950,24695,11.967438965604826,16,0.706746875,1.2918839752674103,1
1951,24708,8.94618436696404,13,0.7065925,1.2625911235809326,1
1952,24728,17.4343053211826,20,0.7063550000000001,1.038857889175415,1
1953,24758,24.622753925435447,30,0.70599875,1.010124140552112,0
1954,24763,3.197864627240366,5,0.705939375,0.8266136646270752,1
1955,24791,20.674886076169656,28,0.705606875,1.194087633064815,1
1956,24805,10.40686845923873,14,0.705440625,1.2752034813165665,1
1957,24835,26.961098222964267,30,0.705084375,1.0666944554873876,0
1958,24841,4.725696451872455,6,0.705013125,0.9034907221794128,1
1959,24849,6.756069281516352,8,0.7049181250000001,0.9197336733341217,1
1960,24855,4.957177290232426,6,0.704846875,1.1227095127105713,1
1961,24869,11.397502047256555,14,0.704680625,1.0193170607089996,1
1962,24877,6.012035527949154,8,0.704585625,1.1276310086250305,1
1963,24882,3.565886881197478,5,0.70452625,0.8308098316192627,1
1964,24885,1.9583725634928275,3,0.704490625,1.016511082649231,1
1965,24892,5.7844659813004355,7,0.7044075000000001,1.0138457715511322,1
1966,24904,10.157397904449153,12,0.7042649999999999,1.1664811770121257,1
1967,24907,1.9602091714909529,3,0.704229375,nan,1
1968,24917,8.95505781789726,10,0.704110625,1.0223689476648967,1
1969,24931,9.185371897193502,14,0.7039443750000001,1.3871134122212727,1
1970,24950,15.875545038452852,19,0.70371875,0.9642839670181275,1
1971,24956,4.757953414991336,6,0.7036475,0.9876201748847961,1
1972,24965,7.010295937854378,9,0.703540625,1.018589437007904,1
1973,24972,5.790425325790787,7,0.7034575000000001,1.2783232927322388,1
1974,24989,13.650408254155435,17,0.703255625,1.4267399609088898,1
1975,24995,3.6081350168866093,6,0.703184375,1.6903057098388672,1
1976,25000,3.760353123448624,5,0.703125,1.19061678647995,1
1977,25003,1.9583725634928275,3,0.703089375,nan,1
1978,25011,5.332261448996252,8,0.7029943750000001,1.1513177752494812,1
1979,25017,5.118683963554414,6,0.7029231250000001,1.763755440711975,1
1980,25047,23.254841244559735,30,0.702566875,1.433779001235962,0
1981,25076,21.35356719834889,29,0.7022225,1.2932300120592117,1
1982,25090,12.156832846988207,14,0.70205625,1.0411999622980754,1
1983,25114,21.40402938916946,24,0.70177125,1.2691158254941304,1
1984,25131,11.696303335446983,17,0.701569375,1.3348770439624786,1
1985,25142,8.964582684099474,11,0.70143875,1.4024221897125244,1
1986,25157,10.395993260807057,15,0.701260625,1.1768994629383087,1
1987,25177,15.81280945676431,20,0.7010231250000001,1.420298957824707,1
1988,25187,7.258891172878993,10,0.700904375,1.622028887271881,1
1989,25217,22.29431436887959,30,0.7005481250000001,1.4549744799733162,0
1990,25239,18.838536794596617,22,0.700286875,1.256965708732605,1
1991,25268,20.959518731746762,29,0.6999425,1.2915373742580414,1
1992,25286,15.60069874730434,18,0.69972875,1.3862554132938385,1
1993,25299,10.750704577539032,13,0.6995743750000001,1.1124591032663982,1
1994,25306,5.557366988956357,7,0.69949125,1.2342732548713684,1
1995,25318,10.44110051236969,12,0.69934875,1.378690481185913,1
1996,25334,14.788832551607594,16,0.69915875,1.226490080356598,1
1997,25341,5.207102373420022,7,0.6990756250000001,1.4543408155441284,1
1998,25344,1.6000542239715385,3,0.69904,1.0336625576019287,1
1999,25352,6.59543834308043,8,0.6989449999999999,1.5053495168685913,1
2000,25359,5.598848500490182,7,0.698861875,1.1954433917999268,1
2001,25366,5.355951449798785,7,0.69877875,1.179036259651184,1
2002,25378,10.005480023494902,12,0.6986362500000001,1.1629319190979004,1
2003,25386,5.693445563694959,8,0.69854125,0.7333894968032837,1
2004,25416,23.836943601714392,30,0.6981850000000001,1.1819920092821121,0
2005,25422,4.957177290232426,6,0.6981137500000001,0.8061254024505615,1
2006,25443,17.947522550916812,21,0.697864375,1.3149627208709718,1
2007,25473,22.362123250289887,30,0.697508125,1.393772043287754,0
2008,25503,23.86471037895143,30,0.6971518750000001,1.2425411173275538,0
2009,25512,7.165889592436616,9,0.697045,1.150093714396159,1
2010,25529,14.164507153924369,17,0.696843125,1.5553385615348816,1
2011,25543,10.44924237173267,14,0.6966768750000001,1.3110203345616658,1
2012,25573,24.110470933004674,30,0.696320625,1.200272113084793,0
2013,25579,4.358754950569488,6,0.6962493750000001,0.8132246136665344,1
2014,25606,19.54095383633465,27,0.69592875,1.5103706972939628,1
2015,25627,16.664501547603976,21,0.6956793750000001,1.2718928575515747,1
2016,25634,5.756066748709668,7,0.69559625,1.0896086692810059,1
2017,25647,10.799717327175717,13,0.695441875,1.0857983430226643,1
2018,25655,6.384695543928384,8,0.695346875,1.1559435725212097,1
2019,25662,4.813912076688583,7,0.6952637500000001,1.0851871371269226,1
2020,25674,8.995133627501076,12,0.69512125,1.4349425633748372,1
2021,25684,7.372913082410675,10,0.6950025,1.179267704486847,1
2022,25703,16.51872289072548,19,0.6947768750000001,1.372772753238678,1
2023,25732,22.511444106159725,29,0.6944325,1.1293359473347664,1
2024,25744,8.170470423957344,12,0.6942900000000001,1.1311642527580261,1
2025,25757,8.497767474038001,13,0.694135625,1.558939019838969,1
2026,25772,11.00631571904987,15,0.6939575,1.2183460891246796,1
2027,25795,20.163581286454324,23,0.693684375,1.1406909465789794,1
2028,25802,5.36078012072784,7,0.69360125,1.3147579431533813,1
2029,25814,8.61730869612224,12,0.69345875,1.0616275866826375,1
2030,25824,7.795315316949096,10,0.6933400000000001,1.0014885465304058,1
2031,25832,6.71053188959403,8,0.693245,1.8063336610794067,1
2032,25862,24.03355192223306,30,0.69288875,1.636337501662118,0
2033,25865,1.6000371704030871,3,0.6928531250000001,1.6008074283599854,1
2034,25876,9.58789682736279,11,0.6927225,1.532349944114685,1
2035,25887,9.756448962009715,11,0.692591875,1.279569298028946,1
2036,25899,9.604665530306438,12,0.692449375,1.2287554343541462,1
2037,25905,3.997484717424518,6,0.6923781250000001,1.0808833837509155,1
2038,25935,24.02022250062309,30,0.692021875,1.3822545834950037,0
2039,25961,21.524261845794236,26,0.691713125,1.2923467925616674,1
2040,25984,16.978734389770842,23,0.69144,1.04413906733195,1
2041,25991,5.2459729277713185,7,0.6913568750000001,1.6261993646621704,1
2042,26008,14.410635675850916,17,0.691155,1.4804866790771485,1
2043,26012,2.7892934031355163,4,0.6911075,2.2034802436828613,1
2044,26039,20.849637148215823,27,0.690786875,1.2683206001917522,1
2045,26045,4.355845058555072,6,0.690715625,1.1532799005508423,1
2046,26055,7.478719520082906,10,0.690596875,1.4275147020816803,1
2047,26058,1.6000371704030871,3,0.69056125,1.7909882068634033,1
2048,26070,9.883286550597475,12,0.69041875,1.610853672027588,1
2049,26072,0.9850976595546611,2,0.690395,1.0479328632354736,1
2050,26102,24.14529852232266,30,0.69003875,1.3383066058158875,0
2051,26111,7.397353443945969,9,0.6899318750000001,1.0859684944152832,1
2052,26125,10.972909925416548,14,0.689765625,1.0354281961917877,1
2053,26130,3.9590471683324666,5,0.68970625,1.464417815208435,1
2054,26156,19.23047942596386,26,0.6893975,1.4019970723560877,1
2055,26186,23.75102579240907,30,0.68904125,1.3069718650409154,0
2056,26198,10.78687585434828,12,0.68889875,1.2346999446551006,1
2057,26211,10.16386072828436,13,0.688744375,1.3521251281102498,1
2058,26227,14.47768991764813,16,0.688554375,1.1031911969184875,1
2059,26233,4.953755017856427,6,0.6884831250000001,1.3304158449172974,1
2060,26240,5.555661425039249,7,0.6884,1.3041290044784546,1
2061,26243,1.5982070401394535,3,0.688364375,nan,1
2062,26258,13.953471045084248,15,0.68818625,1.1650041490793228,1
2063,26266,6.758472584046082,8,0.68809125,1.349820852279663,1
2064,26268,0.8011363636363635,2,0.6880675,1.9782779216766357,1
2065,26285,14.997956301632673,17,0.687865625,1.0503097921609879,1
2066,26315,22.55452315910852,30,0.6875093750000001,1.266871988773346,0
2067,26328,10.114945263217685,13,0.6873549999999999,1.2952401041984558,1
2068,26352,20.37293908284578,24,0.6870700000000001,1.3185239632924397,1
2069,26369,13.847189535793838,17,0.686868125,1.464584231376648,1
2070,26386,14.201587658203666,17,0.68666625,1.2649210095405579,1
2071,26401,13.153686116953779,15,0.686488125,1.4398981481790543,1
2072,26415,12.004485034092886,14,0.686321875,1.4498494068781536,1
2073,26418,1.7649228101313175,3,0.68628625,0.9227221012115479,1
2074,26430,10.192263611407416,12,0.68614375,1.2125800450642903,1
2075,26452,17.026079506553067,22,0.6858825,1.4047510425249736,1
2076,26482,27.270001456579152,30,0.68552625,1.1442256740161352,0
2077,26492,8.846689529496885,10,0.6854075,1.259884238243103,1
2078,26499,5.079613863468292,7,0.685324375,1.0331906080245972,1
2079,26502,1.7671529078868469,3,0.68528875,1.3496451377868652,1
2080,26511,5.89984534510444,9,0.685181875,1.3887799978256226,1
2081,26516,3.299655793241715,5,0.6851225,1.423790603876114,1
2082,26529,9.959653972803082,13,0.684968125,1.2387505769729614,1
2083,26559,21.118692663402374,30,0.6846118750000001,1.4856964009148734,1
2084,26565,4.559649261406825,6,0.684540625,1.6706878542900085,1
2085,26573,6.050046450786748,8,0.684445625,1.4197213053703308,1
2086,26580,5.406182427161682,7,0.6843625,0.8533018529415131,1
2087,26587,5.202127840555179,7,0.684279375,1.7408010959625244,1
2088,26598,8.714591217987671,11,0.68414875,1.2154682874679565,1
2089,26606,6.754247228254573,8,0.68405375,0.983119785785675,1
2090,26636,24.19582028504817,30,0.6836975000000001,1.0203282460570335,0
2091,26646,8.553797444922779,10,0.68357875,1.365223228931427,1
2092,26661,13.154136068187894,15,0.683400625,1.1850781291723251,1
2093,26674,10.917806400936845,13,0.68324625,1.149053692817688,1
2094,26685,8.202466906446487,11,0.683115625,1.304686427116394,1
2095,26698,9.494120506953447,13,0.68296125,1.466163158416748,1
2096,26711,9.820014254463581,13,0.682806875,1.4443940718968709,1
2097,26716,3.9590471683324666,5,0.6827475000000001,1.1972597241401672,1
2098,26719,1.7649228101313175,3,0.6827118750000001,nan,1
2099,26728,7.355744640575235,9,0.682605,1.365559180577596,1
2100,26731,1.9583725634928275,3,0.682569375,nan,1
2101,26743,9.335159720935438,12,0.682426875,1.21969473361969,1
2102,26755,9.087865818385133,12,0.682284375,1.3003468910853069,1
2103,26762,5.915207927175564,7,0.68220125,1.5068525075912476,1
2104,26770,6.155241123985955,8,0.68210625,1.3883442282676697,1
2105,26776,4.953983120337682,6,0.682035,1.3768937587738037,1
2106,26780,2.3974713947814035,4,0.6819875,1.713219404220581,1
2107,26790,7.886971617178837,10,0.68186875,1.493125319480896,1
2108,26796,4.387982610885221,6,0.6817975000000001,1.2863688468933105,1
2109,26801,3.9572063683176055,5,0.6817381250000001,1.476020336151123,1
2110,26807,4.208267529594637,6,0.681666875,1.6107531785964966,1
2111,26820,10.875928001135795,13,0.6815125,1.3521167635917664,1
2112,26834,12.191610874440963,14,0.68134625,1.5460868279139202,1
2113,26851,13.008316713370155,17,0.681144375,1.2201295793056488,1
2114,26866,11.972321396911884,15,0.68096625,1.2631304562091827,1
2115,26896,21.804207795381036,30,0.6806099999999999,1.325134016573429,0
2116,26909,9.490061547288574,13,0.680455625,1.312535564104716,1
2117,26919,7.3242866551158246,10,0.6803368750000001,1.738081693649292,1
2118,26922,1.6000542239715385,3,0.6803012500000001,1.7829210758209229,1
2119,26930,6.959012388268193,8,0.68020625,1.149701178073883,1
2120,26956,17.875930150868985,26,0.6798975,1.439477596964155,1
2121,26982,21.05588388275839,26,0.67958875,1.561532696088155,1
2122,26987,3.079289576599585,5,0.679529375,1.083385944366455,1
2123,26993,4.5582448976082,6,0.679458125,1.1474761664867401,1
2124,27001,5.254794955262654,8,0.6793631250000001,1.390165090560913,1
2125,27014,9.490084265920585,13,0.67920875,1.4088284571965535,1
2126,27042,25.249520157435654,28,0.6788762500000001,1.6432129911014013,1
2127,27046,3.0522756612359205,4,0.67882875,1.9800658226013184,1
2128,27058,9.04656361733234,12,0.6786862499999999,1.4797334273656209,1
2129,27070,10.045518814939266,12,0.67854375,1.329647421836853,1
2130,27073,1.9583725634928275,3,0.678508125,1.5362069606781006,1
2131,27077,2.7924868791082558,4,0.678460625,1.3767263889312744,1
2132,27085,6.084034865971829,8,0.6783656250000001,1.2927796840667725,1
2133,27098,10.43890276360142,13,0.67821125,1.4959441820780437,1
2134,27105,5.191797793808605,7,0.678128125,0.8920766115188599,1
2135,27134,22.720049131995896,29,0.67778375,1.342961541243962,1
2136,27138,2.7591154181621453,4,0.67773625,1.3537395000457764,1
2137,27145,5.049175352883477,7,0.677653125,1.5270311832427979,1
2138,27164,15.042182079162234,19,0.6774275000000001,1.2813807845115661,1
2139,27169,3.758507393455113,5,0.6773681250000001,1.5327798128128052,1
2140,27191,15.98028664231023,22,0.677106875,1.3829268217086792,1
2141,27221,23.403034360510098,30,0.6767506249999999,1.2344165295362473,0
2142,27234,10.476375374004201,13,0.67659625,1.1230416297912598,1
2143,27264,23.782711809043324,30,0.67624,1.534813977777958,0
2144,27279,10.818344246075762,15,0.676061875,1.4891842206319172,1
2145,27300,14.90321436386427,21,0.6758125,1.2019404172897339,1
2146,27312,9.877095173483118,12,0.67567,1.4466088215510051,1
2147,27342,23.66870626505173,30,0.67531375,1.2035236699240548,0
2148,27361,15.941287085424301,19,0.675088125,1.0196569800376891,1
2149,27381,15.829055301699073,20,0.6748506249999999,1.412802028656006,1
2150,27387,4.361388145434872,6,0.674779375,1.6163206100463867,1
2151,27390,1.5974290027069835,3,0.67474375,0.9554913640022278,1
2152,27400,8.518995894168112,10,0.674625,1.4683860143025715,1
2153,27405,3.9590471683324666,5,0.6745656250000001,2.2430825233459473,1
2154,27409,2.415980045634204,4,0.6745181250000001,1.5600494146347046,1
2155,27419,7.243755365727252,10,0.674399375,1.8611488342285156,1
2156,27449,25.530652873813878,30,0.6740431250000001,1.3824234381318092,0
2157,27452,2.0493490914064103,3,0.6740075,1.9444310665130615,1
2158,27456,2.5942352256076413,4,0.67396,1.4587352275848389,1
2159,27460,2.9943971255100124,4,0.6739125,0.9652602672576904,1
2160,27463,1.9583725634928275,3,0.6738768749999999,nan,1
2161,27477,10.970477150941063,14,0.673710625,1.3292383551597595,1
2162,27486,7.758307835648623,9,0.6736037500000001,1.372380018234253,1
2163,27493,5.955577277408231,7,0.6735206250000001,1.0739810764789581,1
2164,27496,1.7649228101313175,3,0.673485,1.3722565174102783,1
2165,27498,0.9163888583212717,2,0.67346125,nan,1
2166,27507,7.360191635239218,9,0.673354375,1.377623975276947,1
2167,27521,9.183518954076204,14,0.673188125,1.517532616853714,1
2168,27545,16.622428886846485,24,0.6729031249999999,1.1764393250147502,1
2169,27560,10.35021712477206,15,0.672725,1.4951114356517792,1
2170,27590,24.739413036815687,30,0.67236875,1.5911724737712316,0
2171,27605,12.357744385520567,15,0.672190625,1.3878257274627686,1
2172,27609,2.3974713947814035,4,0.6721431250000001,0.8478546738624573,1
2173,27631,16.273343647370414,22,0.671881875,1.3880478620529175,1
2174,27643,8.84603659142825,12,0.671739375,1.3809247811635335,1
2175,27648,2.925011729107178,5,0.67168,1.0635892748832703,1
2176,27656,6.55721990111664,8,0.671585,1.3223817944526672,1
2177,27673,13.238648661078319,17,0.671383125,1.7927933633327484,1
2178,27694,17.288016127682734,21,0.6711337500000001,1.4949387073516847,1
2179,27700,4.957177290232426,6,0.6710625,1.5040292143821716,1
2180,27730,21.959785749821204,30,0.6707062500000001,1.3464563403810774,0
2181,27733,1.9583725634928275,3,0.6706706250000001,0.6765727996826172,1
2182,27735,0.8496688366553268,2,0.6706468750000001,nan,1
2183,27741,4.764108271561489,6,0.6705756250000001,1.3744775652885437,1
2184,27751,8.955574771475188,10,0.670456875,1.337899625301361,1
2185,27759,5.843349032226103,8,0.670361875,1.3767696022987366,1
2186,27777,12.662003242171114,18,0.6701481250000001,1.6233299493789672,1
2187,27807,22.556662908128057,30,0.669791875,1.411867720740182,1
2188,27833,19.968373995947406,26,0.669483125,1.5671189342226302,1
2189,27835,1.1962425239963657,2,0.669459375,nan,1
2190,27850,12.638969423528025,15,0.66928125,1.4705701172351837,1
2191,27855,3.196737382890211,5,0.6692218750000001,1.5802643299102783,1
2192,27862,4.81619613092066,7,0.66913875,1.3825650215148926,1
2193,27872,9.115481863125506,10,0.66902,1.240753948688507,1
2194,27878,4.9555809677240585,6,0.66894875,1.2603429555892944,1
2195,27896,14.998880841938032,18,0.6687350000000001,1.2756098985671998,1
2196,27909,10.119127644051401,13,0.6685806249999999,1.4760773579279582,1
2197,27916,5.59527437016612,7,0.6684975,1.1143995523452759,1
2198,27930,11.954045873056636,14,0.66833125,1.0122790137926738,1
2199,27960,26.11681213272798,30,0.667975,1.2995175793766975,0
2200,27990,22.594865911799335,30,0.66761875,1.6359548228127616,0
2201,27994,2.7572907203812167,4,0.66757125,1.3800090551376343,1
2202,28024,22.748845327386345,30,0.667215,1.3989574015140533,0
2203,28044,14.501055405301814,20,0.6669775,1.3074580430984497,1
2204,28050,4.955339689288721,6,0.66690625,1.7220327854156494,1
2205,28063,10.900370315370507,13,0.6667518750000001,1.0335848331451416,1
2206,28073,7.483553057309834,10,0.6666331249999999,1.4700476328531902,1
2207,28090,11.543183456060609,17,0.66643125,1.3787508010864258,1
2208,28098,6.040215709017096,8,0.6663362500000001,1.218143343925476,1
2209,28105,5.391582736716166,7,0.666253125,1.1859804391860962,1
2210,28116,8.284516846077217,11,0.6661225,1.4651111761728923,1
2211,28126,8.760148727189318,10,0.66600375,1.3740934133529663,1
2212,28137,9.358355269886577,11,0.6658731250000001,1.489737073580424,1
2213,28143,4.199103005607178,6,0.6658018750000001,1.385899543762207,1
2214,28148,3.915594657572233,5,0.6657425,1.267733871936798,1
2215,28156,6.757454200594454,8,0.6656475,1.2814419865608215,1
2216,28163,6.074243614347329,7,0.665564375,1.315984845161438,1
2217,28166,1.9583725634928275,3,0.66552875,1.1168099641799927,1
2218,28196,24.140968632772488,30,0.6651725,1.2453667670488358,0
2219,28210,12.953724827667894,14,0.66500625,1.4798384110132854,1
2220,28219,7.182283885294679,9,0.6648993750000001,1.5918279886245728,1
2221,28236,14.990951737293061,17,0.6646975,1.79804584980011,1
2222,28244,6.9571666396087695,8,0.6646025,1.0785009860992432,1
2223,28257,8.855066174895969,13,0.6644481250000001,1.3280873497327168,1
2224,28266,6.886525015599752,9,0.66434125,1.171586036682129,1
2225,28280,11.038304828978337,14,0.664175,1.7016363739967346,1
2226,28284,2.3989825583753617,4,0.6641275,1.4738930463790894,1
2227,28290,4.199103005607178,6,0.66405625,1.3939876556396484,1
2228,28303,11.245203932870858,13,0.6639018750000001,1.327948530515035,1
2229,28310,5.1598976477746845,7,0.66381875,1.3031300902366638,1
2230,28316,4.55663250881008,6,0.6637475,1.025501549243927,1
2231,28322,4.208267529594637,6,0.66367625,2.1946868896484375,1
2232,28332,7.961623157892985,10,0.6635575,1.1442170937856038,1
2233,28337,3.9550916435570764,5,0.663498125,0.8661269545555115,1
2234,28365,23.282287952799287,28,0.663165625,1.5271927288600378,1
2235,28375,8.35095577792523,10,0.663046875,1.5177362561225891,1
2236,28379,2.5660591737676812,4,0.6629993750000001,1.6033134460449219,1
2237,28409,23.22832856696497,30,0.662643125,1.5054784342646599,0
2238,28424,13.352821636632921,15,0.6624650000000001,0.9903921186923981,1
2239,28427,1.602272727272727,3,0.6624293750000001,nan,1
2240,28441,11.814484976639697,14,0.662263125,1.6983781456947327,1
2241,28449,6.326242198259046,8,0.662168125,1.5977495312690735,1
2242,28464,12.465780473550087,15,0.6619900000000001,1.2058981209993362,1
2243,28486,18.645518467972128,22,0.66172875,1.244289183616638,1
2244,28489,1.5974290027069835,3,0.661693125,1.3749163150787354,1
2245,28496,5.95717232116616,7,0.66161,1.5577425956726074,1
2246,28526,23.98337476428417,30,0.66125375,1.4592066066605704,0
2247,28533,5.356347886883392,7,0.661170625,1.2726832032203674,1
2248,28563,23.631065064477397,30,0.660814375,1.641515510422843,0
2249,28566,1.9602091714909529,3,0.66077875,1.9357582330703735,1
2250,28574,6.7611411635832495,8,0.66068375,1.2748030722141266,1
2251,28579,3.75812300647113,5,0.660624375,0.7696884870529175,1
2252,28588,7.672837646053023,9,0.6605175000000001,1.7747362454732258,1
2253,28596,7.119961317530717,8,0.6604225,1.450763761997223,1
2254,28601,3.75640777994854,5,0.6603631249999999,1.02413010597229,1
2255,28606,4.048744928068901,5,0.66030375,2.002859115600586,1
2256,28618,9.043938396064824,12,0.66016125,1.3945575753847759,1
2257,28636,12.774294733505105,18,0.6599475,1.6868561863899232,1
2258,28644,6.359549543701576,8,0.6598525,1.3151427507400513,1
2259,28648,2.9573710298187494,4,0.659805,1.6469919681549072,1
2260,28656,5.845609377364486,8,0.65971,1.5646033883094788,1
2261,28669,10.256050653877224,13,0.6595556250000001,0.9649801850318909,1
2262,28679,8.004351334747843,10,0.6594368749999999,1.6218746900558472,1
2263,28699,17.75996830699324,20,0.659199375,1.5682388305664063,1
2264,28713,10.583155306569815,14,0.659033125,1.1482582092285156,1
2265,28741,25.950168008738743,28,0.658700625,1.315203879560743,1
2266,28747,4.9555893528467045,6,0.6586293750000001,1.6254056692123413,1
2267,28754,5.0994869286099584,7,0.65854625,1.1282449960708618,1
2268,28763,7.555359990696404,9,0.6584393749999999,1.409953773021698,1
2269,28792,22.97096824300365,29,0.6580950000000001,1.198006957769394,1
2270,28810,12.370523307751041,18,0.65788125,1.5227019488811493,1
2271,28840,24.413841913916237,30,0.657525,1.298374280333519,0
2272,28848,6.555376815425466,8,0.65743,1.036442905664444,1
2273,28861,11.755120827241331,13,0.657275625,0.9212971925735474,1
2274,28891,23.190497687055103,30,0.656919375,1.3537286605153764,0
2275,28900,6.96741371122979,9,0.6568125,1.6179113785425823,1
2276,28904,2.3989825583753617,4,0.656765,0.5270851254463196,1
2277,28911,5.555394848755375,7,0.6566818750000001,2.148818016052246,1
2278,28925,10.92484370872791,14,0.6565156249999999,1.5560490489006042,1
2279,28933,6.598854561095957,8,0.656420625,1.585642158985138,1
2280,28951,15.954069372292684,18,0.6562068750000001,1.3001764118671417,1
2281,28967,13.962493199458656,16,0.6560168749999999,1.4646764397621155,1
2282,28983,13.282439959010697,16,0.655826875,1.6572902500629425,1
2283,28990,4.570946598773639,7,0.6557437500000001,1.2169701755046844,1
2284,29010,16.3179569935106,20,0.65550625,1.322222900390625,1
2285,29040,23.078616188974145,30,0.65515,1.6823605448007584,0
2286,29047,5.597027051458222,7,0.6550668749999999,1.5343096256256104,1
2287,29057,7.59025644439292,10,0.654948125,1.414367397626241,1
2288,29068,9.474095868766554,11,0.6548175,1.5389691193898518,1
2289,29098,22.88643541669907,30,0.65446125,1.3634614944458008,0
2290,29104,4.5658574975026305,6,0.65439,1.3394430875778198,1
2291,29115,8.993815196700481,11,0.654259375,2.0033986568450928,1
2292,29123,5.961027643337097,8,0.654164375,2.135757327079773,1
2293,29126,1.9602091714909529,3,0.65412875,0.8740957975387573,1
2294,29143,13.254429216781894,17,0.653926875,1.5468422174453735,1
2295,29146,1.7671529078868469,3,0.65389125,1.6597814559936523,1
2296,29153,5.6451454186495615,7,0.6538081250000001,1.7609572410583496,1
2297,29178,22.716814642737088,25,0.65351125,1.2747246225674946,1
2298,29188,6.857903921233369,10,0.6533925,1.457369287808736,1
2299,29196,5.651451054158635,8,0.6532975000000001,1.296081304550171,1
2300,29211,10.348005070933514,15,0.653119375,1.2106786568959553,1
2301,29223,9.991187713214604,12,0.652976875,1.6284185647964478,1
2302,29229,4.6467289551400945,6,0.652905625,1.183008223772049,1
2303,29236,4.404843161379641,7,0.6528225000000001,1.2531466484069824,1
2304,29243,5.754204800927219,7,0.652739375,0.7713699340820312,1
2305,29252,6.168906850197333,9,0.6526325000000001,1.6870835622151692,1
2306,29261,6.801218137455694,9,0.652525625,1.2464473247528076,1
2307,29291,23.945434213935354,30,0.6521693749999999,1.333748493875776,0
2308,29296,3.5894676129705556,5,0.65211,1.2725377678871155,1
2309,29306,6.73329473682389,10,0.65199125,1.1428583860397339,1
2310,29315,6.566195572416066,9,0.6518843750000001,1.385137140750885,1
2311,29325,7.408558797947728,10,0.651765625,1.3502199451128643,1
2312,29332,5.557239226178087,7,0.6516825,1.559535562992096,1
2313,29337,3.4093498526757755,5,0.651623125,1.7483744621276855,1
2314,29345,6.399983037040364,8,0.651528125,1.4327081441879272,1
2315,29360,12.333727422814446,15,0.6513500000000001,1.598398596048355,1
2316,29367,5.044473013728123,7,0.651266875,1.318257451057434,1
2317,29372,4.0522498792053625,5,0.6512075,1.100276231765747,1
2318,29381,7.557200149554088,9,0.651100625,1.0613020062446594,1
2319,29407,19.170186678201716,26,0.650791875,1.552769809961319,1
2320,29423,13.68072688050033,16,0.650601875,1.261069655418396,1
2321,29428,4.050589732739178,5,0.6505425,2.06313157081604,1
2322,29438,8.756460061832987,10,0.6504237500000001,1.8928688764572144,1
2323,29455,13.99755977072331,17,0.650221875,1.4376779198646545,1
2324,29470,12.511773870878335,15,0.65004375,1.4593039751052856,1
2325,29486,11.112647702453755,16,0.64985375,1.6512313187122345,1
2326,29495,7.360197161075472,9,0.649746875,1.331279218196869,1
2327,29518,16.075373163985333,23,0.6494737500000001,1.3617450296878815,1
2328,29544,19.70523731876597,26,0.649165,1.5470045294080461,1
2329,29551,5.85291589155293,7,0.649081875,0.9561812281608582,1
2330,29581,22.638808996222046,30,0.648725625,1.4976468533277512,0
2331,29585,2.5851790488433006,4,0.648678125,1.2447657585144043,1
2332,29615,23.110904188567073,30,0.6483218749999999,1.5887896163122994,0
2333,29626,9.35515705033563,11,0.64819125,1.4618326822916667,1
2334,29652,19.57773084244944,26,0.6478825,1.3539891157831465,1
2335,29658,5.076495472050607,6,0.64781125,1.8547672033309937,1
2336,29661,1.9583725634928275,3,0.647775625,2.17702054977417,1
2337,29672,9.363297200922542,11,0.647645,1.4344566265741985,1
2338,29688,14.557872809466982,16,0.647455,1.8191183805465698,1
2339,29697,6.121071257651966,9,0.6473481249999999,1.2496919631958008,1
2340,29708,7.576900576854796,11,0.6472175,1.456988533337911,1
2341,29725,12.61614321835294,17,0.647015625,1.60875204205513,1
2342,29731,4.756095729915731,6,0.646944375,0.8631993532180786,1
2343,29744,11.152345468483857,13,0.64679,1.4159416556358337,1
2344,29774,22.804009820982092,30,0.64643375,1.2737880264009749,0
2345,29790,11.569189181790913,16,0.64624375,1.3870907127857208,1
2346,29800,7.170622085986364,10,0.6461250000000001,1.0688844919204712,1
2347,29807,5.670252377433304,7,0.646041875,2.1826584339141846,1
2348,29837,25.044470253106628,30,0.645685625,1.4781966805458069,0
2349,29867,25.217179778611104,30,0.645329375,1.1837816749300276,0
2350,29893,22.173134495070137,26,0.645020625,1.2763418044362749,1
2351,29905,9.966798077757513,12,0.644878125,1.159659206867218,1
2352,29913,5.492211983668854,8,0.644783125,1.4817060232162476,1
2353,29921,6.5578862544324545,8,0.6446881250000001,1.6021876335144043,1
2354,29951,23.18119998473722,30,0.644331875,1.5430238928113664,0
2355,29962,8.482439658637295,11,0.6442012500000001,1.3700961271921794,1
2356,29975,10.761136545792379,13,0.644046875,1.3638255993525188,1
2357,29992,12.46245645996175,17,0.643845,1.5176465392112732,1
2358,30000,6.559060797439109,8,0.64375,1.6484459042549133,1
2359,30030,23.991988104600903,30,0.64339375,1.789001703262329,0
2360,30034,2.401173448340891,4,0.64334625,2.433094024658203,1
2361,30064,22.09294810982944,30,0.64299,1.8263478875160217,0
2362,30069,3.9572014196905787,5,0.642930625,1.2075040340423584,1
2363,30099,23.267160535175318,30,0.642574375,1.7634788751602173,0
2364,30106,4.759007952880369,7,0.64249125,1.07467919588089,1
2365,30113,5.004908578555241,7,0.642408125,1.9324519038200378,1
2366,30119,4.752437352635432,6,0.642336875,1.5016019344329834,1
2367,30131,9.331611273685713,12,0.642194375,1.3517048358917236,1
2368,30161,22.627870108374946,30,0.641838125,1.3699303418397903,0
2369,30168,5.959013234599721,7,0.6417550000000001,1.3800095319747925,1
2370,30198,22.332712509725273,30,0.64139875,1.3561526877539498,0
2371,30209,8.24034389752063,11,0.6412681250000001,1.6240853071212769,1
2372,30239,24.06767404650633,30,0.640911875,1.3910786254065377,0
2373,30246,5.754486910267349,7,0.6408287500000001,0.9421998262405396,1
2374,30274,22.975854453510824,28,0.64049625,1.525815180369786,1
2375,30280,4.754267052882113,6,0.640425,1.7615587711334229,1
2376,30292,9.918729805483906,12,0.6402825000000001,1.1741750240325928,1
2377,30306,11.288042417937744,14,0.6401162499999999,1.2526226043701172,1
2378,30314,6.561455553352242,8,0.64002125,1.3490424752235413,1
2379,30332,14.171560366791935,18,0.6398075000000001,1.2542134046554565,1
2380,30335,1.7649228101313175,3,0.639771875,nan,1
2381,30337,1.1211282096181674,2,0.639748125,1.2790348529815674,1
2382,30359,16.958818621267007,22,0.639486875,1.5721269130706788,1
2383,30368,7.39420379912692,9,0.6393800000000001,1.1905996799468994,1
2384,30398,21.96163462688745,30,0.63902375,1.518935169492449,0
2385,30414,12.402534678933772,16,0.6388337500000001,1.8306681513786316,1
2386,30426,8.617914992485481,12,0.6386912499999999,1.5479652086893718,1
2387,30431,3.5584061276900356,5,0.638631875,1.4517226219177246,1
2388,30437,4.359542491326399,6,0.638560625,1.38896644115448,1
2389,30446,6.409237446790226,9,0.63845375,1.6198875904083252,1
2390,30476,24.206394838514527,30,0.6380975,1.4393239095807076,0
2391,30488,10.588870665788217,12,0.637955,1.57679279645284,1
2392,30495,5.790695805814513,7,0.6378718750000001,1.6798436641693115,1
2393,30500,3.560246286141126,5,0.6378125000000001,1.629582941532135,1
2394,30511,8.405973095513561,11,0.637681875,1.7268275022506714,1
2395,30538,20.179431211063147,27,0.6373612500000001,1.4308017577443803,1
2396,30543,3.7546839664486926,5,0.637301875,1.874671220779419,1
2397,30556,10.680341072259512,13,0.6371475,1.3392589092254639,1
2398,30586,20.653390987377367,30,0.6367912499999999,1.406215718814305,0
2399,30615,21.35053569497045,29,0.6364468750000001,1.5657949107033866,1
2400,30627,11.273486314902565,12,0.636304375,1.0905479590098064,1
2401,30657,21.40402571956899,30,0.6359481250000001,1.7266767174005508,0
2402,30660,1.9602091714909529,3,0.6359125000000001,1.3231830596923828,1
2403,30670,8.520462544975647,10,0.6357937499999999,1.5142207145690918,1
2404,30678,6.764101744661222,8,0.63569875,1.546631097793579,1
2405,30708,22.671561242025227,30,0.6353424999999999,1.4763713479042053,0
2406,30716,6.205485439652066,8,0.6352475,1.1349337100982666,1
2407,30746,23.34084834869932,30,0.63489125,1.5279983111790247,0
2408,30776,21.018255161065042,30,0.6345350000000001,1.9476944655179977,0
2409,30782,4.003446175230618,6,0.6344637500000001,1.1293060779571533,1
2410,30806,19.971099494852755,24,0.63417875,1.4995396633942921,1
2411,30826,15.096002254516183,20,0.6339412500000001,1.5134146690368653,1
2412,30839,10.018852377368887,13,0.633786875,1.3589409788449605,1
2413,30851,10.75461408791588,12,0.633644375,1.5135626792907715,1
2414,30859,6.957162086763046,8,0.6335493750000001,1.5767757892608643,1
2415,30886,19.553758423723735,27,0.63322875,1.2041012133870805,1
2416,30893,5.786316882786403,7,0.633145625,1.6427727937698364,1
2417,30918,18.73848986034569,25,0.63284875,1.4964436888694763,1
2418,30923,4.119453588491522,5,0.632789375,1.872524380683899,1
2419,30953,25.0884939712472,30,0.632433125,1.6463875621557236,0
2420,30958,3.75812300647113,5,0.63237375,1.639733910560608,1
2421,30988,23.288226112832664,30,0.6320175,1.39484404027462,0
2422,31006,14.55630824281203,18,0.63180375,1.6355276107788086,1
2423,31034,20.90970375333499,28,0.6314712499999999,1.7616308757237025,1
2424,31039,3.2004649388892776,5,0.631411875,2.4139959812164307,1
2425,31043,2.5682892715232106,4,0.631364375,2.179568290710449,1
2426,31049,4.163439774048221,6,0.631293125,1.2720668613910675,1
2427,31061,8.906022218035641,12,0.6311506250000001,1.5927513043085735,1
2428,31082,16.93105139646351,21,0.63090125,1.3136762738227845,1
2429,31085,1.9602091714909529,3,0.630865625,1.6518447399139404,1
2430,31115,22.625822165136956,30,0.630509375,1.578215377671378,0
2431,31130,12.408072025739248,15,0.63033125,1.9643203914165497,1
2432,31160,22.992713137455368,30,0.629975,1.5798440128564835,0
2433,31175,10.634691136317278,15,0.629796875,1.3240704933802288,1
2434,31181,4.356919075579348,6,0.6297256250000001,1.0363695621490479,1
2435,31187,4.316213259967392,6,0.629654375,1.4619648456573486,1
2436,31190,1.9229140799234825,3,0.62961875,1.9607744216918945,1
2437,31192,1.1240078551770405,2,0.629595,2.0132975578308105,1
2438,31214,16.358864666125612,22,0.62933375,1.6558688402175903,1
2439,31244,22.387857227983865,30,0.6289775,1.5008655041456223,0
2440,31274,23.08650210713727,30,0.62862125,1.5006845338003976,0
2441,31304,22.163091236092566,30,0.6282650000000001,1.4041412249207497,0
2442,31320,11.05348017469579,16,0.6280749999999999,1.4337256848812103,1
2443,31350,22.795746721019878,30,0.6277187500000001,1.4741204466138567,0
2444,31380,25.48492873019073,30,0.6273625,1.5272637754678726,0
2445,31403,17.55340775729148,23,0.6270893750000001,1.2107264995574951,1
2446,31407,2.957376534134098,4,0.627041875,2.373323440551758,1
2447,31416,6.408109377364486,9,0.626935,1.7968620260556538,1
2448,31420,2.9592167598122607,4,0.6268875,1.0647592544555664,1
2449,31428,5.806321997868581,8,0.6267925000000001,1.726706326007843,1
2450,31458,24.50049644454984,30,0.62643625,1.4062992334365845,0
2451,31470,9.375073519608648,12,0.6262937500000001,1.757975459098816,1
2452,31475,3.75812300647113,5,0.626234375,1.8412222862243652,1
2453,31482,5.95717232116616,7,0.6261512499999999,1.473294198513031,1
2454,31506,18.83125867380737,24,0.6258662500000001,1.713819106419881,1
2455,31511,3.557624920501958,5,0.6258068750000001,1.1685519218444824,1
2456,31535,16.7891684271504,24,0.625521875,1.9846742153167725,1
2457,31552,13.887504309230307,17,0.6253200000000001,1.7891895771026611,1
2458,31558,4.2043758630656605,6,0.62524875,0.9250093102455139,1
2459,31588,21.341124142219982,30,0.6248925000000001,1.417182557284832,0
2460,31594,4.756377468969664,6,0.62482125,1.0728447437286377,1
2461,31602,6.553786309634461,8,0.6247262499999999,1.4745092391967773,1
2462,31632,22.244042931247712,30,0.6243700000000001,1.613234095275402,0
2463,31662,20.806562303872322,30,0.62401375,1.4690939698900496,0
2464,31674,8.333514618254233,12,0.62387125,1.4808805584907532,1
2465,31687,11.283779454726865,13,0.6237168750000001,1.427775541941325,1
2466,31717,23.421774004083925,30,0.623360625,1.5744495242834091,0
2467,31734,12.539043182323821,17,0.62315875,1.3196975886821747,1
2468,31742,5.369318181818181,8,0.62306375,1.5007511377334595,1
2469,31759,14.588388568140296,17,0.622861875,1.6457028687000275,1
2470,31776,13.010525977151788,17,0.62266,1.2993189096450806,1
2471,31806,21.842312806857215,30,0.6223037499999999,1.2976842948368617,0
2472,31836,22.056739805097322,30,0.6219475,1.3288920521736145,0
2473,31844,6.844797706335001,8,0.6218525,1.8696927428245544,1
2474,31874,22.115360832281418,30,0.6214962500000001,1.21114216532026,0
2475,31880,4.376452991802277,6,0.621425,1.2700318694114685,1
2476,31886,3.999408600131423,6,0.6213537499999999,0.9729058742523193,1
2477,31893,5.191797793808605,7,0.621270625,1.3031654953956604,1
2478,31912,15.019918372372514,19,0.6210450000000001,1.5074453115463258,1
2479,31931,15.168388671932247,19,0.6208193750000001,1.320881649851799,1
2480,31961,23.87514364292216,30,0.620463125,1.565870225429535,0
2481,31991,21.91799625900961,30,0.6201068750000001,1.4918371098382133,0
2482,32021,21.95599876051325,30,0.619750625,1.9204922169446945,0
2483,32051,22.702038794298627,30,0.619394375,1.3791527577808924,0
2484,32081,25.043201959483092,30,0.6190381250000001,1.665533185005188,0
2485,32088,4.691250668913233,7,0.618955,1.027340590953827,1
2486,32101,11.08397079618802,13,0.618800625,1.3778845071792603,1
2487,32125,18.733274001553504,24,0.618515625,1.6234447757403057,1
2488,32155,21.478941674443163,30,0.6181593750000001,1.407053291797638,0
2489,32159,2.761345535127316,4,0.6181118750000001,1.2138876914978027,1
2490,32170,7.250437026255578,11,0.6179812499999999,1.9948112964630127,1
2491,32200,24.02621119359039,30,0.617625,1.498646393418312,0
2492,32224,16.95112811293592,24,0.61734,1.506466309229533,1
2493,32232,5.997469241274008,8,0.617245,1.8492043018341064,1
2494,32262,22.47749632316317,30,0.61688875,1.807654755456107,0
2495,32268,4.757953414991336,6,0.6168175,2.0651100873947144,1
2496,32291,17.13321257904076,23,0.616544375,1.658092975616455,1
2497,32294,1.7953289908768333,3,0.6165087499999999,1.2232568264007568,1
2498,32316,18.243232324659584,22,0.6162475000000001,1.3696266214052837,1
2499,32323,6.054113264966196,7,0.6161643750000001,1.1892600059509277,1
2500,32347,21.229412739154505,24,0.615879375,1.606335719426473,1
2501,32377,21.4495658088159,30,0.6155231250000001,1.7495169192552567,0
2502,32380,1.7649228101313175,3,0.6154875,1.1975562572479248,1
2503,32410,23.306386584267923,30,0.61513125,1.3779355117252894,0
2504,32424,11.959437182231962,14,0.614965,1.879327654838562,1
2505,32427,1.5982070401394535,3,0.614929375,nan,1
2506,32436,6.3243378722939605,9,0.6148225,1.3404237031936646,1
2507,32466,22.12260501114591,30,0.61446625,1.4079908898898534,0
2508,32485,17.555376243530958,19,0.6142406250000001,1.6069419622421264,1
2509,32515,23.761295669565673,30,0.613884375,1.358953867639814,0
2510,32545,21.442781947777547,30,0.613528125,1.5648800805211067,0
2511,32575,21.68293675208417,30,0.613171875,1.3896345240729195,0
2512,32592,13.056050511581697,17,0.61297,1.6420761108398438,1
2513,32622,22.246864913069118,30,0.61261375,1.472203288759504,0
2514,32652,21.882015457267787,30,0.6122575,1.510936677455902,0
2515,32664,8.21826599769511,12,0.612115,1.3535006046295166,1
2516,32683,14.645856802564634,19,0.6118893750000001,1.5459512174129486,1
2517,32696,11.71547203844101,13,0.611735,1.4990925788879395,1
2518,32724,21.42455475457286,28,0.6114025000000001,1.462088167667389,1
2519,32728,2.9573710298187494,4,0.611355,1.6777358055114746,1
2520,32758,22.879371752149222,30,0.61099875,1.3765774709837777,0
2521,32765,5.848603581851062,7,0.6109156250000001,1.6810975670814514,1
2522,32776,7.609366449194848,11,0.610785,1.59601887067159,1
2523,32782,4.017289342416829,6,0.6107137499999999,1.6321768760681152,1
2524,32791,6.483716202718379,9,0.610606875,1.0541068613529205,1
2525,32821,22.364124575884173,30,0.610250625,1.2806954458355904,0
2526,32851,23.55273645023013,30,0.6098943750000001,1.5930509056363786,0
2527,32881,20.74450551086186,30,0.609538125,1.3622607439756393,0
2528,32885,2.164772727272727,4,0.6094906250000001,1.8518733978271484,1
2529,32896,9.155278053007878,11,0.60936,1.8042585849761963,1
2530,32920,18.302132742596402,24,0.609075,1.4900368849436443,1
2531,32935,13.953196837290566,15,0.6088968750000001,1.6832609574000041,1
2532,32940,3.7562653400402612,5,0.6088375,1.3365408182144165,1
2533,32965,18.296251751101355,25,0.6085406250000001,1.542191316684087,1
2534,32978,8.629230757054032,13,0.60838625,1.5827412605285645,1
2535,33008,24.09809810208357,30,0.6080300000000001,1.7114754244685173,0
2536,33022,10.257390792438747,14,0.60786375,1.4968048731486003,1
2537,33029,4.802391649284452,7,0.607780625,1.283378005027771,1
2538,33041,8.456237871371178,12,0.607638125,1.5838127930959065,1
2539,33071,23.780679356282285,30,0.607281875,1.7997297218867712,0
2540,33081,8.723443282859808,10,0.607163125,1.4717002709706624,1
2541,33093,10.151930885121486,12,0.6070206250000001,1.3851076364517212,1
2542,33123,23.26722981884562,30,0.606664375,1.5593981742858887,0
2543,33141,13.108547370289012,18,0.606450625,1.6448148369789124,1
2544,33144,1.9602091714909529,3,0.606415,1.5274206399917603,1
2545,33151,4.876118210574835,7,0.606331875,1.0598413944244385,1
2546,33181,23.110179652490032,30,0.605975625,1.7996979653835297,0
2547,33196,13.514779302269725,15,0.6057975,1.5939067006111145,1
2548,33209,10.597085332552876,13,0.6056431250000001,1.011857549349467,1
2549,33229,14.57552687681249,20,0.605405625,1.6105175018310547,1
2550,33259,22.48867958366434,30,0.6050493750000001,1.643049989427839,0
2551,33285,19.10689821909001,26,0.604740625,1.9207499878747123,1
2552,33291,3.647727272727272,6,0.6046693750000001,1.6785173416137695,1
2553,33293,0.9660165442504834,2,0.6046456250000001,1.1432456970214844,1
2554,33314,18.65675517326819,21,0.60439625,1.4175795078277589,1
2555,33332,14.79696456399847,18,0.6041825000000001,1.5267268657684325,1
2556,33362,21.812479270472252,30,0.60382625,1.288867243698665,0
2557,33379,13.64706464801329,17,0.6036243750000001,2.0419217348098755,1
2558,33394,11.28147767246342,15,0.60344625,1.7294091582298279,1
2559,33424,22.569648358591834,30,0.60309,1.5359860956668854,0
2560,33454,21.836158498721122,30,0.6027337500000001,1.6343709911618913,0
2561,33484,21.56460009181459,30,0.6023775,1.539805844426155,0
2562,33494,7.045012002394119,10,0.6022587500000001,1.159263014793396,1
2563,33502,5.093601444635343,8,0.60216375,1.9147457480430603,1
2564,33532,22.295521004396903,30,0.6018075,1.7446876764297485,0
2565,33542,7.365832029458274,10,0.60168875,1.7375412583351135,1
2566,33568,21.00952833365928,26,0.60138,1.9104351997375488,1
2567,33573,4.043757525740777,5,0.601320625,1.3461177349090576,1
2568,33603,21.18462952026609,30,0.600964375,1.5458520991461617,0
2569,33633,21.583089855258574,30,0.6006081249999999,1.561554804444313,1
2570,33663,21.371156124441093,30,0.6002518750000001,1.684396811894008,0
2571,33682,13.68197151760811,19,0.60002625,1.4381808042526245,1
2572,33689,5.555403324612969,7,0.599943125,1.3368670344352722,1
2573,33700,7.080023797178584,11,0.5998125000000001,1.6262742280960083,1
2574,33719,12.358061955952282,19,0.599586875,1.540531188249588,1
2575,33736,13.450382743797617,17,0.5993850000000001,1.5547918319702148,1
2576,33740,2.3989825583753617,4,0.5993375000000001,1.3020979166030884,1
2577,33770,20.97636969736324,30,0.59898125,1.974147915840149,0
2578,33778,5.565138225922906,8,0.5988862500000001,1.5748512744903564,1
2579,33805,19.583415331887533,27,0.598565625,1.243743862424578,1
2580,33811,3.6573435834294843,6,0.598494375,1.226340651512146,1
2581,33830,16.954717953304247,19,0.59826875,1.3249709725379943,1
2582,33841,7.368302941156788,11,0.598138125,1.6237794160842896,1
2583,33849,6.847660871571044,8,0.598043125,1.996159315109253,1
2584,33853,2.957376534134098,4,0.597995625,1.6455659866333008,1
2585,33867,9.699407290647406,14,0.5978293750000001,1.2305633425712585,1
2586,33874,4.208008769426083,7,0.59774625,1.5455554723739624,1
2587,33904,22.57438393279766,30,0.5973900000000001,1.7159661948680878,0
2588,33928,16.71730716015436,24,0.597105,1.5633891820907593,1
2589,33934,3.9937689703897385,6,0.59703375,1.629727840423584,1
2590,33947,10.597235284938613,13,0.5968793750000001,1.2703657547632854,1
2591,33953,4.591667035689204,6,0.5968081249999999,1.8104255199432373,1
2592,33964,7.816417299559069,11,0.5966775,1.5400710105895996,1
2593,33994,23.975234921401153,30,0.59632125,1.3999887534550257,0
2594,34024,22.902272861793897,30,0.5959650000000001,1.7220959216356277,0
2595,34054,21.958628491150062,30,0.59560875,1.52829110622406,0
2596,34067,8.378461785089442,13,0.5954543750000001,1.462687651316325,1
2597,34097,21.23639415564715,30,0.595098125,1.7571578174829483,0
2598,34112,12.404013799166773,15,0.59492,1.939253956079483,1
2599,34131,14.891220023172952,19,0.594694375,1.563362717628479,1
2600,34161,21.208711465727507,30,0.5943381249999999,1.5086714848876,0
2601,34191,20.93403678280666,30,0.5939818750000001,1.8318141528538294,0
2602,34221,21.3290529123198,30,0.593625625,1.8910419642925262,0
2603,34251,24.060744680274873,30,0.593269375,1.1898566484451294,0
2604,34281,20.770502864462905,30,0.5929131249999999,1.532871127128601,0
2605,34293,8.165620686358798,12,0.592770625,1.854327956835429,1
2606,34299,4.758483817545757,6,0.592699375,1.461840033531189,1
2607,34329,20.938359060839353,30,0.592343125,1.5988921150565147,0
2608,34354,16.79547922803491,25,0.59204625,1.3706279297669728,1
2609,34384,21.649116702602043,30,0.59169,1.4933835417032242,0
2610,34414,24.06779909810018,30,0.59133375,1.352397152355739,0
2611,34438,17.805034298987934,24,0.59104875,1.5468623638153076,1
2612,34468,22.718137818940324,30,0.5906925000000001,1.737207606434822,0
2613,34498,20.65920451758983,30,0.59033625,1.6618489367621285,0
2614,34528,21.517377857242522,30,0.5899800000000001,1.706569418311119,0
2615,34558,20.974099352636134,30,0.58962375,1.4350729499544417,0
2616,34571,9.918662062714018,13,0.589469375,1.3930888573328655,1
2617,34588,11.611275970526602,17,0.5892675,1.7452203273773192,1
2618,34611,15.760447428101434,23,0.588994375,1.4515219926834106,1
2619,34619,6.79044431806504,8,0.588899375,1.6707107424736023,1
2620,34623,2.3993286500746023,4,0.588851875,1.3144530057907104,1
2621,34653,20.973981389058025,30,0.588495625,1.3684912025928497,0
2622,34657,3.195829295517268,4,0.588448125,1.4216797351837158,1
2623,34687,22.480729713992726,30,0.5880918749999999,1.5717536040714808,0
2624,34717,23.08204890577318,30,0.5877356250000001,1.6134790629148483,0
2625,34729,8.855673443709454,12,0.5875931249999999,1.894073486328125,1
2626,34740,7.336517881692099,11,0.5874625,1.525489330291748,1
2627,34770,21.439982517751762,30,0.58710625,1.8326190199170793,0
2628,34773,1.5982070401394535,3,0.587070625,1.7870662212371826,1
2629,34778,3.276053407425823,5,0.58701125,1.9919798374176025,1
2630,34788,7.190096088131187,10,0.5868925,1.7154936790466309,1
2631,34799,9.245933808878673,11,0.586761875,1.16303950548172,1
2632,34808,7.983944484086708,9,0.586655,1.9516204992930095,1
2633,34838,21.405618864517923,30,0.5862987500000001,1.481396164212908,0
2634,34854,11.944786560688126,16,0.58610875,1.8134686052799225,1
2635,34857,1.7649228101313175,3,0.586073125,2.0805108547210693,1
2636,34887,20.71055055901427,30,0.585716875,1.697506240436009,0
2637,34903,13.797995198577421,16,0.585526875,1.7672423124313354,1
2638,34906,1.7649228101313175,3,0.58549125,0.6408093571662903,1
2639,34917,7.610341411420866,11,0.5853606250000001,1.6457054615020752,1
2640,34930,9.922584181897825,13,0.58520625,1.4087245066960652,1
2641,34941,7.344605910082549,11,0.585075625,1.1939769585927327,1
2642,34967,18.38455530529092,26,0.584766875,1.7445185780525208,1
2643,34997,22.439351752085475,30,0.5844106250000001,1.8299664109945297,0
2644,35027,23.11465589774691,30,0.584054375,1.5775021484919958,0
2645,35048,14.668356447240543,21,0.583805,1.763975977897644,1
2646,35078,21.478544967171846,30,0.5834487500000001,1.711045844214303,0
2647,35108,21.58701149091718,30,0.5830925,1.5046982616186142,0
2648,35119,9.16455025449234,11,0.5829618750000001,1.593736708164215,1
2649,35149,20.977526747255833,30,0.582605625,1.6304170042276382,0
2650,35179,21.138551863075207,30,0.582249375,1.4125006880078996,0
2651,35189,8.080147286991966,10,0.582130625,1.618019978205363,1
2652,35219,23.698509283231346,30,0.581774375,1.600497109549386,0
2653,35249,22.391907355972485,30,0.581418125,1.7765236049890518,0
2654,35279,22.796404934416884,30,0.5810618750000001,1.8668875864573888,0
2655,35305,19.215002356690544,26,0.580753125,1.7382946525301253,1
2656,35311,3.5284090909090904,6,0.580681875,2.3173954486846924,1
2657,35341,23.313910988478792,30,0.580325625,1.8570095747709274,0
2658,35361,14.140402800094837,20,0.5800881250000001,1.7683531761169433,1
2659,35391,24.213497903890943,30,0.579731875,1.5782959120614188,0
2660,35402,7.370148127854093,11,0.5796012500000001,1.4577776193618774,1
2661,35417,12.793893500518097,15,0.579423125,1.5095184445381165,1
2662,35421,2.566053658965085,4,0.579375625,1.2186905145645142,1
2663,35437,13.56309158206261,16,0.579185625,1.717749446630478,1
2664,35447,8.356474449220238,10,0.579066875,1.8229217529296875,1
2665,35477,21.346778472078416,30,0.578710625,1.6310223937034607,0
2666,35488,7.524811618605335,11,0.5785800000000001,1.6381038824717205,1
2667,35518,21.09206910330266,30,0.57822375,1.8782567977905273,0
2668,35548,20.742296558778563,30,0.5778675,1.6068048030138016,0
2669,35557,7.3544357442506465,9,0.577760625,1.67308109998703,1
2670,35565,5.41347287190618,8,0.5776656250000001,1.2519764304161072,1
2671,35573,5.996350649108556,8,0.577570625,1.8197901248931885,1
2672,35603,20.99903201421392,30,0.5772143750000001,1.4919402599334717,0
2673,35608,3.9550942616836293,5,0.5771550000000001,1.7274186611175537,1
2674,35638,20.454545454545464,30,0.57679875,1.6041004402296883,0
2675,35645,4.998551273505522,7,0.5767156250000001,2.040733575820923,1
2676,35651,4.555820330085056,6,0.576644375,1.2730298042297363,1
2677,35663,8.338768596591446,12,0.5765018749999999,0.9756136337916056,1
2678,35666,1.9602091714909529,3,0.57646625,1.6712722778320312,1
2679,35696,21.40946556851856,30,0.57611,1.6953562945127487,0
2680,35726,23.22375726361155,30,0.5757537500000001,1.4044666971479143,0
2681,35733,4.681209862872059,7,0.575670625,1.6042853593826294,1
2682,35763,22.806721239622014,30,0.575314375,1.7089971474238805,0
2683,35793,23.191919723422973,30,0.574958125,1.570471778512001,0
2684,35823,21.005740712483128,30,0.574601875,1.9404254129954748,0
2685,35853,20.66278704898738,30,0.574245625,1.3527536243200302,0
2686,35883,21.330675390779163,30,0.573889375,1.681702630860465,0
2687,35894,8.449008356766699,11,0.5737587500000001,1.8894494374593098,1
2688,35924,21.21617283789942,30,0.5734025,1.6112412586808205,0
2689,35954,22.10417985068415,30,0.57304625,1.3823267902646745,1
2690,35984,20.656952330304094,30,0.57269,1.6648521348834038,0
2691,36014,21.124874445422297,30,0.5723337500000001,1.6923014947346278,0
2692,36044,21.85304503685915,30,0.5719775,1.91599839925766,0
2693,36074,20.886002316904484,30,0.57162125,1.741291608129229,0
2694,36079,3.1960600830006847,5,0.571561875,1.5568405389785767,1
2695,36109,21.482963896703144,30,0.5712056249999999,1.5260344743728638,0
2696,36139,22.279405710442326,30,0.570849375,1.5996122871126448,0
2697,36169,22.171774286743577,30,0.570493125,1.4298075139522552,0
2698,36190,15.548926152720831,21,0.5702437499999999,1.8083189010620118,1
2699,36220,21.72959886916723,30,0.5698875000000001,1.6654568016529083,0
2700,36236,11.95072816902223,16,0.5696975,1.5958266258239746,1
2701,36243,4.9935897001528025,7,0.569614375,2.050497055053711,1
2702,36264,14.549688451123762,21,0.5693650000000001,1.8357691566149394,1
2703,36294,20.742145427264198,30,0.5690087500000001,1.539171883038112,0
2704,36298,2.403409090909091,4,0.5689612500000001,1.7322256565093994,1
2705,36328,20.767657112707806,30,0.568605,1.4574326053261757,0
2706,36358,20.884756114608766,30,0.56824875,1.6611841576439994,0
2707,36361,1.3636363636363635,3,0.568213125,2.6650495529174805,1
2708,36391,21.48920802501297,30,0.567856875,1.8005590013095312,0
2709,36421,21.372944994048268,30,0.567500625,1.6562812849879265,0
2710,36426,3.158965354513197,5,0.5674412500000001,2.1630008220672607,1
2711,36431,3.593623242744619,5,0.567381875,1.6667379140853882,1
2712,36434,1.4547784624645592,3,0.5673462499999999,0.6682747602462769,1
2713,36464,20.97226400679667,30,0.5669900000000001,1.8100059926509857,0
2714,36494,21.89471169817855,30,0.56663375,1.6262964946883065,0
2715,36524,20.82861782891711,30,0.5662775,1.6145891025662422,0
2716,36529,3.5932428258460667,5,0.566218125,2.0244154930114746,1
2717,36557,21.289655814699817,28,0.565885625,1.7675673280443465,1
2718,36573,10.346590909090908,16,0.565695625,1.6392965018749237,1
2719,36578,3.758507393455113,5,0.5656362500000001,0.7809450030326843,1
2720,36589,6.903521496794638,11,0.565505625,1.2910272280375164,1
2721,36610,16.574767566771722,21,0.56525625,1.5270379543304444,1
2722,36613,1.9583725634928275,3,0.565220625,2.1814041137695312,1
2723,36619,4.754010119222493,6,0.5651493750000001,1.2572963237762451,1
2724,36649,24.66049104746794,30,0.564793125,1.4197181016206741,0
2725,36679,22.38648372676737,30,0.564436875,1.4885454773902893,0
2726,36709,20.97008540062478,30,0.564080625,1.489570364356041,0
2727,36739,23.396566559171657,30,0.563724375,1.4253148691994804,0
2728,36748,6.279978677873175,9,0.5636175000000001,2.027097980181376,1
2729,36778,21.289667138480834,30,0.56326125,1.6898321935108729,0
2730,36808,21.318653903052525,30,0.562905,1.4852733463048935,0
2731,36837,21.307424344093413,29,0.562560625,1.4270199537277222,1
2732,36867,20.889797595315187,30,0.5622043750000001,1.5626996415002006,0
2733,36892,17.7065454007047,25,0.5619075,1.5127794401986259,1
2734,36922,20.995869968428817,30,0.56155125,1.5854344027382987,0
2735,36939,11.770310979978795,17,0.561349375,1.760804831981659,1
2736,36960,15.54560617538082,21,0.5610999999999999,1.7087762753168743,1
2737,36990,21.30032881484872,30,0.5607437500000001,1.7978201253073556,0
2738,37020,20.454545454545464,30,0.5603875,1.7051591947674751,0
2739,37050,20.7445330926868,30,0.56003125,1.8013197949954443,0
2740,37056,4.599235983542174,6,0.55996,1.6559250354766846,1
2741,37086,21.372800482680983,30,0.55960375,1.9549598693847656,0
2742,37103,11.692948078382928,17,0.559401875,1.9814837276935577,1
2743,37115,10.792007279838424,12,0.559259375,1.6527307828267415,1
2744,37145,20.768275946692064,30,0.5589031250000001,1.9684156030416489,0
2745,37175,21.18102327652719,30,0.558546875,1.758274861744472,0
2746,37205,21.21176249236153,30,0.558190625,1.5555040836334229,0
2747,37235,21.994344408150035,30,0.557834375,1.4087960975510734,0
2748,37252,13.334162149316597,17,0.5576325,1.6262099266052246,1
2749,37282,20.625196412925302,30,0.5572762499999999,1.5011166163853236,0
2750,37299,12.362937045383743,17,0.557074375,1.8657126426696777,1
2751,37305,3.5284090909090904,6,0.557003125,1.0701083838939667,1
2752,37335,21.605741511487956,30,0.556646875,1.8683490753173828,0
2753,37339,2.2818724057897204,4,0.556599375,2.0542750358581543,1
2754,37362,16.784249886332805,23,0.55632625,1.7697284420331318,1
2755,37392,21.921540622693104,30,0.5559700000000001,1.7402243465185165,0
2756,37422,23.663289695356113,30,0.55561375,1.7865321125302995,0
2757,37452,21.88007949005199,30,0.5552575,1.828231319785118,0
2758,37482,21.17516991719038,30,0.55490125,1.7006608588354928,0
2759,37512,21.323688134591766,30,0.5545450000000001,1.7616621628403664,0
2760,37533,14.910294168425532,21,0.554295625,1.5763432502746582,1
2761,37563,21.478382722449325,30,0.553939375,1.781504682132176,0
2762,37593,21.43731710605023,30,0.5535831250000001,1.5823936760425568,0
2763,37596,1.7953289908768333,3,0.5535475000000001,1.4330110549926758,1
2764,37626,23.788952735703166,30,0.55319125,1.7768788933753967,0
2765,37647,14.165736931443755,21,0.552941875,1.125316083431244,1
2766,37677,21.532030794655757,30,0.5525856250000001,1.7007790952920914,0
2767,37702,18.438763159525877,25,0.55228875,1.7829094727834065,1
2768,37732,20.688338093616082,30,0.5519324999999999,1.8538265973329544,0
2769,37754,15.151173447956234,22,0.5516712500000001,1.5500009775161743,1
2770,37784,21.12725422929724,30,0.551315,1.7968121021986008,0
2771,37814,20.169256676300318,30,0.5509587499999999,1.8282684598650252,1
2772,37826,7.982051515517837,12,0.55081625,1.3401474555333455,1
2773,37856,23.503952032978553,30,0.55046,1.6070030331611633,0
2774,37864,6.170387454771988,8,0.550365,1.7676397562026978,1
2775,37869,3.9571975996624404,5,0.550305625,1.5011415481567383,1
2776,37885,10.398746795240863,16,0.550115625,1.586948812007904,1
2777,37915,24.73701825404832,30,0.549759375,1.5655401263918196,0
2778,37919,2.761345535127316,4,0.5497118750000001,1.6474032402038574,1
2779,37930,9.521705823445636,11,0.54958125,0.6513933638731638,1
2780,37937,6.112314025835891,7,0.5494981250000001,1.5574736595153809,1
2781,37942,2.961843403775817,5,0.54943875,2.1275742053985596,1
2782,37972,20.62518866680588,30,0.5490825,1.960052877664566,0
2783,37977,3.200089460961302,5,0.5490231250000001,1.1084558963775635,1
2784,38005,19.042527526096922,28,0.5486906250000001,1.559042010988508,1
2785,38035,20.769433162939006,30,0.548334375,1.8886564118521554,0
2786,38065,20.981925994291505,30,0.547978125,1.755686230957508,0
2787,38095,20.625196410392938,30,0.547621875,1.8213871717453003,0
2788,38125,20.625366094086967,30,0.5472656250000001,1.790253385901451,0
2789,38136,8.239851415149467,11,0.5471349999999999,1.7568123737970989,1
2790,38166,22.154788835184668,30,0.54677875,1.6311659812927246,0
2791,38196,20.796684190043475,30,0.5464225,1.4712629914283752,0
2792,38226,21.72005251200478,30,0.54606625,1.877619913646153,0
2793,38256,20.659198362432306,30,0.54571,1.8440541625022888,0
2794,38286,21.523822423691236,30,0.5453537500000001,1.5090429612568446,0
2795,38316,20.827790648576844,30,0.5449975,1.64268858730793,0
2796,38346,21.76795341670478,30,0.54464125,1.4622525317328317,0
2797,38373,17.90275714049441,27,0.544320625,1.4382175718035017,1
2798,38389,11.743159456523804,16,0.544130625,1.8327275216579437,1
2799,38419,20.767651469576922,30,0.543774375,1.8898721167019434,0
2800,38424,3.2444696720616557,5,0.543715,1.4480526447296143,1
2801,38444,13.67075869832743,20,0.5434775000000001,1.5022158861160277,1
2802,38474,23.144732432751212,30,0.54312125,1.7085352965763636,0
2803,38504,21.149773477797122,30,0.5427649999999999,1.4304144382476807,0
2804,38525,15.651455969870131,21,0.5425156250000001,1.9447912454605103,1
2805,38555,20.766882436784883,30,0.542159375,1.6085266130311149,0
2806,38559,2.566053658965085,4,0.542111875,2.179105758666992,1
2807,38569,7.252396419408956,10,0.5419931250000001,1.4302438100179036,1
2808,38586,10.994425659874526,17,0.54179125,1.9677036106586456,1
2809,38612,18.678299374821545,26,0.5414825,1.7768079127584184,1
2810,38642,25.839495374445175,30,0.54112625,1.7584655455180578,0
2811,38672,20.766891493613578,30,0.54077,1.6671623140573502,0
2812,38702,20.454545454545464,30,0.54041375,1.9511494636535645,0
2813,38732,20.736519540891138,30,0.5400575000000001,1.6136640012264252,0
2814,38762,23.7040064878788,30,0.53970125,2.002118604523795,0
2815,38792,22.91055108815725,30,0.539345,1.4857619628310204,0
2816,38822,22.265057218758766,30,0.53898875,1.498572255883898,0
2817,38830,5.328553042866762,8,0.53889375,1.453593671321869,1
2818,38860,20.651178973486097,30,0.5385375,1.696113482117653,0
2819,38876,11.603239537082143,16,0.5383475,1.5080974996089935,1
2820,38906,20.651130754062187,30,0.53799125,1.473222085407802,0
2821,38936,20.824200772083973,30,0.537635,1.6548697799444199,0
2822,38966,21.00329147573485,30,0.53727875,1.554175274712699,0
2823,38996,20.659198360100202,30,0.5369225,1.6855445131659508,0
2824,39009,9.969358497936526,13,0.536768125,1.2371278603871663,1
2825,39018,5.654552992831257,9,0.53666125,1.9543248414993286,1
2826,39034,11.699464735839907,16,0.53647125,1.654720425605774,1
2827,39056,15.861835782074168,22,0.5362100000000001,1.7951343059539795,1
2828,39086,21.42445594715207,30,0.53585375,1.771759135382516,0
2829,39091,3.395371589244005,5,0.535794375,2.0995864868164062,1
2830,39102,7.134111902394013,11,0.53566375,1.718278129895528,1
2831,39132,21.005507635207508,30,0.5353075,1.6910771578550339,0
2832,39162,21.110883995013413,30,0.53495125,1.980404990059989,0
2833,39192,22.080823562393405,30,0.534595,1.7208415865898132,0
2834,39219,18.041003219242274,27,0.5342743750000001,1.9098328351974487,1
2835,39249,21.482300777259418,30,0.533918125,1.4211186543107033,0
2836,39279,21.558780040231618,30,0.533561875,1.6094014389174325,0
2837,39309,22.781629626481955,30,0.533205625,1.766067624092102,0
2838,39321,7.931692627240468,12,0.533063125,1.7382620175679524,1
2839,39351,21.5666133722319,30,0.532706875,1.8496854134968348,0
2840,39381,22.947796582135844,30,0.5323506250000001,1.4548893421888351,0
2841,39389,6.597940611721129,8,0.5322556250000001,1.2556440234184265,1
2842,39419,21.94644189711077,30,0.5318993750000001,1.5096380455153329,0
2843,39449,21.676410303431535,30,0.531543125,1.3585124835371971,0
2844,39477,19.51867287584481,28,0.5312106249999999,1.6844604355948312,1
2845,39507,22.755791704113637,30,0.5308543750000001,1.6606461490903581,0
2846,39534,17.903749673487056,27,0.53053375,1.6704192672457014,1
2847,39539,3.079289576599585,5,0.530474375,1.5620088577270508,1
2848,39556,14.482703964467879,17,0.5302725,1.5303110122680663,1
2849,39563,5.15723604529075,7,0.530189375,2.2157340049743652,1
2850,39593,20.53986704056496,30,0.529833125,1.819274291396141,0
2851,39623,22.236099987708055,30,0.5294768750000001,1.6874627385820662,0
2852,39641,12.437518762854861,18,0.529263125,1.9390028238296508,1
2853,39654,9.008412637819607,13,0.52910875,1.9748023351033528,1
2854,39684,21.727090302590117,30,0.5287525,1.8405661582946777,0
2855,39709,21.65736890113184,25,0.5284556250000001,1.9663752913475037,1
2856,39719,8.957171302104223,10,0.5283368749999999,1.4477205872535706,1
2857,39749,22.04914484888486,30,0.5279806250000001,1.5480726510286331,0
2858,39779,23.031786708909202,30,0.527624375,1.750849689756121,0
2859,39791,8.643386729859584,12,0.5274818750000001,1.8020079533259075,1
2860,39819,19.879941722247167,28,0.527149375,1.5527435200554984,1
2861,39849,22.5337758881141,30,0.526793125,1.5543865337967873,0
2862,39879,22.081635223779795,30,0.526436875,1.523298706327166,0
2863,39909,21.601895793091106,30,0.5260806250000001,1.6742923557758331,0
2864,39939,21.01226804975534,30,0.525724375,1.6981265715190343,0
2865,39966,19.818485223053855,27,0.52540375,1.707471455846514,1
2866,39996,22.09690523040231,30,0.5250475,1.6504426077008247,0
2867,40026,21.284692725032027,30,0.52469125,1.7778071165084839,0
2868,40031,3.3671955374040445,5,0.5246318750000001,2.193349599838257,1
2869,40036,3.788794524967609,5,0.5245725000000001,1.7221484184265137,1
2870,40056,13.156957046226653,20,0.524335,1.7831957817077637,1
2871,40070,9.996556601707724,14,0.5241687500000001,1.6923137505849202,1
2872,40100,24.26530343542119,30,0.5238125,1.976867362856865,0
2873,40119,14.614439089608116,19,0.5235868750000001,1.388964205980301,1
2874,40149,20.454545454545464,30,0.5232306250000001,1.6098184138536453,0
2875,40160,6.8181818181818175,11,0.5231,1.568199376265208,1
2876,40183,15.724274116492113,23,0.522826875,2.029169487953186,1
2877,40213,22.39765314987005,30,0.522470625,1.7762413248419762,0
2878,40243,20.933153280638404,30,0.522114375,1.8312147515160697,0
2879,40273,20.854810754753462,30,0.521758125,1.5020576640963554,0
2880,40292,15.423375751196783,19,0.5215325,1.8478753566741943,1
2881,40298,3.7296229673178627,6,0.52146125,1.9651539325714111,1
2882,40318,15.397587522394291,20,0.5212237500000001,1.4712837219238282,1
2883,40348,21.762297175426056,30,0.5208675,1.9314627051353455,0
2884,40365,12.06778059937513,17,0.520665625,1.5738167762756348,1
2885,40369,2.403409090909091,4,0.5206181249999999,2.4825353622436523,1
2886,40374,3.2023098115942545,5,0.52055875,2.244278907775879,1
2887,40383,6.166374029461571,9,0.520451875,1.707643985748291,1
2888,40413,20.539880178277233,30,0.5200956250000001,1.9616989344358444,0
2889,40443,22.22540500925343,30,0.5197393750000001,1.895563772746495,0
2890,40473,22.205559648812173,30,0.5193831250000001,1.4426389634609222,0
2891,40488,10.304764918547772,15,0.519205,1.6219598352909088,1
2892,40518,21.167338524721366,30,0.5188487500000001,1.9076374939509801,0
2893,40548,23.071840846589424,30,0.5184925,1.9981548637151718,0
2894,40563,12.80167799248998,15,0.518314375,1.5468456745147705,1
2895,40593,20.776298038084924,30,0.517958125,1.6042319387197495,0
2896,40597,2.5634323146893294,4,0.5179106250000001,1.4345574378967285,1
2897,40627,20.855783559225074,30,0.517554375,1.5288990906306676,0
2898,40657,21.435886786306348,30,0.5171981250000001,1.8034803941845894,0
2899,40675,12.144196847038137,18,0.516984375,1.7353188693523407,1
2900,40705,21.124336420751856,30,0.516628125,1.8577469885349274,0
2901,40735,20.454545454545464,30,0.5162718749999999,1.9177916560854231,0
2902,40737,1.0543947944607421,2,0.5162481250000001,2.0062408447265625,1
2903,40767,21.174048253623816,30,0.5158918750000001,1.9333293267658778,0
2904,40797,20.656979628457158,30,0.515535625,1.4963740408420563,0
2905,40827,22.115506423192606,30,0.515179375,1.5431307554244995,0
2906,40841,10.497921649037345,14,0.5150131250000001,1.4353784620761871,1
2907,40871,20.573863636363644,30,0.514656875,1.5572887999670846,0
2908,40890,14.375782730596619,19,0.5144312499999999,1.8243749141693115,1
2909,40920,22.233789958017603,30,0.5140750000000001,1.4204480573534966,0
2910,40950,20.540049772093923,30,0.51371875,2.0893801961626326,0
2911,40964,9.418413778327126,14,0.5135525000000001,1.9906845390796661,1
2912,40975,8.956674817949306,11,0.513421875,1.8408814668655396,1
2913,41005,20.82425491259169,30,0.513065625,1.58036270737648,0
2914,41020,10.175992708787161,15,0.5128874999999999,1.4674936383962631,1
2915,41050,20.972705829824495,30,0.51253125,1.8636608464377267,0
2916,41080,20.89086511808127,30,0.512175,1.7451860904693604,0
2917,41110,21.832956798227396,30,0.51181875,1.6329560450145177,0
2918,41140,21.87989949525862,30,0.5114625,1.5299914181232452,0
2919,41170,23.147235544983577,30,0.5111062500000001,1.8458483900342668,0
2920,41200,22.91001812304898,30,0.51075,1.7815924286842346,0
2921,41230,21.642080349999713,30,0.51039375,1.6189621346337455,0
2922,41236,3.4090909090909087,6,0.5103225,1.0324713587760925,1
2923,41253,14.720250295646354,17,0.510120625,1.4486428797245026,1
2924,41281,20.682891151955957,28,0.509788125,1.595712729862758,1
2925,41311,20.73650785322067,30,0.509431875,1.532986385481698,0
2926,41341,21.8503227038814,30,0.509075625,1.6891659498214722,0
2927,41371,20.93631723586394,30,0.508719375,1.7783068588801794,0
2928,41396,16.44897108970503,25,0.5084225,1.6952783380235945,1
2929,41426,20.710531317198022,30,0.50806625,1.8272985049656458,0
2930,41443,11.972739098236362,17,0.507864375,1.5307467877864838,1
2931,41446,1.7167471845251654,3,0.50782875,2.177938461303711,1
2932,41466,14.342492260137531,20,0.5075912499999999,1.57076416015625,1
2933,41496,20.88659847415724,30,0.507235,1.6889449656009674,0
2934,41518,15.984388018834695,22,0.50697375,1.6060150384902954,1
2935,41548,22.43273689689608,30,0.5066175,1.516260415315628,0
2936,41561,9.956214973810129,13,0.506463125,1.6808889706929524,1
2937,41591,20.89254835096994,30,0.5061068750000001,1.6154106855392456,0
2938,41604,10.792999268038358,13,0.5059525,1.8371265232563019,1
2939,41617,10.210924736172855,13,0.5057981250000001,1.7061671018600464,1
2940,41647,21.16718464047316,30,0.505441875,1.6564536435263497,0
2941,41654,4.8005280592098485,7,0.5053587500000001,1.4446847438812256,1
2942,41667,10.483966992440715,13,0.5052043750000001,2.0328062772750854,1
2943,41681,12.592564735167052,14,0.505038125,1.6919045746326447,1
2944,41711,20.776262490390234,30,0.504681875,1.4920437846864973,0
2945,41741,20.896975723260194,30,0.504325625,1.7973803132772446,0
2946,41744,1.4807360421533566,3,0.5042899999999999,1.9699126482009888,1
2947,41774,21.408080396176622,30,0.5039337500000001,1.5768969910485404,0
2948,41804,21.605616127606137,30,0.5035775,1.7015670984983444,0
2949,41809,2.84437240578972,5,0.503518125,2.5079288482666016,1
2950,41839,23.586497999047353,30,0.503161875,1.448897123336792,0
2951,41844,2.727272727272727,5,0.5031025,1.8930407762527466,1
2952,41846,0.9660165442504834,2,0.50307875,nan,1
2953,41859,9.372307598544795,13,0.502924375,1.9970425367355347,1
2954,41889,20.454545454545464,30,0.502568125,1.779346615076065,0
2955,41919,21.207966494281557,30,0.502211875,1.8915029423577445,0
2956,41922,1.9602091714909529,3,0.50217625,1.8892226219177246,1
2957,41952,22.33134928748207,30,0.50182,2.2388962656259537,0
2958,41982,20.73669061886158,30,0.5014637500000001,1.9347082035882133,0
2959,42012,21.664141688768904,30,0.5011075,1.8586189150810242,0
2960,42026,10.28900328937161,14,0.50094125,1.8347055912017822,1
2961,42032,4.753985655276837,6,0.50087,1.9135698676109314,1
2962,42049,13.567332541434212,17,0.500668125,1.7796966433525085,1
2963,42079,20.77270993035993,30,0.500311875,1.6855179752622331,0
2964,42084,3.9571975996624404,5,0.5002525,1.2175850868225098,1
2965,42086,1.048631734420272,2,0.50022875,nan,1
2966,42099,9.799856056789235,13,0.5000743750000001,1.8414514859517415,1
2967,42126,18.66200038178364,27,0.49975375,1.646774104663304,1
2968,42156,21.53025122722199,30,0.49939750000000005,1.709702007472515,0
2969,42186,22.798614048925224,30,0.49904125,1.5806248102869307,0
2970,42205,13.537151550232212,19,0.498815625,1.5646511793136597,1
2971,42235,22.12450245353033,30,0.49845937500000004,1.846968718937465,0
2972,42255,14.354556444370454,20,0.49822187500000004,1.9664580821990967,1
2973,42268,9.407739405295578,13,0.4980675,1.8549125790596008,1
2974,42298,20.971544401527115,30,0.49771125000000005,1.7418111222130912,0
2975,42328,22.159391430102183,30,0.497355,1.8987661078572273,0
2976,42333,4.074277548097549,5,0.497295625,1.3707181215286255,1
2977,42363,23.3505577931441,30,0.49693937500000007,1.5517647521836417,0
2978,42393,21.95426697876245,30,0.496583125,1.655787780880928,0
2979,42423,21.558912317168684,30,0.49622687499999996,1.8281940902982439,0
2980,42434,7.135265258672984,11,0.49609625,1.6931344668070476,1
2981,42457,15.91170245248226,23,0.49582312500000003,1.576189398765564,1
2982,42468,8.40399256937684,11,0.4956925,2.1274911562601724,1
2983,42488,13.274620448580645,20,0.495455,1.2030936002731323,1
2984,42504,10.828540682887928,16,0.49526500000000007,1.5049146860837936,1
2985,42534,20.821846940942862,30,0.49490875,1.6709770134517126,0
2986,42564,20.742315244048093,30,0.49455249999999995,1.5731048807501793,0
2987,42569,3.081161585593999,5,0.4944931250000001,2.606898784637451,1
2988,42587,11.88463097425503,18,0.49427937499999997,1.8531300723552704,1
2989,42595,4.7727272727272725,8,0.494184375,1.621349573135376,1
2990,42611,10.720522165996343,16,0.493994375,1.790830284357071,1
2991,42641,20.828649038262384,30,0.49363812500000004,1.805094450712204,0
2992,42671,21.174478351101328,30,0.493281875,1.925156763621739,0
2993,42681,7.091111809151324,10,0.49316312500000004,1.8546627362569172,1
2994,42708,19.990459571408927,27,0.49284249999999996,1.8436247110366821,1
2995,42732,18.163593923844303,24,0.4925575,1.870627264181773,1
2996,42762,20.773672964312848,30,0.49220125000000003,1.7663541010447912,0
2997,42792,21.08688104177667,30,0.491845,2.03312511742115,0
2998,42816,15.767152908010184,24,0.49156,1.8203197916348774,1
2999,42846,21.287884272018054,30,0.49120375000000005,1.4387109279632568,0
3000,42876,20.571645133062454,30,0.4908475,1.6476028114557266,0
3001,42906,20.738725716535537,30,0.49049124999999993,1.7407738481249129,0
3002,42936,20.80841955916552,30,0.4901350000000001,1.7826215401291847,0
3003,42947,7.4867972100148465,11,0.49000437500000005,1.8650732040405273,1
3004,42977,21.014963154234344,30,0.489648125,1.4668565467000008,0
3005,43006,19.92692967006656,29,0.48930375000000004,1.9650145598820277,1
3006,43036,20.738732333903336,30,0.4889475,1.7523071765899658,0
3007,43039,1.7953289908768333,3,0.4889118750000001,nan,1
3008,43064,17.31396164911539,25,0.488615,1.6865898200443812,1
3009,43072,4.7727272727272725,8,0.48852000000000007,2.0680320262908936,1
3010,43101,19.89583306018821,29,0.488175625,2.137290358543396,1
3011,43131,20.849991297194386,30,0.48781937499999994,1.7552818400519234,0
3012,43155,17.987553772018074,24,0.48753437499999996,1.4878943959871929,1
3013,43185,20.965729014695032,30,0.487178125,1.7936308309435844,0
3014,43212,18.604787882009404,27,0.48685750000000005,1.8032234736851283,1
3015,43222,6.859037155569838,10,0.4867387500000001,1.924176812171936,1
3016,43252,22.080755111335613,30,0.48638250000000005,1.7390225529670715,0
3017,43282,20.374584261138555,30,0.48602625,1.7023406539644514,1
3018,43312,22.119728499781676,30,0.48567000000000005,1.848794624209404,0
3019,43342,23.23162556338681,30,0.48531375,1.5681438105446952,0
3020,43372,20.86399188061013,30,0.48495750000000004,1.9421588629484177,0
3021,43402,20.659175090349066,30,0.48460125,1.661481261253357,0
3022,43432,20.454545454545464,30,0.4842449999999999,1.4101296365261078,0
3023,43462,20.659198362413267,30,0.4838887500000001,1.5973011936460222,0
3024,43492,20.736465431879154,30,0.48353250000000003,1.7899934202432632,0
3025,43496,2.398545842333599,4,0.48348500000000005,2.5710175037384033,1
3026,43526,20.656957046180143,30,0.48312875,1.9047283615384782,0
3027,43548,16.303378714759745,22,0.4828675,1.871078630288442,1
3028,43578,20.7153581955118,30,0.48251125000000006,1.9226263080324446,0
3029,43608,20.653390757141498,30,0.482155,1.4787962883710861,0
3030,43613,3.2023098115942545,5,0.482095625,1.296486496925354,1
3031,43643,20.74214859745531,30,0.48173937499999997,1.7705674767494202,0
3032,43673,20.7105547257008,30,0.481383125,1.731832094490528,0
3033,43703,21.25233567703618,30,0.48102687499999996,1.9581383637019567,0
3034,43709,3.494595226639368,6,0.480955625,1.481860339641571,1
3035,43713,2.401173448340891,4,0.480908125,2.1291279792785645,1
3036,43743,20.653363777600287,30,0.4805518750000001,1.8307022196905953,0
3037,43773,22.73012999988557,30,0.480195625,2.0720514208078384,0
3038,43803,22.745764895402637,30,0.47983937500000007,1.7049806118011475,0
3039,43833,20.886532085302477,30,0.479483125,1.81632961332798,0
3040,43863,20.859999974019573,30,0.47912687499999995,1.9343040330069405,0
3041,43893,21.955501794973713,30,0.478770625,1.698420226573944,0
3042,43923,22.4261044713006,30,0.47841437500000006,1.800406779561724,0
3043,43953,23.188388850884916,30,0.478058125,1.59496708214283,0
3044,43972,14.308540825127633,19,0.4778325000000001,1.4150119304656983,1
3045,43980,6.073400918534348,8,0.47773750000000004,1.7578591108322144,1
3046,44010,20.853595025614073,30,0.4773812500000001,1.7362889732633318,0
3047,44030,13.599432795381343,20,0.4771437500000001,1.8716724395751954,1
3048,44060,22.799817587224634,30,0.47678750000000003,1.7228035852313042,0
3049,44090,21.59522370166479,30,0.4764312500000001,1.6300540651593889,0
3050,44120,20.62518782381693,30,0.476075,1.80292546749115,0
3051,44150,21.4159719241006,30,0.47571874999999997,1.6589995452335902,0
3052,44156,4.563035452855858,6,0.4756475,1.2845739424228668,1
3053,44186,20.85582582064492,30,0.47529125000000005,1.5739377737045288,0
3054,44203,14.40256781172182,17,0.47508937500000004,1.5498082041740417,1
3055,44211,5.087619377075854,8,0.47499437499999997,1.3415302634239197,1
3056,44241,20.770490665848296,30,0.474638125,2.0111933648586273,0
3057,44258,12.225854479234446,17,0.47443625,1.6691671311855316,1
3058,44285,20.1250224036408,27,0.47411562500000004,2.016649910381862,1
3059,44310,16.849265162313493,25,0.47381875000000007,1.9671580791473389,1
3060,44328,13.332712529165066,18,0.47360499999999994,1.876570725440979,1
3061,44338,8.56128511554092,10,0.4734862500000001,2.1699986457824707,1
3062,44348,7.2010269948528,10,0.47336750000000005,2.085823178291321,1
3063,44378,22.551422321092645,30,0.47301125,1.6737694144248962,0
3064,44408,20.940174502350878,30,0.47265499999999994,1.7019513919949532,0
3065,44438,21.764996516108283,30,0.47229875,1.6905630316053117,0
3066,44468,21.00420212745635,30,0.47194250000000004,1.631114922463894,0
3067,44498,20.736459754424352,30,0.4715862500000001,1.485878246171134,0
3068,44507,6.204628506256868,9,0.47147937500000003,2.0616672039031982,1
3069,44537,20.539880180614148,30,0.471123125,1.8228452950716019,0
3070,44557,14.344702202553353,20,0.470885625,1.6953829646110534,1
3071,44586,21.067485593261544,29,0.47054125,1.986599019595555,1
3072,44589,1.6000371704030871,3,0.47050562500000004,1.9750213623046875,1
3073,44619,20.940445851205748,30,0.470149375,1.5071672371455602,0
3074,44636,12.412923361290606,17,0.4699475000000001,1.720599627494812,1
3075,44660,18.806952229546262,24,0.4696625,1.699594259262085,1
3076,44690,20.749347861690087,30,0.46930625000000004,1.7882741349084037,0
3077,44720,21.958340602612957,30,0.46895,2.2098250538110733,0
3078,44750,20.979088808422855,30,0.46859375000000003,1.8216043710708618,0
3079,44780,22.67073980512914,30,0.4682375000000001,1.974385842680931,0
3080,44788,5.808155270882643,8,0.4681425,1.3417295813560486,1
3081,44818,22.236804231920427,30,0.46778625000000007,1.4768862809453691,0
3082,44848,21.288744281743014,30,0.46743,2.063107118010521,0
3083,44856,6.957171472012259,8,0.46733500000000006,2.1964030265808105,1
3084,44866,6.811453852348654,10,0.46721625,1.5411750972270966,1
3085,44896,20.454545454545464,30,0.46685999999999994,1.70404352247715,0
3086,44926,21.595890202809194,30,0.46650375,2.1144544907978604,0
3087,44956,21.51977591325718,30,0.46614750000000005,1.5859578251838684,0
3088,44986,20.80070502481048,30,0.4657912500000001,1.4108530964170183,0
3089,45016,21.214965049494477,30,0.46543500000000004,1.6771950423717499,0
3090,45046,21.01308722075358,30,0.46507875,2.203909703663417,0
3091,45076,20.454545454545464,30,0.46472250000000004,1.762341558933258,0
3092,45093,12.176313150876181,17,0.464520625,1.586506724357605,1
3093,45123,22.631796019356855,30,0.4641643750000001,2.0136212280818393,0
3094,45138,11.806292035424212,15,0.46398625000000004,2.2914501428604126,1
3095,45146,5.8007007033258695,8,0.4638912500000001,1.2727873921394348,1
3096,45167,14.628964113512327,21,0.463641875,1.8227430701255798,1
3097,45197,21.05008143689651,30,0.46328562500000003,1.814102664589882,0
3098,45223,18.709426718904066,26,0.46297687499999995,1.7194954951604207,1
3099,45253,20.834827492154307,30,0.4626206250000001,1.3248484656214714,0
3100,45258,3.9590471683324666,5,0.46256125000000003,1.8011267185211182,1
3101,45264,3.999744122054131,6,0.46249000000000007,1.8792715072631836,1
3102,45285,16.501397341063235,21,0.46224062499999996,1.871398138999939,1
3103,45313,19.962922963150554,28,0.461908125,1.845639910016741,1
3104,45343,21.414036948978076,30,0.46155187500000006,1.8926280055727278,0
3105,45373,21.00332613469856,30,0.461195625,1.5571828335523605,0
3106,45403,22.873662684784613,30,0.46083937500000005,2.249678339276995,0
3107,45433,21.72784719886206,30,0.460483125,1.9013628512620926,0
3108,45463,21.060584529356333,30,0.46012687500000005,1.781995756285531,0
3109,45493,20.81250000000001,30,0.4597706250000001,2.0005963146686554,0
3110,45504,8.352949498489284,11,0.45964000000000005,1.9512488047281902,1
3111,45534,21.050089930908097,30,0.45928375,2.02545280115945,0
3112,45564,20.53985740902769,30,0.45892750000000004,1.6790506094694138,0
3113,45594,20.73645049270352,30,0.45857125,1.3317440237317766,0
3114,45615,15.457078891419286,21,0.4583218750000001,1.295747447013855,1
3115,45645,21.0903917130061,30,0.45796562500000004,1.5528164878487587,0
3116,45675,21.72160335997424,30,0.457609375,2.0041124309812273,0
3117,45705,23.984823314816285,30,0.45725312500000004,1.75530107319355,0
3118,45732,18.8364997339383,27,0.4569325000000001,2.040624873978751,1
3119,45744,8.954563498751066,12,0.45679000000000003,2.3022139072418213,1
3120,45765,14.010297773863048,21,0.45654062500000003,2.285065746307373,1
3121,45773,6.758303506192162,8,0.45644562499999997,1.7774406671524048,1
3122,45787,10.196890256695548,14,0.45627937499999993,2.3486944834391275,1
3123,45790,1.5982070401394535,3,0.45624375000000006,2.002923011779785,1
3124,45799,7.757918634927063,9,0.456136875,2.19375216960907,1
3125,45829,20.770497132876944,30,0.45578062499999994,2.0388277545571327,0
3126,45836,4.444783195529148,7,0.4556975000000001,1.799407958984375,1
3127,45866,21.37165775821364,30,0.45534125000000003,2.034388176032475,0
3128,45868,0.8496688366553268,2,0.45531750000000004,3.213841199874878,1
3129,45898,22.839887698038222,30,0.45496125,1.85590432371412,0
3130,45928,25.202014361040238,30,0.4546049999999999,1.7573056668043137,0
3131,45958,20.539881026945654,30,0.4542487500000001,1.7321033307484217,0
3132,45988,22.96492495382649,30,0.45389250000000003,1.6583701819181442,0
3133,46018,21.172960336318326,30,0.4535362500000001,1.9994699273790633,0
3134,46048,22.095959607457157,30,0.45318,2.0317882746458054,0
3135,46078,21.034896524205458,30,0.45282374999999997,2.0687586409705028,0
3136,46104,18.31541641907992,26,0.452515,1.967022453035627,1
3137,46123,13.230265799042595,19,0.452289375,1.3777459561824799,1
3138,46128,3.7923212284615007,5,0.45223,2.0218030214309692,1
3139,46135,5.162518983084157,7,0.45214687500000006,1.5742782354354858,1
3140,46150,12.445445296263944,15,0.45196875000000003,2.1594396233558655,1
3141,46180,21.207930164972137,30,0.4516125,2.1887017339468002,0
3142,46210,20.62519209379534,30,0.45125625,1.7967741744858878,0
3143,46226,11.07732032144396,16,0.45106625,2.1799133121967316,1
3144,46256,21.096241130090487,30,0.45070999999999994,1.9319875985383987,0
3145,46286,20.88881070760638,30,0.4503537500000001,2.0867429120200023,0
3146,46311,16.84807530982275,25,0.450056875,2.1050835251808167,1
3147,46341,20.656979859107164,30,0.44970062499999996,1.6834616735577583,0
3148,46349,6.199305301105996,8,0.449605625,2.970091462135315,1
3149,46366,11.226262214362036,17,0.4494037500000001,1.6960808634757996,1
3150,46396,21.880739015210366,30,0.44904750000000004,1.9519090205430984,0
3151,46426,20.53986127494143,30,0.4486912500000001,1.4318617582321167,0
3152,46433,5.276745410123789,7,0.448608125,2.27106511592865,1
3153,46447,10.451701548069513,14,0.448441875,1.6195601622263591,1
3154,46477,20.711566073074586,30,0.44808562499999993,1.8312972337007523,0
3155,46507,20.6592273436209,30,0.4477293750000001,1.9539797135761805,0
3156,46537,20.62521490667025,30,0.44737312500000004,1.7493859827518463,0
3157,46548,7.194473291882465,11,0.4472425000000001,1.8910351196924846,1
3158,46578,23.90602632416478,30,0.44688625000000004,2.1819349357060025,0
3159,46608,20.971919959527,30,0.44653,1.7359356358647346,0
3160,46638,21.811269218670546,30,0.44617375000000004,2.1178671973092213,0
3161,46668,21.48665011787064,30,0.4458175,1.9248772040009499,0
3162,46691,16.69973742069317,23,0.445544375,2.2125542879104616,1
3163,46703,7.750833808623089,12,0.44540187500000006,1.9952167669932048,1
3164,46706,1.9602091714909529,3,0.44536624999999996,1.5087840557098389,1
3165,46736,21.636472961690348,30,0.44501,1.9340869039297104,0
3166,46738,0.925822775924396,2,0.44498625,nan,1
3167,46768,22.70887544036888,30,0.44462999999999997,1.7540670558810234,0
3168,46798,20.625356550018314,30,0.44427375,1.7728477035249983,0
3169,46828,20.8874549067966,30,0.44391749999999996,1.882642313838005,0
3170,46858,20.66278704898738,30,0.44356125,1.8066492932183402,0
3171,46876,12.513670895269783,18,0.4433475,1.83607337474823,1
3172,46906,20.738707137504537,30,0.44299125000000006,2.0252599205289568,0
3173,46934,19.46867503926689,28,0.4426587500000001,2.0755999939782277,1
3174,46964,20.710527546233546,30,0.44230250000000004,2.063232883810997,0
3175,46979,9.630958863003004,15,0.442124375,1.7682342529296875,1
3176,47009,20.824044076618105,30,0.44176812500000007,1.9911553710699081,0
3177,47011,1.1240078551770405,2,0.44174437499999997,nan,1
3178,47041,22.678378795841397,30,0.441388125,1.5800203308463097,0
3179,47051,8.209120712656354,10,0.4412693750000001,1.6937225461006165,1
3180,47081,21.915638235479964,30,0.440913125,1.8451716303825378,0
3181,47087,4.202156898735294,6,0.44084187499999994,2.370445489883423,1
3182,47113,19.232369057660378,26,0.4405331250000001,1.7875908783503942,1
3183,47123,8.587498397428549,10,0.440414375,2.275580406188965,1
3184,47153,20.689116131048554,30,0.44005812499999997,1.9676710441708565,0
3185,47167,9.344461758739882,14,0.43989187499999993,2.023261547088623,1
3186,47197,22.033169444791355,30,0.4395356250000001,2.006853938102722,0
3187,47227,24.530412965610942,30,0.43917937500000004,2.0129181998116628,0
3188,47257,20.454545454545464,30,0.4388231250000001,1.9135717749595642,0
3189,47287,22.444023999239008,30,0.43846687500000003,1.8318236385072981,0
3190,47317,20.53988018059425,30,0.438110625,2.348908096551895,0
3191,47347,21.289154758709213,30,0.43775437500000003,1.9094526597431727,0
3192,47377,20.454545454545464,30,0.43739812499999997,1.7540494948625565,0
3193,47395,12.383480901217983,18,0.43718437500000007,1.7160226255655289,1
3194,47425,22.916137292067404,30,0.436828125,2.0302908569574356,0
3195,47453,20.20001046417748,28,0.43649562499999994,1.9492560284478324,1
3196,47460,5.95717232116616,7,0.4364125,1.7732240557670593,1
3197,47475,10.499999999999998,15,0.43623437500000006,1.988606293996175,1
3198,47505,21.367206057670852,30,0.435878125,1.7001649141311646,0
3199,47510,2.727272727272727,5,0.43581875000000003,1.408055067062378,1
3200,47540,22.75945954074094,30,0.4354625000000001,2.0446820706129074,0
3201,47570,22.191823106863804,30,0.43510625,1.89599175964083,0
3202,47589,12.475161677316294,19,0.434880625,2.0392367362976076,1
3203,47619,21.322005760339536,30,0.4345243750000001,1.7059759667941503,0
3204,47649,21.289866382200017,30,0.434168125,2.0693164616823196,0
3205,47679,20.571645133062454,30,0.43381187500000007,1.6875001362391882,0
3206,47685,3.869795077608661,6,0.433740625,1.8307353258132935,1
3207,47693,4.950055899011621,8,0.43364562500000003,2.2311102151870728,1
3208,47723,21.25830546214644,30,0.433289375,2.155889170510428,0
3209,47753,20.887584049317393,30,0.43293312500000003,1.8984003812074661,0
3210,47780,19.91128776389266,27,0.43261250000000007,1.9659370865140642,1
3211,47806,19.26559827010544,26,0.4323037500000001,2.2221453189849854,1
3212,47836,24.77346562208517,30,0.43194750000000004,1.578656554222107,0
3213,47851,9.830773453957473,15,0.431769375,1.8416574398676555,1
3214,47877,17.216218922094875,26,0.43146062500000004,1.7689052649906702,1
3215,47887,7.245975145671623,10,0.431341875,1.7943289875984192,1
3216,47917,23.190948111188064,30,0.43098562500000004,1.7709504067897797,0
3217,47947,21.54151002052269,30,0.4306293750000001,1.5119686467306954,0
3218,47958,7.649694317108638,11,0.43049875000000004,1.267504890759786,1
3219,47973,11.765093405529097,15,0.430320625,2.11624076962471,1
3220,48003,21.082693946683932,30,0.42996437500000007,1.607687337057931,0
3221,48033,20.539880180595418,30,0.429608125,1.8643307238817215,0
3222,48049,11.021529067244781,16,0.429418125,2.07635760307312,1
3223,48059,7.959552793604269,10,0.42929937500000004,2.2516998648643494,1
3224,48089,20.693181818181827,30,0.428943125,2.0156665593385696,0
3225,48119,20.73651102071244,30,0.42858687500000003,2.3248412949698314,0
3226,48125,4.562312307283886,6,0.42851562500000007,1.722998559474945,1
3227,48137,8.881618015357875,12,0.428373125,1.9253369967142742,1
3228,48167,20.653391978731896,30,0.4280168750000001,2.0036245925085887,0
3229,48197,21.51874909447585,30,0.427660625,1.7828564196825027,0
3230,48227,20.854574000219415,30,0.42730437499999996,1.449003781591143,0
3231,48257,21.3310325818832,30,0.426948125,1.960517555475235,0
3232,48273,10.517090769893477,16,0.426758125,1.566698044538498,1
3233,48292,13.540805728133211,19,0.4265325,2.3471515417099,1
3234,48304,9.796203709692945,12,0.42639000000000005,1.0685495932896931,1
3235,48334,21.39886326131818,30,0.42603375,1.5729646682739258,0
3236,48364,20.539861683643906,30,0.42567750000000004,2.16936232149601,0
3237,48378,10.880207699944386,14,0.4255112500000001,1.7425805727640789,1
3238,48408,20.743306995010965,30,0.42515500000000006,2.094671830534935,0
3239,48418,6.801136636453299,10,0.42503625,1.975654661655426,1
3240,48421,1.6000542239715385,3,0.425000625,1.667112112045288,1
3241,48451,20.738725523360763,30,0.42464437499999996,1.7790497541427612,0
3242,48459,6.75448208209299,8,0.424549375,1.5098270177841187,1
3243,48489,20.853103462923986,30,0.42419312499999995,2.1105968803167343,0
3244,48519,20.53987994951807,30,0.4238368750000001,1.7236060074397497,0
3245,48549,20.74214862965062,30,0.42348062500000005,1.7184048146009445,0
3246,48579,20.853611269108818,30,0.423124375,1.7014575856072562,0
3247,48606,19.355803790582925,27,0.42280375000000003,1.9676331792558943,1
3248,48636,20.85486252504166,30,0.4224475000000001,2.131970003247261,0
3249,48666,21.36245212421291,30,0.42209125000000003,1.9637691634041923,0
3250,48696,20.769498761099424,30,0.42173499999999997,1.9070506244897842,0
3251,48726,22.15740948973761,30,0.42137875,1.8532090527670724,0
3252,48756,20.885172523834424,30,0.42102249999999997,1.8319950848817825,0
3253,48780,16.874539840690776,24,0.4207375,1.860252281030019,1
3254,48810,22.805733360890905,30,0.42038125000000004,2.2282244307654246,0
3255,48840,20.772714970366646,30,0.420025,1.9036197811365128,0
3256,48870,20.53988018059504,30,0.41966875000000003,1.5938014047486442,0
3257,48900,20.571645133062454,30,0.4193125000000001,1.776060238480568,0
3258,48930,20.625192144208633,30,0.41895625000000003,1.763160058430263,0
3259,48945,10.345793629455747,15,0.418778125,2.0738597214221954,1
3260,48967,16.156895983488017,22,0.418516875,1.7386982917785645,1
3261,48997,20.736490890747273,30,0.41816062499999995,1.7835682481527328,0
3262,49027,20.625215603720537,30,0.417804375,2.319035496030535,0
3263,49057,20.821859793754506,30,0.41744812499999995,1.886464387178421,0
3264,49061,2.3993434037758172,4,0.41740062499999997,2.6880438327789307,1
3265,49080,13.077277550381208,19,0.41717499999999996,2.4455300331115724,1
3266,49110,20.76949883664497,30,0.4168187500000001,1.6619672349521093,0
3267,49140,20.651176268266543,30,0.41646250000000007,2.003069281578064,0
3268,49170,20.650436124032645,30,0.41610625,1.7760092190333776,1
3269,49200,22.241476972993894,30,0.41575000000000006,2.122350186109543,0
3270,49230,20.454545454545464,30,0.41539375,1.8010510121073042,0
3271,49252,15.004717464468872,22,0.4151325,2.238768696784973,1
3272,49282,23.421826627304547,30,0.41477624999999996,1.6578075545174735,0
3273,49312,21.201068703835215,30,0.4144200000000001,2.1506414115428925,0
3274,49342,21.68500440941664,30,0.41406375000000006,1.536237929548536,0
3275,49372,21.02729797774175,30,0.4137075,2.253215029835701,0
3276,49402,20.77630299349346,30,0.41335125000000006,1.8390834501811437,0
3277,49432,21.519441478064575,30,0.412995,2.338436245918274,0
3278,49462,22.752158683424337,30,0.41263875000000005,2.425616536821638,0
3279,49492,21.718431681859542,30,0.4122825,2.290134057402611,0
3280,49522,22.205034028777334,30,0.41192624999999994,2.05698367527553,0
3281,49552,20.571645133062454,30,0.4115700000000001,2.004013106226921,0
3282,49560,6.082194085388797,8,0.4114749999999999,2.3920235633850098,1
3283,49590,23.025591101533223,30,0.4111187500000001,1.9389380003724779,0
3284,49599,7.7564530613053835,9,0.411011875,2.5967429280281067,1
3285,49629,20.571645133062454,30,0.41065562499999997,2.0928396433591843,0
3286,49644,12.349688750743216,15,0.41047749999999994,2.394977569580078,1
3287,49674,20.7105284363365,30,0.4101212500000001,2.396663120814732,0
3288,49701,18.953943582838075,27,0.40980062500000003,2.20191034248897,1
3289,49731,20.736521284539823,30,0.4094443750000001,1.6303136519023351,0
3290,49759,19.686222952690777,28,0.409111875,1.9948027048792158,1
3291,49761,1.1240078551770405,2,0.409088125,2.0224854946136475,1
3292,49791,20.454545454545464,30,0.4087318750000001,1.9804018565586634,0
3293,49802,7.852267053969898,11,0.40860125,1.6955001751581829,1
3294,49820,15.354158903778162,18,0.4083875,2.762950873374939,1
3295,49848,19.809290509332655,28,0.40805500000000006,2.084886312484741,1
3296,49876,19.60778623885963,28,0.4077225000000001,1.9602243048804147,1
3297,49881,3.9572063683176055,5,0.407663125,1.8461723327636719,1
3298,49900,16.206497612444444,19,0.4074375,2.1256844282150267,1
3299,49925,16.624510060914513,25,0.40714062500000003,1.820089687903722,1
3300,49955,20.63187408082981,30,0.4067843750000001,1.987732699939183,0
3301,49985,21.501507072183273,30,0.40642812500000003,1.9581962376832962,0
