episode,global_step,episode_reward,episode_length,epsilon,mean_loss,crashed
0,10,7.650046494944285,10,0.99988125,nan,1
1,14,2.566053658965085,4,0.99983375,nan,1
2,21,5.396439714991074,7,0.999750625,nan,1
3,45,17.977972123632675,24,0.999465625,nan,1
4,52,5.7641073717944815,7,0.9993825,nan,1
5,62,8.760148607276456,10,0.99926375,nan,1
6,80,15.051684223726749,18,0.99905,nan,1
7,88,6.365307290247888,8,0.998955,nan,1
8,95,5.76015455078024,7,0.998871875,nan,1
9,99,2.398545842333599,4,0.998824375,nan,1
10,109,6.502401151086006,10,0.998705625,nan,1
11,121,9.95818433567252,12,0.998563125,nan,1
12,137,10.832122248313873,16,0.998373125,nan,1
13,162,17.947955057489654,25,0.99807625,nan,1
14,179,13.322222668064711,17,0.997874375,nan,1
15,191,9.640751363540424,12,0.997731875,nan,1
16,196,3.1978648406798618,5,0.9976725,nan,1
17,224,21.580550425243583,28,0.99734,nan,1
18,232,5.66413250313833,8,0.997245,nan,1
19,243,8.757674029273801,11,0.997114375,nan,1
20,273,22.00434760552826,30,0.996758125,nan,0
21,295,18.359820774771368,22,0.996496875,nan,1
22,309,9.662766205613696,14,0.996330625,nan,1
23,319,6.809239392323058,10,0.996211875,nan,1
24,330,8.232344004175772,11,0.99608125,nan,1
25,337,4.570938072158501,7,0.995998125,nan,1
26,352,12.580121822527364,15,0.99582,nan,1
27,359,4.725205530798327,7,0.995736875,nan,1
28,378,15.244173480721106,19,0.99551125,nan,1
29,384,4.329157252537996,6,0.99544,nan,1
30,387,1.7671529078868469,3,0.995404375,nan,1
31,393,4.523339148416133,6,0.995333125,nan,1
32,409,10.862436222469357,16,0.995143125,nan,1
33,414,3.595472942834504,5,0.99508375,nan,1
34,425,8.680369114789913,11,0.994953125,nan,1
35,434,7.154264881594236,9,0.99484625,nan,1
36,438,2.7572907203812167,4,0.99479875,nan,1
37,450,10.388626534532984,12,0.99465625,nan,1
38,464,9.498912702440585,14,0.99449,nan,1
39,478,10.504470021076154,14,0.99432375,nan,1
40,495,11.674144609276643,17,0.994121875,nan,1
41,498,2.05230133899174,3,0.99408625,nan,1
42,506,6.5514066766810375,8,0.99399125,nan,1
43,536,20.89100726667414,30,0.993635,nan,0
44,539,1.6000542239715385,3,0.993599375,nan,1
45,542,1.9602091714909529,3,0.99356375,nan,1
46,548,4.359546732853506,6,0.9934925,nan,1
47,557,5.573863636363636,9,0.993385625,nan,1
48,560,1.9583725634928275,3,0.99335,nan,1
49,565,3.200118922011725,5,0.993290625,nan,1
50,571,3.762182205969962,6,0.993219375,nan,1
51,579,6.356963332006142,8,0.993124375,nan,1
52,590,7.811747892195349,11,0.99299375,nan,1
53,594,2.7924868791082558,4,0.99294625,nan,1
54,603,6.883330449025161,9,0.992839375,nan,1
55,611,6.396579478950751,8,0.992744375,nan,1
56,614,1.6000542239715385,3,0.99270875,nan,1
57,644,23.630812029370876,30,0.9923525,nan,0
58,659,13.161707364129786,15,0.992174375,nan,1
59,670,9.053109392437552,11,0.99204375,nan,1
60,676,3.6455087694260837,6,0.9919725,nan,1
61,701,19.390871836040095,25,0.991675625,nan,1
62,731,22.180756740502765,30,0.991319375,nan,0
63,736,3.758512897770461,5,0.99126,nan,1
64,743,4.764362267081551,7,0.991176875,nan,1
65,749,4.400025776490735,6,0.991105625,nan,1
66,775,20.492150607399793,26,0.990796875,nan,1
67,781,4.758477724437154,6,0.990725625,nan,1
68,791,7.464276455096001,10,0.990606875,nan,1
69,795,2.403409090909091,4,0.990559375,nan,1
70,811,10.867158195640952,16,0.990369375,nan,1
71,821,7.511518861030285,10,0.990250625,nan,1
72,834,10.288569569942538,13,0.99009625,nan,1
73,838,2.5942352256076413,4,0.99004875,nan,1
74,841,1.7649228101313175,3,0.990013125,nan,1
75,849,5.997885299513539,8,0.989918125,nan,1
76,855,5.0783363689620575,6,0.989846875,nan,1
77,871,13.759901976994584,16,0.989656875,nan,1
78,876,3.214897722553548,5,0.9895975,nan,1
79,886,7.19760779861874,10,0.98947875,nan,1
80,901,10.574652061756362,15,0.989300625,nan,1
81,915,9.270893494431924,14,0.989134375,nan,1
82,920,3.7541898920606838,5,0.989075,nan,1
83,936,11.257896538082479,16,0.988885,nan,1
84,960,19.15938865271932,24,0.9886,nan,1
85,983,18.533953501807286,23,0.988326875,nan,1
86,998,12.606637352218737,15,0.98814875,nan,1
87,1004,4.165698652617526,6,0.9880775,nan,1
88,1007,1.7840426852069369,3,0.988041875,nan,1
89,1016,7.3583414546229475,9,0.987935,nan,1
90,1021,3.052207256003074,5,0.987875625,nan,1
91,1049,19.046797440474553,28,0.987543125,nan,1
92,1056,5.03233336111363,7,0.98746,nan,1
93,1086,21.72991206121545,30,0.98710375,nan,0
94,1091,3.454178993118006,5,0.987044375,nan,1
95,1099,5.521609306470867,8,0.986949375,nan,1
96,1113,10.096248886820952,14,0.986783125,nan,1
97,1121,6.400115077270403,8,0.986688125,nan,1
98,1128,5.0556331303325255,7,0.986605,nan,1
99,1137,6.0034949997617035,9,0.986498125,nan,1
100,1140,1.6000542239715385,3,0.9864625,nan,1
101,1170,21.612078581851957,30,0.98610625,nan,0
102,1173,1.9602091714909529,3,0.986070625,nan,1
103,1178,3.395371589244005,5,0.98601125,nan,1
104,1190,10.559434806497885,12,0.98586875,nan,1
105,1193,1.7649228101313175,3,0.985833125,nan,1
106,1208,13.951622367520663,15,0.985655,nan,1
107,1211,1.9583725634928275,3,0.985619375,nan,1
108,1231,15.845091985447775,20,0.985381875,nan,1
109,1237,4.5574194479557875,6,0.985310625,nan,1
110,1241,2.403409090909091,4,0.985263125,nan,1
111,1247,4.5832112243786245,6,0.985191875,nan,1
112,1249,1.0508547873237735,2,0.985168125,nan,1
113,1279,21.279691095604086,30,0.984811875,nan,0
114,1288,6.1264048463759515,9,0.984705,nan,1
115,1300,9.132181287500456,12,0.9845625,nan,1
116,1313,8.977236326177822,13,0.984408125,nan,1
117,1321,5.245136654099367,8,0.984313125,nan,1
118,1344,15.401401170610818,23,0.98404,nan,1
119,1357,8.694336606173005,13,0.983885625,nan,1
120,1368,9.360571893982181,11,0.983755,nan,1
121,1380,9.048777172351699,12,0.9836125,nan,1
122,1400,14.966830792957893,20,0.983375,nan,1
123,1415,13.392435973457971,15,0.983196875,nan,1
124,1430,12.562277048615856,15,0.98301875,nan,1
125,1440,8.552728864172117,10,0.9829,nan,1
126,1445,3.9571975996624404,5,0.982840625,nan,1
127,1460,10.933984637920156,15,0.9826625,nan,1
128,1468,5.520391380783348,8,0.9825675,nan,1
129,1495,21.060669198775564,27,0.982246875,nan,1
130,1501,4.561489487084988,6,0.982175625,nan,1
131,1504,1.9583725634928275,3,0.98214,nan,1
132,1512,5.211736672619567,8,0.9820450000000001,nan,1
133,1520,6.355758480086525,8,0.98195,nan,1
134,1550,22.517569064456865,30,0.98159375,nan,0
135,1580,23.15397979411547,30,0.9812375,nan,0
136,1610,21.963948451940666,30,0.98088125,nan,0
137,1615,3.654574066264467,5,0.980821875,nan,1
138,1620,3.367190022601448,5,0.9807625,nan,1
139,1637,11.907010203605438,17,0.980560625,nan,1
140,1645,5.685278639067994,8,0.980465625,nan,1
141,1660,11.562895051685517,15,0.9802875,nan,1
142,1677,13.59596134759301,17,0.980085625,nan,1
143,1707,21.443250227104667,30,0.979729375,nan,0
144,1712,4.054114629085036,5,0.97967,nan,1
145,1734,15.894423763626538,22,0.97940875,nan,1
146,1745,9.356267159413104,11,0.979278125,nan,1
147,1753,5.326608915625036,8,0.979183125,nan,1
148,1761,6.367151980529784,8,0.979088125,nan,1
149,1770,5.86079070336215,9,0.97898125,nan,1
150,1772,0.9882422919085595,2,0.9789575,nan,1
151,1794,17.326511260495696,22,0.97869625,nan,1
152,1822,19.7040671694444,28,0.97836375,nan,1
153,1825,1.9583725634928275,3,0.978328125,nan,1
154,1839,9.576132474819039,14,0.978161875,nan,1
155,1843,2.761345535127316,4,0.978114375,nan,1
156,1873,25.63337094041116,30,0.977758125,nan,0
157,1881,4.949228784852615,8,0.977663125,nan,1
158,1895,9.26715882106786,14,0.977496875,nan,1
159,1903,6.58826412261133,8,0.977401875,nan,1
160,1906,1.8842354771469032,3,0.97736625,nan,1
161,1911,3.047804785499681,5,0.977306875,nan,1
162,1921,6.923565647220831,10,0.977188125,nan,1
163,1927,4.955310489622915,6,0.977116875,nan,1
164,1935,6.448508577117849,8,0.977021875,nan,1
165,1940,3.057051189737286,5,0.9769625,nan,1
166,1954,9.613880265781875,14,0.97679625,nan,1
167,1957,1.7953289908768333,3,0.976760625,nan,1
168,1987,22.874488978647324,30,0.976404375,nan,0
169,1999,8.57009409021455,12,0.9762618750000001,nan,1
170,2009,9.273482123626849,10,0.976143125,nan,1
171,2016,4.448863636363636,7,0.97606,nan,1
172,2022,3.997536561144723,6,0.97598875,nan,1
173,2029,4.655243401350312,7,0.975905625,nan,1
174,2039,7.066595837590721,10,0.975786875,nan,1
175,2045,4.792288407413923,6,0.975715625,nan,1
176,2049,2.3993434037758172,4,0.975668125,nan,1
177,2070,14.50704388649709,21,0.97541875,nan,1
178,2074,2.415980045634204,4,0.97537125,nan,1
179,2092,12.739201571196546,18,0.9751575,nan,1
180,2101,6.486354135498144,9,0.975050625,nan,1
181,2108,5.352744219653922,7,0.9749675,nan,1
182,2118,6.575756856181045,10,0.97484875,nan,1
183,2148,20.91619549178772,30,0.9744925,nan,0
184,2178,22.913767250609393,30,0.97413625,nan,0
185,2182,2.5642135175608773,4,0.97408875,nan,1
186,2206,16.9614367170827,24,0.97380375,nan,1
187,2218,9.958367857115551,12,0.97366125,nan,1
188,2226,5.468994289091365,8,0.97356625,nan,1
189,2253,21.42515569552404,27,0.973245625,nan,1
190,2264,8.319472418043887,11,0.973115,nan,1
191,2291,19.61985021786324,27,0.972794375,nan,1
192,2295,2.7943365791981405,4,0.972746875,nan,1
193,2301,3.8533436196394377,6,0.972675625,nan,1
194,2304,1.5982070401394535,3,0.97264,nan,1
195,2310,3.5261905876079016,6,0.97256875,nan,1
196,2319,7.758299166709453,9,0.972461875,nan,1
197,2340,14.511298281863422,21,0.9722125,nan,1
198,2342,0.9660165442504834,2,0.97218875,nan,1
199,2372,22.834523547418424,30,0.9718325,nan,0
200,2401,22.950017251733776,29,0.971488125,nan,1
201,2431,25.33286790124342,30,0.971131875,nan,0
202,2437,3.852549772093913,6,0.971060625,nan,1
203,2440,1.8816141328711475,3,0.971025,nan,1
204,2461,15.537236351369886,21,0.970775625,nan,1
205,2469,6.955321647467595,8,0.970680625,nan,1
206,2499,24.357628750123858,30,0.970324375,nan,0
207,2511,9.483623449873416,12,0.970181875,nan,1
208,2526,10.26598576016309,15,0.97000375,nan,1
209,2538,10.383458532615052,12,0.96986125,nan,1
210,2553,10.416789714560258,15,0.969683125,nan,1
211,2558,3.760353123448624,5,0.96962375,nan,1
212,2584,18.825164177613335,26,0.969315,nan,1
213,2598,9.661842223208478,14,0.96914875,nan,1
214,2613,10.80678009083724,15,0.968970625,nan,1
215,2624,9.126653152407354,11,0.96884,nan,1
216,2639,11.182242854730923,15,0.968661875,nan,1
217,2650,9.593422653287671,11,0.96853125,nan,1
218,2680,21.7012584014186,30,0.968175,nan,0
219,2686,4.9952151565565694,6,0.96810375,nan,1
220,2716,20.879303829390665,30,0.9677475,nan,1
221,2726,8.159123287615413,10,0.96762875,nan,1
222,2741,12.502416795429081,15,0.967450625,nan,1
223,2747,4.016034086189912,6,0.967379375,nan,1
224,2753,5.052248603531262,6,0.967308125,nan,1
225,2758,3.853393715233506,5,0.96724875,nan,1
226,2761,1.7649228101313175,3,0.967213125,nan,1
227,2790,21.160561731577523,29,0.9668687499999999,nan,1
228,2797,5.363589281211453,7,0.966785625,nan,1
229,2808,8.329704532017836,11,0.966655,nan,1
230,2815,4.409271380522973,7,0.966571875,nan,1
231,2830,11.530204816412198,15,0.96639375,nan,1
232,2853,20.750652173512112,23,0.966120625,nan,1
233,2872,14.325603488451186,19,0.965895,nan,1
234,2881,6.760351877671414,9,0.965788125,nan,1
235,2891,7.837741850780718,10,0.965669375,nan,1
236,2900,6.211982372758469,9,0.9655625,nan,1
237,2930,21.67619220820915,30,0.96520625,nan,0
238,2955,17.77176368304888,25,0.964909375,nan,1
239,2985,21.513489071593032,30,0.964553125,nan,0
240,3015,21.744490499862376,30,0.964196875,nan,0
241,3030,12.800079378182252,15,0.96401875,nan,1
242,3033,1.9583725634928275,3,0.963983125,nan,1
243,3043,6.807415063817949,10,0.963864375,nan,1
244,3073,25.22326208952136,30,0.963508125,nan,0
245,3081,5.227600650075395,8,0.963413125,nan,1
246,3106,17.829939408585993,25,0.96311625,nan,1
247,3134,20.38799557957034,28,0.96278375,nan,1
248,3158,17.178515220128514,24,0.96249875,nan,1
249,3165,5.759288357868255,7,0.962415625,nan,1
250,3181,14.74811486189222,16,0.962225625,nan,1
251,3187,4.759309594801101,6,0.962154375,nan,1
252,3190,1.7953289908768333,3,0.96211875,nan,1
253,3220,22.411399811324664,30,0.9617625,nan,0
254,3250,22.26467213465229,30,0.96140625,nan,1
255,3254,2.566053658965085,4,0.96135875,nan,1
256,3260,5.271403488018445,6,0.9612875,nan,1
257,3268,5.3237380817859234,8,0.9611925,nan,1
258,3273,3.2023098119772544,5,0.961133125,nan,1
259,3283,8.00221988423314,10,0.961014375,nan,1
260,3288,3.9590471683324666,5,0.960955,nan,1
261,3312,19.285742827801812,24,0.96067,nan,1
262,3318,4.359546054550729,6,0.96059875,nan,1
263,3321,1.5982070401394535,3,0.960563125,nan,1
264,3325,2.5660591737676812,4,0.960515625,nan,1
265,3338,10.325382641448044,13,0.96036125,nan,1
266,3344,4.0150571321975566,6,0.96029,nan,1
267,3374,21.786433304028538,30,0.95993375,nan,0
268,3376,1.0508547873237735,2,0.95991,nan,1
269,3378,1.1985551664893401,2,0.95988625,nan,1
270,3391,9.887923956071583,13,0.959731875,nan,1
271,3405,10.288224908762107,14,0.959565625,nan,1
272,3409,2.3989273212049906,4,0.959518125,nan,1
273,3420,9.237565674078008,11,0.9593875,nan,1
274,3428,6.3567853887950765,8,0.9592925,nan,1
275,3445,12.10686296887342,17,0.959090625,nan,1
276,3450,3.0803640241517805,5,0.95903125,nan,1
277,3480,21.68141011953107,30,0.958675,nan,0
278,3483,1.9602091714909529,3,0.958639375,nan,1
279,3491,5.646266374804894,8,0.958544375,nan,1
280,3494,1.9583725634928275,3,0.95850875,nan,1
281,3503,6.56276929365269,9,0.958401875,nan,1
282,3511,5.567187984094759,8,0.958306875,nan,1
283,3541,22.339048592712025,30,0.9579506250000001,nan,0
284,3545,2.5682892715232106,4,0.957903125,nan,1
285,3572,21.650390559707855,27,0.9575825,nan,1
286,3575,1.5974290027069835,3,0.957546875,nan,1
287,3591,12.798325005396473,16,0.957356875,nan,1
288,3617,17.88538436365841,26,0.957048125,nan,1
289,3627,6.221679440962311,10,0.956929375,nan,1
290,3640,9.80063879184388,13,0.956775,nan,1
291,3660,15.087004799661452,20,0.9565375,nan,1
292,3666,3.884128079493996,6,0.95646625,nan,1
293,3689,15.714864022022628,23,0.956193125,nan,1
294,3719,22.76690633671235,30,0.955836875,nan,0
295,3749,23.357519636862527,30,0.955480625,nan,0
296,3757,6.922710507677227,8,0.955385625,nan,1
297,3774,12.02862532072456,17,0.95518375,nan,1
298,3787,9.289594570254664,13,0.955029375,nan,1
299,3817,22.83615649066632,30,0.954673125,nan,0
300,3825,6.361189572743189,8,0.954578125,nan,1
301,3832,5.360390207907602,7,0.954495,nan,1
302,3838,4.082819348561334,6,0.95442375,nan,1
303,3853,11.4186433227153,15,0.954245625,nan,1
304,3867,12.11907982103968,14,0.954079375,nan,1
305,3876,7.9513514655713715,9,0.9539725,nan,1
306,3887,7.925659260181451,11,0.953841875,nan,1
307,3917,25.012782728510842,30,0.953485625,nan,0
308,3944,19.55729479469134,27,0.953165,nan,1
309,3949,3.65420395128113,5,0.953105625,nan,1
310,3958,6.291662029385416,9,0.95299875,nan,1
311,3981,17.614884761745277,23,0.952725625,nan,1
312,4004,16.481254314461307,23,0.9524525,nan,1
313,4010,3.762563684841354,6,0.95238125,nan,1
314,4019,6.797149424899304,9,0.952274375,nan,1
315,4028,6.990592920698676,9,0.9521675,nan,1
316,4031,1.925144218813404,3,0.952131875,nan,1
317,4035,2.5942352256076413,4,0.952084375,nan,1
318,4055,14.301311318594895,20,0.951846875,nan,1
319,4062,5.18964345682821,7,0.95176375,nan,1
320,4092,22.033668054159808,30,0.9514075,nan,0
321,4101,6.005246662085053,9,0.951300625,nan,1
322,4111,8.050070908332673,10,0.951181875,nan,1
323,4117,4.363618262400044,6,0.951110625,nan,1
324,4130,10.800669838901907,13,0.95095625,nan,1
325,4148,12.22739577336169,18,0.9507425,nan,1
326,4159,7.250082737963427,11,0.950611875,nan,1
327,4176,13.966539427816869,17,0.95041,nan,1
328,4193,12.306553943183356,17,0.950208125,nan,1
329,4197,2.5942352256076413,4,0.950160625,nan,1
330,4206,6.56397682819259,9,0.95005375,nan,1
331,4236,23.118942199043907,30,0.9496975,nan,0
332,4254,15.001581772736293,18,0.94948375,nan,1
333,4263,6.762946837316684,9,0.949376875,nan,1
334,4271,6.558210870178874,8,0.949281875,nan,1
335,4301,22.439581737904394,30,0.948925625,nan,0
336,4309,5.204409302283363,8,0.948830625,nan,1
337,4321,9.971824605911094,12,0.948688125,nan,1
338,4327,4.957172438484455,6,0.948616875,nan,1
339,4337,6.4920825392499815,10,0.948498125,nan,1
340,4363,20.92816528355323,26,0.948189375,nan,1
341,4393,23.115797238758024,30,0.947833125,nan,0
342,4405,7.790181040333607,12,0.947690625,nan,1
343,4425,16.13072134395263,20,0.947453125,nan,1
344,4431,4.757953414991336,6,0.947381875,nan,1
345,4439,6.355093469530208,8,0.947286875,nan,1
346,4449,7.161143081918456,10,0.947168125,nan,1
347,4469,16.290324305114282,20,0.946930625,nan,1
348,4491,15.785032882095445,22,0.946669375,nan,1
349,4503,8.927193582443483,12,0.946526875,nan,1
350,4507,2.5660591737676812,4,0.946479375,nan,1
351,4520,9.691538325800607,13,0.946325,nan,1
352,4525,2.9328947902289326,5,0.946265625,nan,1
353,4534,6.965886037128615,9,0.94615875,nan,1
354,4542,6.951874595556268,8,0.94606375,nan,1
355,4560,14.371934908137044,18,0.94585,nan,1
356,4574,10.75427487769049,14,0.94568375,nan,1
357,4587,9.961290081281769,13,0.945529375,nan,1
358,4594,4.565946175230618,7,0.94544625,nan,1
359,4607,8.971254866531199,13,0.945291875,nan,1
360,4620,10.812413793128007,13,0.9451375,nan,1
361,4627,4.293372196340784,7,0.945054375,nan,1
362,4634,4.652273398150588,7,0.94497125,nan,1
363,4657,16.899355633153867,23,0.9446981249999999,nan,1
364,4662,3.200093155571793,5,0.94463875,nan,1
365,4667,3.283098497412217,5,0.944579375,nan,1
366,4697,24.85239484974551,30,0.944223125,nan,0
367,4702,3.364932165612759,5,0.94416375,nan,1
368,4713,8.119806530905493,11,0.944033125,nan,1
369,4716,1.6000542239715385,3,0.9439975,nan,1
370,4723,4.415049772093913,7,0.943914375,nan,1
371,4734,9.395551536296455,11,0.94378375,nan,1
372,4751,11.511254415925329,17,0.943581875,nan,1
373,4765,10.810044928883565,14,0.943415625,nan,1
374,4795,23.13240311692063,30,0.943059375,nan,0
375,4810,10.23110294467025,15,0.94288125,nan,1
376,4816,3.9975345425330735,6,0.94281,nan,1
377,4836,15.071687686310625,20,0.9425725,nan,1
378,4866,21.93809430719686,30,0.94221625,nan,0
379,4878,9.6601122988221,12,0.94207375,nan,1
380,4894,13.215500592512397,16,0.94188375,nan,1
381,4912,12.798232640548601,18,0.94167,nan,1
382,4923,8.961223558697196,11,0.941539375,nan,1
383,4931,6.5934238192238,8,0.941444375,nan,1
384,4952,14.15410732413381,21,0.941195,nan,1
385,4957,3.9571975996624404,5,0.941135625,nan,1
386,4964,5.5574117883090555,7,0.9410525,nan,1
387,4980,13.97474270700299,16,0.9408625,nan,1
388,4987,5.40617816334487,7,0.940779375,nan,1
389,4992,3.595472942834504,5,0.94072,nan,1
390,5011,14.026412322837688,19,0.940494375,0.33968814214070636,1
391,5015,2.957376534134098,4,0.940446875,0.261117547750473,1
392,5045,23.314494323026967,30,0.940090625,0.08710173540748656,0
393,5049,2.6012803155940354,4,0.940043125,0.07900676131248474,1
394,5079,22.246082650656668,30,0.939686875,0.058825316705874035,0
395,5089,6.568611539607094,10,0.939568125,0.044165765245755516,1
396,5093,2.786302769027549,4,0.939520625,0.054254405200481415,1
397,5107,10.017673239598818,14,0.939354375,0.04739118615786234,1
398,5115,6.057983157173557,8,0.939259375,0.042047690600156784,1
399,5124,7.35676832694414,9,0.9391525000000001,0.02939818613231182,1
400,5128,2.566053658965085,4,0.939105,0.0342884287238121,1
401,5144,11.671545087659192,16,0.938915,0.03462774679064751,1
402,5148,2.5942352256076413,4,0.9388675,0.026958396658301353,1
403,5164,13.557185424211958,16,0.9386775,0.03191719576716423,1
404,5167,1.7671529078868469,3,0.938641875,nan,1
405,5193,20.068118394451623,26,0.938333125,0.03248026381645884,1
406,5208,10.548506151022988,15,0.938155,0.029848845675587654,1
407,5229,15.696849851746467,21,0.937905625,0.03212928846478462,1
408,5239,6.429925751367561,10,0.937786875,0.030181454494595528,1
409,5256,11.50054080238128,17,0.937585,0.03468081019818783,1
410,5266,6.535183728075063,10,0.9374662500000001,0.02760413847863674,1
411,5296,22.803541559805723,30,0.93711,0.03031511092558503,0
412,5314,15.997834641751234,18,0.93689625,0.03249645512551069,1
413,5344,23.868866930292914,30,0.93654,0.03461015643551946,0
414,5358,12.360577493870403,14,0.93637375,0.03386168430248896,1
415,5366,5.765926921402624,8,0.93627875,0.03561550937592983,1
416,5378,8.016699283863359,12,0.93613625,0.03189240458110968,1
417,5381,1.9602091714909529,3,0.936100625,0.024072833359241486,1
418,5389,6.756624361834088,8,0.936005625,0.029048415832221508,1
419,5411,16.49544471620457,22,0.935744375,0.036736147850751875,1
420,5417,5.27375909559005,6,0.935673125,0.029945160262286663,1
421,5447,21.697040418562143,30,0.935316875,0.0268428378871509,0
422,5459,9.438228721652594,12,0.935174375,0.03393729403614998,1
423,5468,7.849845679802297,9,0.9350675,0.043477208664019905,1
424,5472,2.7591154181621453,4,0.93502,0.03288872539997101,1
425,5482,8.562277382591512,10,0.93490125,0.039209919050335884,1
426,5509,20.107458063935088,27,0.934580625,0.034017003806574006,1
427,5530,14.477491279242326,21,0.9343312500000001,0.03337429463863373,1
428,5541,7.79890048148174,11,0.934200625,0.02917879323164622,1
429,5552,9.554578090514443,11,0.93407,0.027850812301039696,1
430,5558,4.4009717704864295,6,0.93399875,0.06163812801241875,1
431,5572,9.65743175827058,14,0.9338325,0.03233210742473602,1
432,5589,15.451964803199957,17,0.933630625,0.031163467094302177,1
433,5597,6.7564594702142085,8,0.933535625,0.03701625857502222,1
434,5602,3.2023098119772544,5,0.93347625,0.025095894932746887,1
435,5608,4.363618262400044,6,0.933405,0.03502344340085983,1
436,5618,6.653368683200319,10,0.93328625,0.035883571952581406,1
437,5648,24.55277265829866,30,0.93293,0.03245438449084759,0
438,5651,1.9602091714909529,3,0.932894375,nan,1
439,5670,13.436210718782922,19,0.93266875,0.026942533254623414,1
440,5678,6.7579194812585905,8,0.93257375,0.04031907394528389,1
441,5684,4.3591802212192725,6,0.9325025,0.036854611709713936,1
442,5692,6.953725759127219,8,0.9324075000000001,0.033173201605677605,1
443,5700,5.204970358606342,8,0.9323125,0.036121295765042305,1
444,5707,5.754221654224964,7,0.932229375,0.028826339170336723,1
445,5713,4.873568929390489,6,0.932158125,0.02700767293572426,1
446,5724,7.851009638533898,11,0.9320275,0.0304585595925649,1
447,5738,11.94786808113042,14,0.93186125,0.037486729522546135,1
448,5747,7.754611203334375,9,0.931754375,0.035045414231717587,1
449,5751,2.3967428722363344,4,0.931706875,0.02816435694694519,1
450,5761,7.3672979345797085,10,0.931588125,0.03281778345505396,1
451,5771,8.355718100247909,10,0.931469375,0.02246459387242794,1
452,5795,17.231984611436705,24,0.931184375,0.0334424776956439,1
453,5803,5.446010441926624,8,0.931089375,0.03131694346666336,1
454,5817,9.980292898795751,14,0.930923125,0.02967560663819313,1
455,5847,24.16461813876462,30,0.930566875,0.03338238304214818,0
456,5867,14.928242981946635,20,0.930329375,0.02946995198726654,1
457,5870,1.9583725634928275,3,0.93029375,0.03376020863652229,1
458,5882,8.3733132748466,12,0.93015125,0.035061350713173546,1
459,5893,8.163465616519748,11,0.930020625,0.03433067910373211,1
460,5923,23.71627041406929,30,0.929664375,0.027749487331935337,0
461,5945,17.567952534647336,22,0.929403125,0.03686499409377575,1
462,5955,7.126593253486774,10,0.9292843749999999,0.026202705688774586,1
463,5972,13.957984976931826,17,0.9290825,0.033431573584675786,1
464,5977,3.197879235872698,5,0.9290231250000001,0.03497442603111267,1
465,5991,10.227969864365432,14,0.928856875,0.030927736312150955,1
466,6014,17.451713672710312,23,0.92858375,0.1596715102593104,1
467,6017,1.9602091714909529,3,0.9285481250000001,0.12585580348968506,1
468,6032,12.078642820398532,15,0.92837,0.16928004287183285,1
469,6046,12.394723958841094,14,0.92820375,0.1065828949213028,1
470,6058,8.575394264500153,12,0.9280612500000001,0.12602865447600684,1
471,6067,6.126194371180885,9,0.927954375,0.12208763882517815,1
472,6080,9.213045517698124,13,0.9278,0.11004506051540375,1
473,6094,10.963413771431066,14,0.92763375,0.09714194635550182,1
474,6104,8.916499573896813,10,0.927515,0.11801540851593018,1
475,6134,22.76217080577718,30,0.92715875,0.09000766064439501,0
476,6156,17.684778926793125,22,0.9268975,0.10021866982181867,1
477,6186,22.167184753120576,30,0.92654125,0.09037239743130547,0
478,6190,2.5642135175608773,4,0.92649375,0.10152292251586914,1
479,6195,3.9590471683324666,5,0.926434375,0.08843900263309479,1
480,6208,10.215884366648833,13,0.92628,0.08170157670974731,1
481,6211,1.506399961345363,3,0.926244375,nan,1
482,6217,4.847478569591376,6,0.926173125,0.07055166736245155,1
483,6222,2.727272727272727,5,0.92611375,0.06724999845027924,1
484,6225,1.7953289908768333,3,0.926078125,0.0735677108168602,1
485,6237,8.485074902600456,12,0.925935625,0.08397856603066127,1
486,6258,16.49145869058956,21,0.92568625,0.07671829387545585,1
487,6264,3.4090909090909087,6,0.925615,0.12098188325762749,1
488,6266,1.2783909896727712,2,0.92559125,nan,1
489,6279,11.953209642409242,13,0.925436875,0.09494913866122563,1
490,6282,1.6000542239715385,3,0.92540125,0.13290780782699585,1
491,6300,14.213481529903522,18,0.9251875,0.09096711203455925,1
492,6302,1.0853347260686652,2,0.9251637500000001,nan,1
493,6310,5.961452948491999,8,0.92506875,0.06127864122390747,1
494,6325,12.999341447681296,15,0.924890625,0.07653230801224709,1
495,6330,3.7541898920606838,5,0.92483125,0.08938749879598618,1
496,6337,5.587723589797441,7,0.924748125,0.12164824828505516,1
497,6344,5.082392483058272,7,0.9246650000000001,0.06961190141737461,1
498,6351,5.758304962662924,7,0.924581875,0.10725624114274979,1
499,6356,4.117291968770473,5,0.9245225,0.044850436970591545,1
500,6377,14.238725715741456,21,0.924273125,0.08382034003734588,1
501,6381,2.3974713947814035,4,0.924225625,0.10823515057563782,1
502,6393,9.411201264861887,12,0.924083125,0.08232768376668294,1
503,6419,21.323679745982016,26,0.923774375,0.09035082409779231,1
504,6432,11.75038076283208,13,0.92362,0.08485457859933376,1
505,6435,1.9229140799234825,3,0.923584375,nan,1
506,6465,25.766657825036788,30,0.9232281250000001,0.08687627874314785,0
507,6467,1.1240078551770405,2,0.923204375,nan,1
508,6472,3.7923212284615007,5,0.923145,0.08522006124258041,1
509,6486,10.796763377255788,14,0.92297875,0.0831545057396094,1
510,6491,3.760353123448624,5,0.922919375,0.07624123245477676,1
511,6510,13.068912008706908,19,0.92269375,0.10268709361553192,1
512,6519,6.1696949059955,9,0.922586875,0.09105176851153374,1
513,6546,20.905085911534947,27,0.9222662500000001,0.06940595406506743,1
514,6553,5.554629770083967,7,0.922183125,0.12013053521513939,1
515,6563,7.214741876784755,10,0.922064375,0.09388473629951477,1
516,6571,5.799694892876417,8,0.921969375,0.11143884062767029,1
517,6574,1.9602091714909529,3,0.92193375,0.08845163136720657,1
518,6593,14.835803196023127,19,0.921708125,0.09476585537195206,1
519,6597,2.9592167598122607,4,0.921660625,0.08715063333511353,1
520,6601,2.784073801424773,4,0.921613125,0.13069123029708862,1
521,6619,16.046567598030656,18,0.921399375,0.09744743630290031,1
522,6621,0.9660165442504834,2,0.921375625,0.06537322700023651,1
523,6627,3.494431790317095,6,0.9213043750000001,0.08856731653213501,1
524,6638,7.585472006930175,11,0.92117375,0.0934509461124738,1
525,6650,8.733402504859463,12,0.92103125,0.08548115193843842,1
526,6657,5.764111222322865,7,0.920948125,0.11511185765266418,1
527,6670,10.413671099254266,13,0.92079375,0.10018608719110489,1
528,6681,9.005511206803611,11,0.920663125,0.08847144742806752,1
529,6692,8.07790793533023,11,0.9205325,0.09000119691093762,1
530,6700,5.2048043839025775,8,0.9204375,0.10346214845776558,1
531,6712,8.369475065759715,12,0.920295,0.09179545193910599,1
532,6742,26.84899397382824,30,0.91993875,0.0882095428449767,0
533,6765,16.44074932685119,23,0.919665625,0.07095745081702869,1
534,6773,6.85153623876771,8,0.919570625,0.09425481781363487,1
535,6782,7.761141018955149,9,0.91946375,0.09886479750275612,1
536,6812,22.76161619212576,30,0.9191075,0.0905021820217371,0
537,6818,3.9578715892440046,6,0.91903625,0.07338634133338928,1
538,6832,11.604507867446817,14,0.91887,0.06587582267820835,1
539,6841,6.482333244205737,9,0.918763125,0.08160645887255669,1
540,6852,9.957166466041883,11,0.9186325,0.08185520643989246,1
541,6866,10.77024499885335,14,0.91846625,0.09520429124434789,1
542,6875,7.953712914306165,9,0.918359375,0.11238949373364449,1
543,6882,5.794133053985601,7,0.91827625,0.09260717779397964,1
544,6912,23.95809368988895,30,0.91792,0.0900096669793129,0
545,6915,1.9602091714909529,3,0.917884375,nan,1
546,6919,2.761345535127316,4,0.917836875,0.11893909424543381,1
547,6924,3.8530276932353416,5,0.9177775,0.09224592708051205,1
548,6930,4.957168006567855,6,0.9177062500000001,0.10320184379816055,1
549,6936,4.599235983542174,6,0.917635,0.0931556299328804,1
550,6944,6.194646747809897,8,0.91754,0.12206767871975899,1
551,6960,12.61827528100449,16,0.91735,0.08000755403190851,1
552,6964,2.9592167598122607,4,0.9173025,0.09034278243780136,1
553,6969,3.597065145021234,5,0.917243125,0.07621102035045624,1
554,6987,13.26400934602803,18,0.917029375,0.07504452019929886,1
555,7002,11.371280914462439,15,0.91685125,0.09793362766504288,1
556,7017,12.164325726579058,15,0.916673125,0.28622758388519287,1
557,7020,1.7953289908768333,3,0.9166375,0.19806170463562012,1
558,7050,21.328189091422963,30,0.91628125,0.20318602451256343,0
559,7060,8.35665254496675,10,0.9161625,0.15599078933397928,1
560,7065,3.3671899923460735,5,0.916103125,0.1261277198791504,1
561,7071,4.757953414991336,6,0.916031875,0.15505748987197876,1
562,7081,8.358376483521743,10,0.915913125,0.20181130369504294,1
563,7084,1.9602091714909529,3,0.9158775,0.1582680344581604,1
564,7114,25.41729535655288,30,0.91552125,0.1488422304391861,0
565,7117,1.9602091714909529,3,0.915485625,0.1077943816781044,1
566,7123,3.543498218796011,6,0.915414375,0.17850908637046814,1
567,7125,1.2783909896727712,2,0.915390625,0.20799031853675842,1
568,7149,19.766164110970553,24,0.915105625,0.12681219478448233,1
569,7155,4.0150571321975566,6,0.915034375,0.13052323460578918,1
570,7160,3.8778310795886433,5,0.914975,0.16362883895635605,1
571,7172,7.585311918907182,12,0.9148325,0.1777267207702001,1
572,7179,4.573164102002556,7,0.914749375,0.22393979132175446,1
573,7192,11.947678447750935,13,0.914595,0.15261055529117584,1
574,7222,23.03002316743877,30,0.91423875,0.13920351330723083,0
575,7237,10.8645535153121,15,0.914060625,0.1634624172002077,1
576,7259,16.882059358256633,22,0.913799375,0.15133787393569947,1
577,7272,9.874014971435813,13,0.913645,0.18595952540636063,1
578,7275,1.9602091714909529,3,0.9136093750000001,nan,1
579,7301,20.780462798942114,26,0.913300625,0.15370704978704453,1
580,7308,4.5245238751914565,7,0.9132175,0.0913797877728939,1
581,7322,12.356847001201325,14,0.91305125,0.14371962348620096,1
582,7350,21.11123458243311,28,0.91271875,0.14374715728419168,1
583,7354,2.566053658965085,4,0.91267125,0.08416552096605301,1
584,7362,5.687495047455844,8,0.91257625,0.13935372233390808,1
585,7392,21.796813079424595,30,0.91222,0.15015185065567493,0
586,7411,16.170047951007753,19,0.911994375,0.15538858249783516,1
587,7416,3.9572063683176055,5,0.9119349999999999,0.11824668943881989,1
588,7426,6.687010602321615,10,0.91181625,0.12024039030075073,1
589,7433,5.402218106562015,7,0.911733125,0.13970442861318588,1
590,7463,21.563772465402586,30,0.911376875,0.11468661736164774,0
591,7493,22.440966052273176,30,0.911020625,0.13782422337681055,0
592,7497,2.7591154181621453,4,0.9109731249999999,0.1631554812192917,1
593,7499,0.8541666666666665,2,0.910949375,nan,1
594,7505,4.562452917575091,6,0.910878125,0.10031192377209663,1
595,7509,3.195829295517268,4,0.910830625,0.1206936314702034,1
596,7518,7.764105779842268,9,0.91072375,0.14939595013856888,1
597,7546,22.586052663275677,28,0.91039125,0.12014987745455333,1
598,7554,6.955316333989384,8,0.91029625,0.18304797261953354,1
599,7558,2.5942352256076413,4,0.91024875,0.14945924282073975,1
600,7573,12.960644896397893,15,0.910070625,0.16134563460946083,1
601,7576,1.6000371704030871,3,0.910035,0.09588716924190521,1
602,7592,12.923470178115096,16,0.909845,0.16141544468700886,1
603,7598,3.6059230090577565,6,0.90977375,0.1732795089483261,1
604,7603,2.932918046838266,5,0.909714375,0.09336307644844055,1
605,7614,8.409805398769189,11,0.90958375,0.14368304113547006,1
606,7644,21.629275175263004,30,0.9092275,0.17403990868479013,0
607,7649,2.8465909090909087,5,0.909168125,0.14256203174591064,1
608,7679,25.06132486839326,30,0.908811875,0.14416927418538503,0
609,7684,3.5584032579861944,5,0.9087525,0.12461407482624054,1
610,7694,7.329998295173604,10,0.90863375,0.12163275480270386,1
611,7699,3.1970269375533733,5,0.908574375,0.18574486672878265,1
612,7718,14.775379934588477,19,0.90834875,0.15020786821842194,1
613,7723,3.3627494453458615,5,0.9082893750000001,0.10887443274259567,1
614,7726,1.7671529078868469,3,0.90825375,0.17415425181388855,1
615,7740,10.575466717088691,14,0.9080875,0.14222635328769684,1
616,7770,21.576732363067652,30,0.90773125,0.1463945997612817,0
617,7800,23.094928072342583,30,0.907375,0.1554783396422863,0
618,7803,1.9602091714909529,3,0.9073393750000001,nan,1
619,7812,6.322282309358044,9,0.9072325,0.10698509713013966,1
620,7821,7.15745521553215,9,0.907125625,0.09570043161511421,1
621,7830,5.770473597624376,9,0.90701875,0.13745473325252533,1
622,7845,12.448174119068819,15,0.9068406250000001,0.14799726009368896,1
623,7860,10.085689238912932,15,0.9066625,0.15977543592453003,1
624,7890,26.05374722290746,30,0.90630625,0.13697293081453868,0
625,7898,4.971606741587334,8,0.90621125,0.1471831053495407,1
626,7905,5.011622579948503,7,0.906128125,0.1388707086443901,1
627,7914,6.79778828039152,9,0.90602125,0.14538395404815674,1
628,7934,13.951595523887528,20,0.90578375,0.16978046000003816,1
629,7949,12.758231787560938,15,0.905605625,0.14001155644655228,1
630,7965,13.954714909988503,16,0.9054156250000001,0.17721866071224213,1
631,7972,4.404218356326726,7,0.9053325,0.12221973016858101,1
632,7979,5.758304962662924,7,0.905249375,0.17041003704071045,1
633,7983,2.3993434037758172,4,0.905201875,0.1212981566786766,1
634,7993,8.557204797965678,10,0.905083125,0.14690508941809335,1
635,8000,4.524685462933739,7,0.905,0.17811372131109238,1
636,8017,11.985750782468626,17,0.904798125,0.3202463313937187,1
637,8047,22.432171614424448,30,0.9044418750000001,0.3034731554133551,1
638,8061,9.14880906064894,14,0.904275625,0.20351288840174675,1
639,8065,2.401173448340891,4,0.904228125,0.3302871584892273,1
640,8082,11.143661585593998,17,0.90402625,0.2773249223828316,1
641,8095,11.75928658748561,13,0.903871875,0.25371890266736347,1
642,8108,8.785088558314758,13,0.9037175,0.25069398432970047,1
643,8127,12.652859641286277,19,0.903491875,0.3135562762618065,1
644,8157,21.686528811539684,30,0.903135625,0.21575365588068962,0
645,8168,9.311993755396458,11,0.9030050000000001,0.23827555775642395,1
646,8197,23.503461912893968,29,0.902660625,0.2679024870906557,1
647,8201,2.7572907203812167,4,0.902613125,0.20744112133979797,1
648,8220,16.64401954046111,19,0.9023875,0.20224928855895996,1
649,8227,5.986003858114543,7,0.902304375,0.19613951444625854,1
650,8253,20.17963259617791,26,0.901995625,0.19408870594842093,1
651,8274,15.467083805310999,21,0.90174625,0.18928773701190948,1
652,8288,11.21211674207059,14,0.90158,0.18815413862466812,1
653,8291,1.6000371704030871,3,0.9015443750000001,nan,1
654,8321,24.460064046992134,30,0.901188125,0.16643604962155223,0
655,8329,5.091089562341154,8,0.901093125,0.15956024825572968,1
656,8336,4.693305104019636,7,0.90101,0.18527504801750183,1
657,8354,13.252885527602045,18,0.90079625,0.18075869604945183,1
658,8379,18.702434008999507,25,0.900499375,0.2240864485502243,1
659,8403,17.355656829801685,24,0.900214375,0.20068208873271942,1
660,8418,10.540539366650032,15,0.90003625,0.18487714603543282,1
661,8421,1.5982070401394535,3,0.900000625,0.31630370020866394,1
662,8425,2.566053658965085,4,0.899953125,0.21420225501060486,1
663,8429,2.3985653663433473,4,0.899905625,0.15568621456623077,1
664,8453,17.32916712259746,24,0.899620625,0.19687759379545847,1
665,8460,5.989439815306069,7,0.8995375,0.17378288507461548,1
666,8490,23.71214317209118,30,0.89918125,0.19501848412411554,0
667,8501,7.6919737524968355,11,0.899050625,0.2672800173362096,1
668,8503,0.9660165442504834,2,0.899026875,nan,1
669,8507,2.9592167598122607,4,0.898979375,0.13132727146148682,1
670,8530,19.63795762476526,23,0.89870625,0.1687257488568624,1
671,8540,6.689974708178709,10,0.8985875,0.24919328093528748,1
672,8554,11.415037741471698,14,0.89842125,0.20743046700954437,1
673,8560,4.75426666769528,6,0.89835,0.24512994289398193,1
674,8569,7.5297370729799,9,0.898243125,0.17594139277935028,1
675,8590,14.444322608570449,21,0.89799375,0.16495042145252228,1
676,8598,6.3569725133485715,8,0.89789875,0.24932144582271576,1
677,8603,3.758512897770461,5,0.897839375,0.19802242517471313,1
678,8614,8.483363516038349,11,0.89770875,0.1737844298283259,1
679,8631,14.601251341261529,17,0.897506875,0.16222297213971615,1
680,8661,21.469404190317377,30,0.897150625,0.20285575650632381,0
681,8664,1.7649228101313175,3,0.897115,0.20613211393356323,1
682,8672,4.7727272727272725,8,0.89702,0.1847628578543663,1
683,8701,20.647322717369434,29,0.896675625,0.17482311597892217,1
684,8708,4.571932816914173,7,0.8965925,0.1345571018755436,1
685,8717,7.369390710467201,9,0.896485625,0.13739974796772003,1
686,8723,4.7890992901212615,6,0.896414375,0.1840193271636963,1
687,8727,2.401173448340891,4,0.896366875,0.14983117580413818,1
688,8734,4.5709348521251965,7,0.89628375,0.22365973144769669,1
689,8736,0.8496688366553268,2,0.8962600000000001,0.18688079714775085,1
690,8758,17.32843527908807,22,0.89599875,0.20575639009475707,1
691,8769,9.052382766539683,11,0.895868125,0.20512705544630686,1
692,8776,5.754889338488178,7,0.895785,0.14655964821577072,1
693,8779,1.9602091714909529,3,0.895749375,nan,1
694,8794,10.654889833281231,15,0.89557125,0.164406917989254,1
695,8804,6.5716609655586815,10,0.8954525,0.18689309557278952,1
696,8807,1.602272727272727,3,0.895416875,nan,1
697,8834,22.52764852545692,27,0.89509625,0.1965153728212629,1
698,8841,5.129689673358858,7,0.895013125,0.13676266744732857,1
699,8857,14.122795337958651,16,0.894823125,0.20198914036154747,1
700,8862,3.56248189876368,5,0.89476375,0.17429828643798828,1
701,8866,2.9592167598122607,4,0.89471625,0.21288476884365082,1
702,8873,4.797483885278979,7,0.894633125,0.19072357565164566,1
703,8888,12.652309470380999,15,0.894455,0.17590747401118279,1
704,8899,8.924205826597936,11,0.8943243750000001,0.23733381927013397,1
705,8907,6.4478853639630485,8,0.894229375,0.2065235674381256,1
706,8919,9.792855598975965,12,0.894086875,0.22157912453015646,1
707,8935,11.720409594803817,16,0.893896875,0.23908982425928116,1
708,8946,8.852374352799652,11,0.89376625,0.1801461527744929,1
709,8962,13.633316580578155,16,0.89357625,0.214887373149395,1
710,8964,0.9660165442504834,2,0.8935525,0.19748365879058838,1
711,8981,12.189716500867148,17,0.8933506250000001,0.1932096891105175,1
712,8995,12.549824873581453,14,0.893184375,0.18484045068422952,1
713,9007,8.267220325012525,12,0.893041875,0.33061542610327405,1
714,9023,14.451262686777588,16,0.892851875,0.334331888705492,1
715,9039,11.785555214482066,16,0.892661875,0.33526477217674255,1
716,9048,6.890921490917476,9,0.892555,0.3243549515803655,1
717,9060,10.959012213979552,12,0.8924125,0.31392117341359455,1
718,9076,13.041041729885968,16,0.8922225,0.28608786314725876,1
719,9084,5.08871019809824,8,0.8921275,0.32024282217025757,1
720,9093,5.857927897926869,9,0.892020625,0.33295321464538574,1
721,9103,7.248502158272668,10,0.8919018750000001,0.25514549762010574,1
722,9112,7.593038454312943,9,0.891795,0.31821587681770325,1
723,9119,5.7883460233819815,7,0.891711875,0.1482774317264557,1
724,9124,3.3671955374040445,5,0.8916525,0.30641427636146545,1
725,9133,6.129636268580439,9,0.891545625,0.3298594057559967,1
726,9146,10.2003632446255,13,0.89139125,0.27310319244861603,1
727,9152,4.0034462613121775,6,0.89132,0.29091331362724304,1
728,9167,9.988720982857311,15,0.891141875,0.25555312633514404,1
729,9172,3.758512897770461,5,0.8910825,0.2562685012817383,1
730,9189,11.70914828258767,17,0.890880625,0.2536843977868557,1
731,9219,25.528954999178612,30,0.890524375,0.27897038417203085,0
732,9243,18.660993719295558,24,0.8902393749999999,0.2803362508614858,1
733,9253,8.19348044317294,10,0.890120625,0.2648423761129379,1
734,9283,23.393578397138814,30,0.889764375,0.26765657109873636,0
735,9303,15.012286177577627,20,0.889526875,0.2847377508878708,1
736,9314,9.197436428855308,11,0.88939625,0.34042934079964954,1
737,9319,3.196005591526292,5,0.889336875,0.21410202980041504,1
738,9349,25.926521187002653,30,0.888980625,0.27196764945983887,0
739,9363,10.057741796084075,14,0.888814375,0.2782003233830134,1
740,9376,10.36327738838921,13,0.88866,0.24372507259249687,1
741,9389,9.108214009259797,13,0.888505625,0.1937543749809265,1
742,9419,23.298514602115254,30,0.888149375,0.2844942510128021,0
743,9449,26.85314882977678,30,0.887793125,0.2361133862286806,0
744,9477,20.864907488412094,28,0.887460625,0.3076548916952951,1
745,9482,3.1997017299797106,5,0.88740125,0.21357429027557373,1
746,9487,3.9590471683324666,5,0.887341875,0.2723119258880615,1
747,9500,8.616023269184637,13,0.8871875,0.20875299721956253,1
748,9511,9.012411297071313,11,0.887056875,0.2950226068496704,1
749,9514,1.7953289908768333,3,0.88702125,0.21517372131347656,1
750,9523,7.7825580397126055,9,0.886914375,0.28306837379932404,1
751,9538,12.803944780158497,15,0.88673625,0.24982357770204544,1
752,9554,13.156375149098446,16,0.88654625,0.2157140765339136,1
753,9562,5.443957544677884,8,0.88645125,0.33009590208530426,1
754,9575,11.000655321764615,13,0.886296875,0.25301427642504376,1
755,9580,3.9553488764532077,5,0.8862375,0.2916814088821411,1
756,9588,5.801010809058651,8,0.8861425,0.39250417053699493,1
757,9591,1.6000542239715385,3,0.8861068750000001,nan,1
758,9601,6.724399773666122,10,0.885988125,0.26439157625039417,1
759,9605,2.759508927129191,4,0.885940625,0.22293473780155182,1
760,9610,3.56248189876368,5,0.88588125,0.4066658616065979,1
761,9623,10.401569376934482,13,0.885726875,0.2094110151131948,1
762,9630,5.557891237950875,7,0.8856437500000001,0.2982669696211815,1
763,9644,10.0880930002686,14,0.8854775,0.2608058787882328,1
764,9653,7.957161939125285,9,0.885370625,0.22802096605300903,1
765,9656,1.9602091714909529,3,0.885335,0.3089175522327423,1
766,9670,12.555346351334716,14,0.8851687500000001,0.2013261318206787,1
767,9687,14.962882102544807,17,0.884966875,0.1813136786222458,1
768,9703,14.205154994484953,16,0.884776875,0.27308980002999306,1
769,9705,0.9850976595546611,2,0.884753125,0.3023456335067749,1
770,9710,3.057051189737286,5,0.8846937500000001,0.16621342301368713,1
771,9732,17.337933590258896,22,0.8844325,0.2682720273733139,1
772,9743,8.691049758209285,11,0.884301875,0.28126271814107895,1
773,9749,4.959018187143877,6,0.884230625,0.311485692858696,1
774,9760,7.89675938136894,11,0.8841,0.2990420013666153,1
775,9764,2.449571571394506,4,0.8840525,0.211930513381958,1
776,9778,10.606867958575867,14,0.88388625,0.2605075885852178,1
777,9788,7.493228007294833,10,0.8837675,0.2763324975967407,1
778,9806,12.539239994418319,18,0.88355375,0.2240876890718937,1
779,9830,17.778061815784884,24,0.88326875,0.26902442922194797,1
780,9833,1.9602091714909529,3,0.8832331250000001,0.22574442625045776,1
781,9842,6.219105935452413,9,0.88312625,0.23656578361988068,1
782,9872,22.665311681388367,30,0.88277,0.25383596308529377,0
783,9877,3.5584032579861944,5,0.882710625,0.3065794110298157,1
784,9887,8.757918490298962,10,0.882591875,0.2441156730055809,1
785,9894,5.76015455078024,7,0.88250875,0.24987606704235077,1
786,9910,12.375899297117103,16,0.88231875,0.25995485484600067,1
787,9914,2.766160496208155,4,0.8822712500000001,0.3189651370048523,1
788,9944,24.724153856074288,30,0.881915,0.25428351014852524,0
789,9956,9.20020987950261,12,0.8817725,0.32708534101645154,1
790,9977,16.607146455551643,21,0.881523125,0.24720509052276612,1
791,9982,3.1997017299797106,5,0.88146375,0.27423080801963806,1
792,9989,4.526200456064277,7,0.881380625,0.20258118957281113,1
793,9994,3.4024166792303987,5,0.8813212500000001,0.09774592518806458,1
794,9999,2.982049939118906,5,0.881261875,0.2888087034225464,1
795,10003,2.401190587607902,4,0.881214375,0.159663587808609,1
796,10009,4.250078472152802,6,0.881143125,0.46837908029556274,1
797,10015,4.959018187143877,6,0.881071875,0.3510966897010803,1
798,10018,1.5982070401394535,3,0.88103625,0.39575812220573425,1
799,10024,4.756119597166153,6,0.880965,0.5025608092546463,1
800,10045,17.154286229709225,21,0.880715625,0.42841415405273436,1
801,10061,14.75671112412637,16,0.880525625,0.37997400015592575,1
802,10064,1.9602091714909529,3,0.88049,0.31754493713378906,1
803,10078,10.061266419137901,14,0.88032375,0.35397480924924213,1
804,10086,5.600131583787751,8,0.88022875,0.40104642510414124,1
805,10116,23.735751120956817,30,0.8798725000000001,0.34600725024938583,0
806,10146,22.590760542661346,30,0.87951625,0.3898306701864515,0
807,10164,15.605205933864656,18,0.8793025,0.35666096210479736,1
808,10175,7.98987960001413,11,0.8791718749999999,0.3346553146839142,1
809,10181,4.955064039787177,6,0.879100625,0.24563413858413696,1
810,10188,5.168302415407052,7,0.8790175,0.2764461040496826,1
811,10206,16.52016426181502,18,0.87880375,0.3292537033557892,1
812,10220,10.76447101454366,14,0.8786375,0.2504012919962406,1
813,10227,4.267503776925867,7,0.878554375,0.2168901115655899,1
814,10257,20.975131028604252,30,0.8781981249999999,0.283016761764884,0
815,10287,23.360259451630053,30,0.877841875,0.3371031582355499,0
816,10293,3.8484841289083187,6,0.877770625,0.34417615830898285,1
817,10301,6.082194085388797,8,0.877675625,0.24576321244239807,1
818,10311,6.341045525439072,10,0.877556875,0.3007414638996124,1
819,10326,10.970814257416949,15,0.87737875,0.33296504244208336,1
820,10334,6.5532522907464115,8,0.87728375,0.37588945031166077,1
821,10341,5.76015455078024,7,0.877200625,0.3140292465686798,1
822,10365,18.309737822814665,24,0.876915625,0.3226150721311569,1
823,10379,10.960843473791439,14,0.8767493749999999,0.32400767505168915,1
824,10382,1.7649228101313175,3,0.87671375,0.35827329754829407,1
825,10402,14.073124074574926,20,0.87647625,0.32913642525672915,1
826,10410,5.717518697565581,8,0.87638125,0.2762417197227478,1
827,10415,3.3627494453458615,5,0.876321875,0.19948014616966248,1
828,10436,14.883507451294316,21,0.8760725,0.36225074529647827,1
829,10445,6.128437923461156,9,0.875965625,0.2860243618488312,1
830,10460,12.798108228725138,15,0.8757874999999999,0.3779381103813648,1
831,10465,3.3979645551450064,5,0.875728125,0.3161810040473938,1
832,10483,15.765831411471865,18,0.8755143750000001,0.2933981865644455,1
833,10503,15.34707495928865,20,0.875276875,0.2810328960418701,1
834,10508,3.758512897770461,5,0.8752175,0.3728715032339096,1
835,10522,12.197160831502542,14,0.8750512500000001,0.35794445872306824,1
836,10541,15.004255530429843,19,0.8748256249999999,0.3307715207338333,1
837,10553,9.65248297855551,12,0.874683125,0.35482242703437805,1
838,10562,6.397942639607976,9,0.87457625,0.3940632939338684,1
839,10568,4.359539621622558,6,0.874505,0.354958638548851,1
840,10581,10.009870624429203,13,0.8743506249999999,0.35139863689740497,1
841,10590,6.802340730977187,9,0.87424375,0.3451329618692398,1
842,10597,5.7922828427609305,7,0.874160625,0.36926916241645813,1
843,10627,22.8793598336425,30,0.873804375,0.29098398983478546,0
844,10657,21.38925544714263,30,0.873448125,0.300927659496665,0
845,10664,6.072672436617236,7,0.873365,0.35396653413772583,1
846,10688,18.190449873975364,24,0.8730800000000001,0.2556261171897252,1
847,10699,8.484512996434248,11,0.872949375,0.22021380811929703,1
848,10706,5.19856849030613,7,0.87286625,0.3878544420003891,1
849,10710,2.5660591737676812,4,0.87281875,0.3729002773761749,1
850,10717,5.516031443058656,7,0.872735625,0.38488180935382843,1
851,10735,12.320850946394268,18,0.872521875,0.3381788171827793,1
852,10743,5.7969350274447535,8,0.8724268749999999,0.36978718638420105,1
853,10749,3.8818646530760104,6,0.872355625,0.2707263231277466,1
854,10757,5.994025055456767,8,0.872260625,0.3645485192537308,1
855,10763,4.565277519895569,6,0.872189375,0.2081426978111267,1
856,10791,20.38698496003537,28,0.871856875,0.35866270320756094,1
857,10803,10.754357474095013,12,0.871714375,0.42264748613039654,1
858,10825,15.815144408371573,22,0.8714531249999999,0.3135882193843524,1
859,10842,12.25212135717132,17,0.87125125,0.3985101729631424,1
860,10848,3.912218961542147,6,0.8711800000000001,0.32261182367801666,1
861,10863,11.094459129972856,15,0.871001875,0.32833810647328693,1
862,10866,2.1192245454270284,3,0.8709662499999999,0.3858463168144226,1
863,10874,6.389699529888645,8,0.87087125,0.37453800439834595,1
864,10893,13.299851687289802,19,0.870645625,0.335113936662674,1
865,10906,8.971661680240869,13,0.8704912499999999,0.3680594166119893,1
866,10918,8.925375678134603,12,0.87034875,0.3231302897135417,1
867,10923,3.200093155571793,5,0.870289375,0.3455734848976135,1
868,10927,2.7943365791981405,4,0.870241875,0.17461790144443512,1
869,10947,16.09036270592126,20,0.8700043749999999,0.3757659763097763,1
870,10953,4.959018187143877,6,0.869933125,0.3438659906387329,1
871,10977,20.930625119152097,24,0.869648125,0.34640274941921234,1
872,10997,18.837140488489293,20,0.869410625,0.36566307544708254,1
873,11003,4.557413660249761,6,0.869339375,0.2750687599182129,1
874,11007,2.3989273212049906,4,0.869291875,0.6783004999160767,1
875,11012,3.9572063683176055,5,0.8692325000000001,0.3810737729072571,1
876,11028,11.327940318149533,16,0.8690424999999999,0.4126199409365654,1
877,11041,10.163236785896403,13,0.868888125,0.5322488049666086,1
878,11071,23.430600142751583,30,0.868531875,0.3968107189450945,0
879,11084,9.772722553231654,13,0.8683775,0.4524160102009773,1
880,11092,6.754231926412366,8,0.8682825000000001,0.3757472187280655,1
881,11121,22.338845908810942,29,0.867938125,0.3657263559954507,1
882,11128,5.390609685980722,7,0.867855,0.4104752093553543,1
883,11132,2.1317816832019028,4,0.8678075000000001,0.60301673412323,1
884,11139,4.52153672672978,7,0.867724375,0.44092798233032227,1
885,11151,8.845963768681036,12,0.867581875,0.2908112456401189,1
886,11167,12.089529312803055,16,0.867391875,0.43194758892059326,1
887,11192,20.699785260230488,25,0.867095,0.33134065355573383,1
888,11212,15.182100153329294,20,0.8668575000000001,0.40315900444984437,1
889,11224,8.653391974831091,12,0.866715,0.3378901183605194,1
890,11236,8.047084355509,12,0.8665725,0.4393995702266693,1
891,11240,2.8511956034135375,4,0.866525,0.41354894638061523,1
892,11245,3.276053407425823,5,0.866465625,0.33416780829429626,1
893,11249,2.998939866501053,4,0.866418125,0.3712133467197418,1
894,11269,17.788692922308854,20,0.866180625,0.39189807176589964,1
895,11299,20.770490668189794,30,0.865824375,0.44275227401937756,0
896,11303,2.925058966403997,4,0.865776875,0.37170225381851196,1
897,11309,3.72996508099898,6,0.865705625,0.4509390592575073,1
898,11313,2.3989273212049906,4,0.865658125,0.4260135293006897,1
899,11316,1.7671529078868469,3,0.8656225,0.6161025762557983,1
900,11336,17.39361885808361,20,0.8653850000000001,0.3432601153850555,1
901,11343,5.562447965030936,7,0.865301875,0.3839779198169708,1
902,11349,4.357701813984799,6,0.865230625,0.4407687336206436,1
903,11361,9.375578715395076,12,0.865088125,0.47056026260058087,1
904,11375,11.318144222686838,14,0.8649218750000001,0.2990426222483317,1
905,11377,1.2765543816746459,2,0.8648981250000001,0.3430822491645813,1
906,11385,6.250278285071928,8,0.864803125,0.4793901741504669,1
907,11396,9.358361039640451,11,0.8646725,0.36808931827545166,1
908,11404,6.559450017505153,8,0.8645775,0.40759138762950897,1
909,11417,8.811363730412124,13,0.8644231250000001,0.32783884803454083,1
910,11421,2.596465354513197,4,0.864375625,0.5037022233009338,1
911,11431,6.8524636890102455,10,0.864256875,0.32109203934669495,1
912,11442,8.805264718565837,11,0.86412625,0.4608015815416972,1
913,11451,5.7727149703666365,9,0.864019375,0.3855455219745636,1
914,11467,14.166562547905235,16,0.863829375,0.49538636207580566,1
915,11489,16.819135859462758,22,0.863568125,0.41641077895959216,1
916,11500,8.444601950763152,11,0.8634375000000001,0.29412635167439777,1
917,11508,6.358521087849453,8,0.8633425,0.4368513971567154,1
918,11526,13.253062625975435,18,0.86312875,0.4438561797142029,1
919,11528,1.1211282096181674,2,0.863105,0.5478317737579346,1
920,11551,17.13902994419091,23,0.862831875,0.362696635723114,1
921,11562,8.404673207462096,11,0.86270125,0.2813996970653534,1
922,11571,6.135768416428355,9,0.862594375,0.3301379829645157,1
923,11581,8.592557201604876,10,0.8624756250000001,0.4525335331757863,1
924,11586,3.0491812523599235,5,0.86241625,0.2537829279899597,1
925,11592,4.555309234028456,6,0.862345,0.40834300220012665,1
926,11601,6.964049409961881,9,0.862238125,0.484475314617157,1
927,11608,5.557538962684738,7,0.862155,0.3125655800104141,1
928,11611,2.277398577994079,3,0.862119375,nan,1
929,11629,14.56207446427409,18,0.861905625,0.35437109470367434,1
930,11641,8.64777412678442,12,0.861763125,0.3974567651748657,1
931,11656,14.114158077878809,15,0.861585,0.3960445374250412,1
932,11677,16.62848473973495,21,0.861335625,0.404490464925766,1
933,11683,4.593073234377216,6,0.861264375,0.419450044631958,1
934,11692,6.053496017334391,9,0.8611575,0.4519479274749756,1
935,11698,4.987566384573997,6,0.86108625,0.3081512451171875,1
936,11714,13.800684978474097,16,0.86089625,0.3874474987387657,1
937,11722,6.947681845732019,8,0.86080125,0.4366036653518677,1
938,11726,2.957376534134098,4,0.86075375,0.4010099172592163,1
939,11739,10.969258178731144,13,0.860599375,0.5122957626978556,1
940,11743,2.520508769426084,4,0.8605518750000001,0.3801179826259613,1
941,11747,2.281855352221269,4,0.860504375,0.402925968170166,1
942,11777,22.988310591798435,30,0.860148125,0.41177258267998695,0
943,11780,1.5974290027069837,3,0.8601125000000001,0.4641132652759552,1
944,11786,4.5671272683647235,6,0.86004125,0.37618905305862427,1
945,11788,1.0018554936812591,2,0.8600175,0.4493617117404938,1
946,11807,14.853347063942657,19,0.859791875,0.4473270922899246,1
947,11809,0.9660165442504834,2,0.859768125,0.42754843831062317,1
948,11833,18.371890783312796,24,0.859483125,0.4164183735847473,1
949,11842,6.413963411642583,9,0.85937625,0.32546765357255936,1
950,11852,8.758307690538242,10,0.8592575,0.37784555554389954,1
951,11857,3.1985928590312933,5,0.859198125,0.3351781964302063,1
952,11867,7.950103567237666,10,0.859079375,0.35412509739398956,1
953,11893,20.930168883777615,26,0.858770625,0.40208446979522705,1
954,11906,10.639975856736257,13,0.85861625,0.40070943037668866,1
955,11922,12.567359846765598,16,0.85842625,0.34355828911066055,1
956,11930,5.567356729243025,8,0.85833125,0.4088287502527237,1
957,11938,6.752883622293844,8,0.85823625,0.42078934609889984,1
958,11949,8.410781223699594,11,0.858105625,0.45587291320164997,1
959,11959,8.360601607326458,10,0.857986875,0.3474925756454468,1
960,11966,6.07489417855675,7,0.85790375,0.3498465418815613,1
961,11983,12.09764712830223,17,0.8577018750000001,0.44650541990995407,1
962,11987,2.3967428722363344,4,0.857654375,0.4465787410736084,1
963,11997,7.841305303155518,10,0.857535625,0.455890695254008,1
964,12013,13.992657067869377,16,0.857345625,0.5203282460570335,1
965,12028,10.15444682140985,15,0.8571675,0.5749253407120705,1
966,12055,19.07599483683545,27,0.856846875,0.5113188624382019,1
967,12085,21.065116733450413,30,0.856490625,0.5456591248512268,0
968,12092,5.754486910267349,7,0.8564075,0.31341367959976196,1
969,12100,6.557236328428973,8,0.8563125,0.500240296125412,1
970,12116,11.027037840639535,16,0.8561225,0.42295631766319275,1
971,12124,6.957162188088722,8,0.8560275,0.44883762300014496,1
972,12132,4.971578606730272,8,0.8559325,0.3400305509567261,1
973,12142,7.516864851595411,10,0.85581375,0.6838233768939972,1
974,12160,12.978922788525258,18,0.8556,0.47031822204589846,1
975,12179,15.690555463690304,19,0.855374375,0.4242280274629593,1
976,12204,18.623285059221267,25,0.8550775,0.4419809366975512,1
977,12212,6.873459470755549,8,0.8549825,0.44521522521972656,1
978,12223,9.159672779931766,11,0.854851875,0.45230039954185486,1
979,12232,6.644867926661366,9,0.854745,0.4026498943567276,1
980,12235,1.9602091714909529,3,0.854709375,nan,1
981,12239,2.7572907203812167,4,0.854661875,0.3227871060371399,1
982,12269,22.211499913157525,30,0.854305625,0.47587233409285545,0
983,12287,15.366939401297685,18,0.8540918750000001,0.4956841319799423,1
984,12294,5.7904333373368395,7,0.85400875,0.559908390045166,1
985,12296,1.1962425239963657,2,0.853985,0.3673305809497833,1
986,12319,17.55322113062253,23,0.853711875,0.5133763253688812,1
987,12325,4.359539621622558,6,0.853640625,0.36174312233924866,1
988,12343,13.295630041491949,18,0.853426875,0.4945845827460289,1
989,12364,17.68342965254556,21,0.8531775,0.3179433271288872,1
990,12366,0.9660165442504834,2,0.85315375,nan,1
991,12389,16.34696343247825,23,0.8528806250000001,0.3824884295463562,1
992,12393,2.957376534134098,4,0.852833125,0.17865698039531708,1
993,12397,2.874740093117797,4,0.852785625,0.6240024566650391,1
994,12427,22.264629643814388,30,0.852429375,0.40897724883896963,0
995,12445,12.463910930033435,18,0.852215625,0.46615113615989684,1
996,12450,3.75812300647113,5,0.85215625,0.21953225135803223,1
997,12465,14.193684160613495,15,0.851978125,0.4237094298005104,1
998,12472,4.639689771062186,7,0.851895,0.41916368901729584,1
999,12485,10.359705662578389,13,0.851740625,0.40169628461201984,1
1000,12515,23.112453254199316,30,0.851384375,0.48535639473370146,0
1001,12525,7.7648266350086175,10,0.851265625,0.48935574293136597,1
1002,12543,16.589461000386933,18,0.851051875,0.4726346284151077,1
1003,12556,9.374847198124051,13,0.8508975,0.3526912033557892,1
1004,12563,5.247995980237449,7,0.850814375,0.46038079261779785,1
1005,12570,5.205268444418228,7,0.85073125,0.4852341115474701,1
1006,12589,13.101187962757086,19,0.850505625,0.4851350963115692,1
1007,12609,14.554776587510993,20,0.850268125,0.5472322940826416,1
1008,12639,21.066382221862423,30,0.849911875,0.35327196546963285,0
1009,12646,4.287735246387206,7,0.84982875,0.4320031702518463,1
1010,12649,1.7953289908768333,3,0.849793125,0.6371580362319946,1
1011,12652,1.6000371704030871,3,0.8497574999999999,0.43926793336868286,1
1012,12664,8.726461159111032,12,0.849615,0.4502931535243988,1
1013,12668,2.761345535127316,4,0.8495675,0.22864630818367004,1
1014,12675,5.7922828427609305,7,0.849484375,0.34559136629104614,1
1015,12688,9.218193994690408,13,0.84933,0.5685040354728699,1
1016,12700,8.051355204526443,12,0.8491875,0.2527369757493337,1
1017,12724,18.534702509278365,24,0.8489025,0.4292714943488439,1
1018,12732,6.209159574218015,8,0.8488074999999999,0.4176090806722641,1
1019,12739,5.999483854610303,7,0.848724375,0.5766009092330933,1
1020,12745,4.400025776490735,6,0.848653125,0.6638467907905579,1
1021,12749,3.1205497226643177,4,0.848605625,0.5538564920425415,1
1022,12763,9.388606114436287,14,0.848439375,0.45432449380556744,1
1023,12767,2.759508927129191,4,0.848391875,0.5504262447357178,1
1024,12772,3.1997017299797106,5,0.8483325,0.493549644947052,1
1025,12777,3.054832503532826,5,0.848273125,0.5079236030578613,1
1026,12781,2.5642135175608773,4,0.848225625,0.36534035205841064,1
1027,12785,2.4011735340394504,4,0.848178125,0.3985009491443634,1
1028,12799,9.959504850337133,14,0.848011875,0.4648274580637614,1
1029,12807,6.673896208242747,8,0.847916875,0.6551306843757629,1
1030,12810,2.1206341138986122,3,0.84788125,0.4317871630191803,1
1031,12817,4.764366583785107,7,0.847798125,0.4898146390914917,1
1032,12841,21.196157890850007,24,0.847513125,0.4664885054032008,1
1033,12871,22.758184340550237,30,0.847156875,0.4438836744853428,0
1034,12874,1.6000371704030871,3,0.84712125,0.5500779151916504,1
1035,12878,2.5682892715232106,4,0.8470737500000001,0.3388579189777374,1
1036,12883,2.8127770448211864,5,0.847014375,0.4828106462955475,1
1037,12905,17.135165123154025,22,0.846753125,0.4627792884906133,1
1038,12909,2.7591154181621453,4,0.846705625,0.5157555341720581,1
1039,12922,10.770983995067844,13,0.84655125,0.5002800722916921,1
1040,12940,14.686096664386955,18,0.8463375,0.4353785812854767,1
1041,12950,8.394919832169805,10,0.84621875,0.40639033913612366,1
1042,12962,10.407983309351636,12,0.84607625,0.4511384665966034,1
1043,12967,3.758512897770461,5,0.846016875,0.42403048276901245,1
1044,12975,6.6523380739287195,8,0.8459218749999999,0.3779270648956299,1
1045,12979,2.396747833339994,4,0.845874375,0.31732916831970215,1
1046,12982,1.9602091714909529,3,0.84583875,0.43332451581954956,1
1047,12991,7.952118745194753,9,0.845731875,0.46584057807922363,1
1048,13021,26.36122459185271,30,0.845375625,0.5459306351840496,0
1049,13028,5.557393685028869,7,0.8452925,0.642183780670166,1
1050,13036,6.396526248307878,8,0.8451975,0.6689470112323761,1
1051,13055,13.833910915616928,19,0.8449718749999999,0.6311969831585884,1
1052,13062,4.8865260065593805,7,0.84488875,0.4609218239784241,1
1053,13071,7.399767326438427,9,0.844781875,0.5532387793064117,1
1054,13101,22.07672608321824,30,0.844425625,0.5134519450366497,0
1055,13104,1.9602091714909529,3,0.84439,0.4810227155685425,1
1056,13111,5.7566290850271615,7,0.844306875,0.5904309749603271,1
1057,13117,4.790702039089065,6,0.844235625,0.5440093576908112,1
1058,13119,1.1985551664893401,2,0.8442118750000001,nan,1
1059,13126,5.95717232116616,7,0.84412875,0.42389100790023804,1
1060,13156,23.33163453693304,30,0.8437725,0.5051358342170715,1
1061,13172,11.898869848797553,16,0.8435825,0.4545563533902168,1
1062,13183,9.360606513302438,11,0.843451875,0.46890896558761597,1
1063,13195,10.549954790879333,12,0.843309375,0.5012161731719971,1
1064,13225,20.539857367709757,30,0.842953125,0.4504677299410105,0
1065,13232,4.766197411907049,7,0.84287,0.6208588182926178,1
1066,13247,13.546878103982442,15,0.842691875,0.55299045642217,1
1067,13250,1.9583725634928275,3,0.84265625,0.7360113859176636,1
1068,13280,22.29126457748949,30,0.8423,0.44158537313342094,0
1069,13284,2.0454545454545454,4,0.8422525000000001,0.5876549482345581,1
1070,13314,24.818124158975824,30,0.84189625,0.5778211014611381,0
1071,13322,6.404304541015858,8,0.8418012500000001,0.4592323303222656,1
1072,13341,17.129090886459394,19,0.8415756249999999,0.5110987603664399,1
1073,13353,9.058105069943796,12,0.841433125,0.3460042178630829,1
1074,13360,5.601084143303932,7,0.84135,0.48169711232185364,1
1075,13363,1.9583725634928275,3,0.8413143750000001,nan,1
1076,13385,16.99263016313539,22,0.841053125,0.5323415646950403,1
1077,13399,10.95596517636285,14,0.840886875,0.5321397284666697,1
1078,13417,13.374249291187821,18,0.840673125,0.6110653400421142,1
1079,13431,9.760944222255825,14,0.840506875,0.6044724782307943,1
1080,13445,10.25127681096093,14,0.8403406250000001,0.6654007807374,1
1081,13453,4.889826951244265,8,0.840245625,0.6572738885879517,1
1082,13483,22.062978156193417,30,0.839889375,0.45611571839877535,1
1083,13494,9.95532059764837,11,0.83975875,0.517861008644104,1
1084,13501,5.76015455078024,7,0.839675625,0.7704052627086639,1
1085,13508,4.410961233699363,7,0.8395925,0.366671547293663,1
1086,13538,23.100860979092538,30,0.83923625,0.4210871032306126,1
1087,13542,2.3993286500746023,4,0.83918875,0.5501140356063843,1
1088,13559,13.073164375786908,17,0.838986875,0.4839451089501381,1
1089,13565,4.757953414991336,6,0.838915625,0.3882826715707779,1
1090,13573,5.994443992539649,8,0.838820625,0.6276266276836395,1
1091,13579,4.35733173902838,6,0.838749375,0.34752345085144043,1
1092,13589,6.572887903512897,10,0.838630625,0.48316943645477295,1
1093,13606,12.26504763262374,17,0.8384287500000001,0.5392888635396957,1
1094,13608,1.2765543816746459,2,0.8384050000000001,0.4284178614616394,1
1095,13613,4.277200005325695,5,0.838345625,0.5557724237442017,1
1096,13617,2.566053658965085,4,0.838298125,0.24252429604530334,1
1097,13621,2.401173448340891,4,0.838250625,0.49541521072387695,1
1098,13626,3.0522362286564477,5,0.8381912499999999,0.5677860975265503,1
1099,13656,23.649972391238528,30,0.837835,0.4693332239985466,0
1100,13673,13.881906772538288,17,0.837633125,0.5868861824274063,1
1101,13683,6.654939148906251,10,0.837514375,0.6746374368667603,1
1102,13698,11.762537206706819,15,0.83733625,0.4759083390235901,1
1103,13706,5.182203526312288,8,0.8372412499999999,0.44934068620204926,1
1104,13724,15.132067313859757,18,0.8370275,0.5853980898857116,1
1105,13730,4.555573783235652,6,0.8369562500000001,0.48982471227645874,1
1106,13743,9.21264570382972,13,0.836801875,0.3891017387310664,1
1107,13749,3.851157156964646,6,0.836730625,0.5152811110019684,1
1108,13761,9.954306670440952,12,0.836588125,0.5321472982565562,1
1109,13782,16.88591467551121,21,0.83633875,0.5095273643732071,1
1110,13786,2.3974713947814035,4,0.83629125,0.4251718521118164,1
1111,13790,2.761345535127316,4,0.83624375,0.23888511955738068,1
1112,13805,11.61434813437092,15,0.836065625,0.557354249060154,1
1113,13816,9.561285111317378,11,0.835935,0.6367985407511393,1
1114,13831,11.046542294772667,15,0.835756875,0.5265239973862966,1
1115,13855,19.119067740079377,24,0.835471875,0.5521404246489207,1
1116,13871,11.50393971841236,16,0.835281875,0.4659929424524307,1
1117,13896,21.27426251977197,25,0.834985,0.5956888922623226,1
1118,13899,1.5982070401394535,3,0.834949375,nan,1
1119,13905,4.164614139753542,6,0.834878125,0.4282563030719757,1
1120,13935,22.480741153440096,30,0.8345218750000001,0.5798957943916321,0
1121,13942,5.589596641773364,7,0.83443875,0.5104259252548218,1
1122,13957,11.140363442753335,15,0.834260625,0.5905152261257172,1
1123,13965,6.790169041345663,8,0.834165625,0.5575960874557495,1
1124,13976,8.481172502155488,11,0.8340350000000001,0.49094579617182416,1
1125,13992,11.146725930401722,16,0.833845,0.5186748951673508,1
1126,14004,8.815191389881225,12,0.8337025,0.7388488451639811,1
1127,14023,14.13608436950802,19,0.833476875,0.7795414850115776,1
1128,14053,20.9492097924234,30,0.8331206250000001,0.6436753012239933,0
1129,14059,4.478073098039533,6,0.833049375,0.5303943157196045,1
1130,14089,20.852968926426048,30,0.832693125,0.5731098018586636,0
1131,14106,13.762421621911164,17,0.83249125,0.5674912557005882,1
1132,14120,9.546606196805621,14,0.832325,0.3821340501308441,1
1133,14135,11.443669612596988,15,0.8321468750000001,0.6716961661974589,1
1134,14138,2.0478800707956215,3,0.8321112500000001,0.5904924869537354,1
1135,14151,9.812567564300853,13,0.831956875,0.5992610057195028,1
1136,14162,9.758303815693608,11,0.83182625,0.42638348539670307,1
1137,14169,5.358187809528297,7,0.831743125,0.7378300428390503,1
1138,14182,10.452688121495605,13,0.83158875,0.6494445900122324,1
1139,14185,1.9602091714909529,3,0.831553125,0.56503826379776,1
1140,14197,7.936627774190098,12,0.831410625,0.6231767336527506,1
1141,14205,6.561319049273667,8,0.831315625,0.6436298787593842,1
1142,14216,7.929798209950674,11,0.8311850000000001,0.5889416535695394,1
1143,14232,11.942066621677673,16,0.830995,0.5958731770515442,1
1144,14255,16.485838823009612,23,0.830721875,0.5383532881736756,1
1145,14280,20.326944743516705,25,0.830425,0.6090380081108638,1
1146,14291,7.694461190693238,11,0.830294375,0.7217828035354614,1
1147,14308,13.888491079551166,17,0.8300925,0.552777224779129,1
1148,14313,3.4743050609264374,5,0.830033125,0.3343742787837982,1
1149,14318,3.214897722553548,5,0.82997375,0.4173808693885803,1
1150,14322,2.9592167598122607,4,0.82992625,0.5127242803573608,1
1151,14352,21.368424933598657,30,0.82957,0.6429024264216423,0
1152,14360,6.522732995752799,8,0.829475,0.46032261848449707,1
1153,14370,7.7619544520655985,10,0.82935625,0.589142382144928,1
1154,14400,24.36928383111065,30,0.829,0.6645691469311714,0
1155,14413,11.356748562842618,13,0.828845625,0.5803069472312927,1
1156,14419,5.074256071826679,6,0.8287743750000001,0.9981333017349243,1
1157,14424,3.202326951244266,5,0.828715,0.6835376620292664,1
1158,14443,16.786349173993774,19,0.828489375,0.5026127696037292,1
1159,14446,1.5982070401394535,3,0.82845375,0.49477702379226685,1
1160,14467,19.311207034273888,21,0.828204375,0.6877602159976959,1
1161,14475,6.794132207654073,8,0.828109375,0.39029794931411743,1
1162,14491,13.878219406394377,16,0.827919375,0.5026187747716904,1
1163,14505,9.855857100707377,14,0.827753125,0.596830204129219,1
1164,14513,6.3965753727381225,8,0.827658125,0.621005654335022,1
1165,14531,15.765830395797732,18,0.827444375,0.5163270235061646,1
1166,14540,7.951358371068552,9,0.8273375000000001,0.4244301418463389,1
1167,14570,22.520758897718718,30,0.82698125,0.6944639257022313,0
1168,14581,9.362421479177284,11,0.8268506250000001,0.5061105440060297,1
1169,14602,14.946579314193874,21,0.82660125,0.46541022062301635,1
1170,14631,20.202044835522926,29,0.826256875,0.5886244390692029,1
1171,14639,5.9219145572559455,8,0.826161875,0.7653042674064636,1
1172,14648,6.535212399962686,9,0.826055,0.34337761501471203,1
1173,14660,9.791861945279386,12,0.8259125,0.6204000612099966,1
1174,14690,25.9225805497696,30,0.82555625,0.5514650515147618,1
1175,14701,7.6994690713837715,11,0.825425625,0.5937952200571696,1
1176,14731,24.401646195548985,30,0.825069375,0.6274312649454389,0
1177,14744,8.494924207609717,13,0.8249150000000001,0.7001223489642143,1
1178,14773,19.91116396180648,29,0.824570625,0.5885356153760638,1
1179,14782,6.809383205957397,9,0.82446375,0.48165862262248993,1
1180,14803,16.990327190268452,21,0.824214375,0.4722370207309723,1
1181,14830,20.272475768638184,27,0.82389375,0.5189797622816903,1
1182,14843,11.20568223815106,13,0.823739375,0.3670594294865926,1
1183,14849,4.754290537047201,6,0.823668125,0.6148091554641724,1
1184,14856,4.52260171814956,7,0.823585,0.751645416021347,1
1185,14873,13.400436236536235,17,0.823383125,0.6459663212299347,1
1186,14878,3.202326951244266,5,0.82332375,0.5560985207557678,1
1187,14891,8.579661203313659,13,0.823169375,0.6169519424438477,1
1188,14905,10.130220720030225,14,0.8230031250000001,0.6458517536520958,1
1189,14916,9.390866631189919,11,0.8228725,0.5631482005119324,1
1190,14941,20.96269188087298,25,0.822575625,0.7062556346257528,1
1191,14949,5.600131583787751,8,0.8224806250000001,0.6349292099475861,1
1192,14979,22.25051423438499,30,0.822124375,0.5501061805656978,0
1193,14991,8.935313529847164,12,0.821981875,0.5273331801096598,1
1194,14997,4.12405429775875,6,0.821910625,0.5739201903343201,1
1195,15002,3.5584103692171425,5,0.82185125,0.7951518893241882,1
1196,15032,20.6261617039751,30,0.821495,0.6792786009609699,0
1197,15058,21.743996096133145,26,0.82118625,0.5954443067312241,1
1198,15084,19.308808165650852,26,0.8208775,0.6171394543988364,1
1199,15097,8.853511184647752,13,0.820723125,0.6191512147585551,1
1200,15121,18.38561177352687,24,0.820438125,0.6564394136269888,1
1201,15128,5.160674110165148,7,0.8203550000000001,0.4356427490711212,1
1202,15135,4.287521748672921,7,0.820271875,0.38681626319885254,1
1203,15150,12.158094679814047,15,0.8200937500000001,0.7130682021379471,1
1204,15163,10.258063940850375,13,0.819939375,0.5374742547671,1
1205,15171,6.356160574626503,8,0.819844375,0.5724271088838577,1
1206,15179,6.681372753788109,8,0.819749375,0.5621754974126816,1
1207,15204,22.358191481932874,25,0.8194525,0.6322376089436668,1
1208,15223,15.807809029456767,19,0.819226875,0.43897487223148346,1
1209,15230,4.559696446637048,7,0.8191437500000001,0.5908440351486206,1
1210,15244,9.4160032482085,14,0.8189775,0.6387740522623062,1
1211,15249,3.3991743146036217,5,0.818918125,0.6383403539657593,1
1212,15270,15.401793556068625,21,0.8186687500000001,0.7672918915748597,1
1213,15280,8.101807421337952,10,0.81855,0.6171862880388895,1
1214,15310,24.14369913807485,30,0.81819375,0.5030119546822139,0
1215,15313,1.989430498320539,3,0.818158125,0.5626488924026489,1
1216,15340,20.86314608132865,27,0.8178375,0.6449445400919233,1
1217,15347,5.756090615959968,7,0.817754375,0.3836774230003357,1
1218,15352,3.1985928590312933,5,0.8176950000000001,0.5745507776737213,1
1219,15382,22.402917384289548,30,0.81733875,0.628289886883327,0
1220,15395,10.503585707240232,13,0.817184375,0.5812995334466299,1
1221,15404,6.317772996664934,9,0.8170775,0.5871509710947672,1
1222,15428,18.806801890093467,24,0.8167925,0.5960276424884796,1
1223,15435,5.19856849030613,7,0.816709375,0.437156081199646,1
1224,15442,4.79607075588213,7,0.81662625,0.5076615512371063,1
1225,15472,22.129348440950398,30,0.81627,0.5666707530617714,0
1226,15479,5.921107072778588,7,0.816186875,0.5164809226989746,1
1227,15481,0.9893852557928039,2,0.816163125,0.983295202255249,1
1228,15507,19.28597177433555,26,0.815854375,0.5776869157950083,1
1229,15509,1.0508547873237735,2,0.815830625,0.5533308982849121,1
1230,15517,6.082351178736862,8,0.815735625,0.32427698373794556,1
1231,15542,17.75907724888453,25,0.81543875,0.5504460434118906,1
1232,15560,13.892398616407236,18,0.815225,0.6143434762954711,1
1233,15571,9.676522663166157,11,0.815094375,0.47488024830818176,1
1234,15575,2.957376534134098,4,0.815046875,0.8401891589164734,1
1235,15599,17.228489136414513,24,0.814761875,0.6104176640510559,1
1236,15603,2.3985653663433473,4,0.814714375,0.7374544143676758,1
1237,15609,4.200436512345895,6,0.814643125,0.5998704880475998,1
1238,15611,0.9163888583212717,2,0.814619375,nan,1
1239,15621,8.157227100329107,10,0.814500625,0.5600033601125082,1
1240,15639,13.287423257915668,18,0.814286875,0.6406349390745163,1
1241,15663,19.132564881045734,24,0.814001875,0.5601280281941096,1
1242,15676,10.954830036496126,13,0.8138475000000001,0.4945874288678169,1
1243,15692,11.179034609255432,16,0.8136575,0.5557493418455124,1
1244,15709,11.708232950348608,17,0.813455625,0.63548244535923,1
1245,15715,4.757460543545279,6,0.813384375,0.43196502327919006,1
1246,15718,1.7649228101313175,3,0.8133487500000001,0.5979702472686768,1
1247,15723,3.0473477652719554,5,0.813289375,0.4879535138607025,1
1248,15727,2.602283183421655,4,0.813241875,0.618158221244812,1
1249,15753,18.010404968353154,26,0.812933125,0.5335848076002938,1
1250,15764,8.091071461104834,11,0.8128025,0.6553691625595093,1
1251,15768,2.5634323146893294,4,0.812755,0.9369327425956726,1
1252,15783,11.416312022278492,15,0.812576875,0.6136691570281982,1
1253,15798,11.209849239570989,15,0.8123987500000001,0.6380032822489738,1
1254,15809,7.961656766177291,11,0.812268125,0.7390562693277994,1
1255,15823,11.401418686045705,14,0.812101875,0.5664545297622681,1
1256,15845,16.606534702330038,22,0.811840625,0.5636084526777267,1
1257,15875,21.05742465240216,30,0.811484375,0.5866494306496212,0
1258,15885,7.058101819329319,10,0.811365625,0.692319909731547,1
1259,15893,6.15563755831198,8,0.811270625,0.6086422204971313,1
1260,15901,6.751297441708423,8,0.811175625,0.32835303246974945,1
1261,15911,7.5159591981152545,10,0.811056875,0.4257606267929077,1
1262,15922,8.878228264330263,11,0.8109262500000001,0.6618589560190836,1
1263,15929,5.3660280193784935,7,0.810843125,0.6967002153396606,1
1264,15955,19.88649754805447,26,0.810534375,0.6495768825213114,1
1265,15967,10.986308515027673,12,0.810391875,0.5632792214552561,1
1266,15979,10.760148581839463,12,0.8102493749999999,0.6459257205327352,1
1267,16009,22.99878473982572,30,0.809893125,0.7122041881084442,0
1268,16014,3.9556112295059234,5,0.80983375,0.4986475110054016,1
1269,16025,7.369123997836437,11,0.809703125,0.6932700872421265,1
1270,16041,13.114164007997227,16,0.8095131250000001,0.7652789652347565,1
1271,16048,5.166065547951946,7,0.80943,0.9184224009513855,1
1272,16057,5.886633294890372,9,0.809323125,0.8408168852329254,1
1273,16069,9.951934007528079,12,0.809180625,0.6217324237028757,1
1274,16075,4.955064039787177,6,0.809109375,0.5778613686561584,1
1275,16084,7.356779509312207,9,0.8090025000000001,0.7350791891415914,1
1276,16089,3.5992609509428304,5,0.808943125,0.6939568519592285,1
1277,16092,2.1954904485736004,3,0.8089075,0.5472756624221802,1
1278,16096,2.5660591737676812,4,0.80886,0.7975653409957886,1
1279,16113,13.45731090685631,17,0.808658125,0.8493476510047913,1
1280,16118,3.200465013710966,5,0.80859875,0.446391761302948,1
1281,16143,21.27778193128455,25,0.808301875,0.6930558681488037,1
1282,16156,9.806640716078133,13,0.8081475,0.7339779734611511,1
1283,16186,25.26210819604553,30,0.80779125,0.779236878667559,0
1284,16189,1.5974290027069835,3,0.807755625,0.6053152680397034,1
1285,16194,3.9203172232392363,5,0.80769625,0.6067039966583252,1
1286,16198,2.528095503197123,4,0.80764875,0.4901060163974762,1
1287,16212,12.559439074780055,14,0.8074825,0.69661695510149,1
1288,16228,11.218272747161741,16,0.8072925,0.669447660446167,1
1289,16236,6.980127455287503,8,0.8071975,0.5334950983524323,1
1290,16266,22.518079654768787,30,0.80684125,0.6826965723718915,0
1291,16283,11.746861384422909,17,0.806639375,0.7276633456349373,1
1292,16293,7.15678384664755,10,0.806520625,0.7767892877260844,1
1293,16296,1.9200563062410345,3,0.806485,0.5324689149856567,1
1294,16314,13.848377616080924,18,0.80627125,0.8772567063570023,1
1295,16318,2.9592167598122607,4,0.80622375,0.6023132801055908,1
1296,16348,24.706076962784767,30,0.8058675,0.5982849895954132,0
1297,16357,6.364250208776312,9,0.805760625,0.7028532028198242,1
1298,16372,10.459005742908941,15,0.8055825,0.7482462674379349,1
1299,16387,10.106924559323252,15,0.805404375,0.7500060598055521,1
1300,16399,9.982010639439059,12,0.805261875,0.5194604098796844,1
1301,16417,12.659469476125391,18,0.805048125,0.5287928104400634,1
1302,16426,6.203641748825759,9,0.8049412499999999,0.9038535952568054,1
1303,16435,7.568084755351043,9,0.804834375,0.6238418072462082,1
1304,16445,6.735340230731445,10,0.804715625,0.7701412638028463,1
1305,16468,17.545748945287333,23,0.8044425,0.6187557280063629,1
1306,16485,11.935717175399303,17,0.804240625,0.728077344596386,1
1307,16489,2.7572907203812167,4,0.8041931250000001,0.4001854658126831,1
1308,16504,10.142379970721308,15,0.804015,0.7002745121717453,1
1309,16507,1.6000542239715385,3,0.8039793749999999,nan,1
1310,16522,13.5578475061966,15,0.80380125,0.5448018684983253,1
1311,16538,13.054551990874021,16,0.80361125,0.6512314677238464,1
1312,16546,5.564969015459227,8,0.8035162499999999,0.5676750838756561,1
1313,16569,16.589263899721736,23,0.8032431250000001,0.6827939003705978,1
1314,16573,2.7572907203812167,4,0.803195625,0.550349771976471,1
1315,16601,23.560433877677717,28,0.802863125,0.6928183691842216,1
1316,16615,11.044664142362775,14,0.802696875,0.796200156211853,1
1317,16620,3.9553723585150364,5,0.8026375,0.7261919975280762,1
1318,16623,1.9602091714909529,3,0.802601875,nan,1
1319,16653,24.921513271815694,30,0.8022456250000001,0.5147239416837692,0
1320,16683,21.29572518928598,30,0.801889375,0.6107509434223175,0
1321,16694,8.753639164632572,11,0.8017587500000001,0.6523657441139221,1
1322,16705,8.366876502168067,11,0.801628125,0.8357225855191549,1
1323,16726,16.70944151459803,21,0.80137875,0.6474173903465271,1
1324,16756,22.48663383618577,30,0.8010225,0.7796369642019272,0
1325,16768,9.791297594099955,12,0.80088,0.7936561703681946,1
1326,16772,2.3993286500746023,4,0.8008325000000001,0.8541203141212463,1
1327,16778,4.877271596809517,6,0.80076125,0.901404082775116,1
1328,16795,15.47224957375647,17,0.800559375,0.7311905324459076,1
1329,16805,7.80547937260606,10,0.800440625,0.7720043659210205,1
1330,16809,2.3967428722363344,4,0.800393125,0.5805944204330444,1
1331,16815,3.4090909090909087,6,0.8003218750000001,0.916953980922699,1
1332,16824,6.881735595074544,9,0.800215,0.6048507491747538,1
1333,16834,8.951339472289323,10,0.80009625,0.7187590897083282,1
1334,16837,1.602272727272727,3,0.800060625,0.4195653200149536,1
1335,16847,8.559049502918349,10,0.799941875,0.8030378520488739,1
1336,16862,11.891530602710581,15,0.79976375,0.7319007813930511,1
1337,16889,22.895649365197194,27,0.799443125,0.5571999762739454,1
1338,16919,24.542805881845066,30,0.799086875,0.7095364800521305,0
1339,16923,3.121565971789078,4,0.799039375,0.8173245191574097,1
1340,16940,13.52123886820361,17,0.7988375,0.5356213092803955,1
1341,16956,11.220870483063075,16,0.7986475,0.7530848681926727,1
1342,16967,8.461135976151997,11,0.798516875,0.5101694762706757,1
1343,16974,4.384491728707554,7,0.79843375,0.605986699461937,1
1344,16980,3.8515260884138383,6,0.7983625,0.6669725775718689,1
1345,16986,4.790449811877813,6,0.79829125,0.8138289451599121,1
1346,16996,7.288107845540637,10,0.7981725,0.6839246650536855,1
1347,17026,22.75947095472764,30,0.79781625,0.8185897214072091,0
1348,17035,7.760148751904556,9,0.7977093749999999,0.6054619997739792,1
1349,17040,3.202326951244266,5,0.79765,0.9222379326820374,1
1350,17054,10.24265139943503,14,0.79748375,0.8052228689193726,1
1351,17068,10.563424369507802,14,0.7973175,0.8295356780290604,1
1352,17081,9.21024344054721,13,0.797163125,0.7482560078303019,1
1353,17106,20.39791234507117,25,0.79686625,0.7413143714269003,1
1354,17136,21.2051208547296,30,0.79651,0.6500958763062954,0
1355,17162,19.669418522553457,26,0.79620125,0.5888167122999827,1
1356,17175,9.659847446978771,13,0.796046875,0.9285715421040853,1
1357,17181,4.359124773509533,6,0.7959756250000001,0.9003903865814209,1
1358,17189,6.640270775931847,8,0.795880625,0.7914418578147888,1
1359,17206,12.417732161349699,17,0.79567875,0.6441688239574432,1
1360,17214,5.843255209468221,8,0.79558375,0.8872348666191101,1
1361,17244,23.150968594004905,30,0.7952275,0.6755180656909943,0
1362,17246,0.9660165442504834,2,0.79520375,nan,1
1363,17276,25.56958580306022,30,0.7948475,0.710611317306757,0
1364,17279,1.6000371704030871,3,0.794811875,nan,1
1365,17286,4.287570996347586,7,0.79472875,0.9418502151966095,1
1366,17300,11.593101317510765,14,0.7945625000000001,0.7278848737478256,1
1367,17322,19.59126030835919,22,0.79430125,0.8159594058990478,1
1368,17339,15.355156999864514,17,0.794099375,0.6330038756132126,1
1369,17342,1.9602091714909529,3,0.7940637500000001,0.7373794913291931,1
1370,17347,2.9355143217146438,5,0.794004375,0.5762706995010376,1
1371,17352,3.9572063683176055,5,0.793945,0.7161563038825989,1
1372,17364,9.078339615446545,12,0.7938025,0.8056015570958456,1
1373,17370,3.9993845274270385,6,0.79373125,0.6835453510284424,1
1374,17377,5.555403324397438,7,0.793648125,0.8991838991641998,1
1375,17383,4.853020875743905,6,0.7935768750000001,0.6991578340530396,1
1376,17385,1.1962425239963657,2,0.7935531250000001,0.6944003105163574,1
1377,17391,5.195799141840315,6,0.793481875,0.8961155414581299,1
1378,17402,7.611386839381765,11,0.79335125,0.8912358482678732,1
1379,17424,14.642157860431,22,0.7930900000000001,0.7006226480007172,1
1380,17430,4.361382619586294,6,0.79301875,0.5230015516281128,1
1381,17442,11.19052674260204,12,0.79287625,0.7550082008043925,1
1382,17448,3.884127993795436,6,0.792805,0.6601748764514923,1
1383,17456,6.445911705274748,8,0.79271,1.0614561438560486,1
1384,17481,17.674332784520615,25,0.792413125,0.6621965964635214,1
1385,17497,11.889408456765151,16,0.792223125,0.5678816512227058,1
1386,17502,3.9571975996624404,5,0.79216375,0.6502926349639893,1
1387,17513,8.46024117914222,11,0.792033125,0.6847188075383505,1
1388,17528,13.030836773491576,15,0.791855,0.6802514046430588,1
1389,17535,6.191656135179995,7,0.791771875,1.134615421295166,1
1390,17540,3.3627512555402563,5,0.7917125,0.689746543765068,1
1391,17548,6.753976164886902,8,0.7916175000000001,0.832911491394043,1
1392,17571,16.348657443775128,23,0.791344375,0.772804069519043,1
1393,17582,9.357495068843768,11,0.79121375,0.8811673323313395,1
1394,17601,16.990901698316705,19,0.790988125,0.6422987937927246,1
1395,17604,1.8029918573176227,3,0.7909525,0.6208054423332214,1
1396,17628,17.20451456332011,24,0.7906675000000001,0.8054947058359782,1
1397,17638,8.556904641643921,10,0.79054875,0.4085165113210678,1
1398,17644,4.9555809677240585,6,0.7904775,0.8965901732444763,1
1399,17657,11.778944217065412,13,0.790323125,0.592738131682078,1
1400,17666,7.0006262829495745,9,0.7902162500000001,0.8345465660095215,1
1401,17696,20.736494091831617,30,0.78986,0.672110553830862,0
1402,17705,7.213083158061438,9,0.7897531250000001,0.9539419710636139,1
1403,17708,2.0776907453110094,3,0.7897175000000001,0.40853744745254517,1
1404,17738,22.712034199303865,30,0.78936125,0.7514502917017255,0
1405,17742,3.1215779559718415,4,0.78931375,0.761771559715271,1
1406,17770,25.024071234128368,28,0.78898125,0.706963279417583,1
1407,17781,9.15561377888887,11,0.788850625,0.6972887317339579,1
1408,17810,21.30987072599797,29,0.78850625,0.7087965863091605,1
1409,17815,3.1982722364950593,5,0.788446875,0.5957972407341003,1
1410,17818,1.7649228101313175,3,0.78841125,0.8952487111091614,1
1411,17843,19.414794578027564,25,0.788114375,0.685200497508049,1
1412,17848,2.9659090909090904,5,0.788055,0.6545236110687256,1
1413,17858,7.958221709481023,10,0.78793625,0.9162878692150116,1
1414,17870,7.499999999999999,12,0.7877937500000001,0.8334712584813436,1
1415,17900,27.868811631907764,30,0.7874375,0.7051923051476479,0
1416,17921,17.44735812304734,21,0.787188125,0.7555327475070953,1
1417,17951,22.626749006524875,30,0.7868318750000001,0.8523927245821271,0
1418,17968,15.546653779532386,17,0.78663,0.980774974822998,1
1419,17980,8.218260056860355,12,0.7864875,0.6963396469751993,1
1420,17987,4.526348111295595,7,0.786404375,0.71302330493927,1
1421,17991,2.957376534134098,4,0.7863568750000001,0.8688551187515259,1
1422,17998,5.755119483974045,7,0.78627375,0.7293415367603302,1
1423,18009,9.559613737325233,11,0.786143125,1.0327461957931519,1
1424,18018,7.004490833834742,9,0.78603625,0.7548556625843048,1
1425,18037,16.995477118510582,19,0.785810625,0.8393846869468689,1
1426,18047,8.475950244844155,10,0.785691875,0.8623100221157074,1
1427,18077,22.911583687158963,30,0.785335625,0.791030190885067,0
1428,18082,3.598889412854372,5,0.78527625,1.0673614740371704,1
1429,18112,23.536356662777102,30,0.7849200000000001,0.93924231082201,0
1430,18128,11.930429299171228,16,0.78473,1.0840056836605072,1
1431,18138,7.3935091573418275,10,0.78461125,0.8117188513278961,1
1432,18150,10.158175122823586,12,0.78446875,1.0187173088391621,1
1433,18177,22.058527054751295,27,0.784148125,0.7507406898907253,1
1434,18195,14.252965682093759,18,0.7839343750000001,0.9125520139932632,1
1435,18225,24.90592203711966,30,0.783578125,0.7659087628126144,0
1436,18255,25.048950382209455,30,0.783221875,0.8109220862388611,0
1437,18270,11.808590091627863,15,0.78304375,0.9468380361795425,1
1438,18291,17.83622566503298,21,0.782794375,0.7956060528755188,1
1439,18305,11.35811440398657,14,0.782628125,0.6353046149015427,1
1440,18312,5.559644291912523,7,0.782545,0.8957263827323914,1
1441,18320,6.7976919609041095,8,0.78245,0.48862120509147644,1
1442,18350,24.98151951077636,30,0.78209375,0.8249844568116325,0
1443,18354,2.957376534134098,4,0.78204625,0.7867385745048523,1
1444,18360,4.788726263881824,6,0.781975,0.8023740351200104,1
1445,18372,10.396410559513845,12,0.7818325,0.7031027376651764,1
1446,18377,3.2372662909988765,5,0.781773125,0.7692686915397644,1
1447,18380,1.6000542239715385,3,0.7817375,0.9495753049850464,1
1448,18401,17.81005760388928,21,0.781488125,0.7033679485321045,1
1449,18404,1.6000371704030871,3,0.7814525,0.6935725212097168,1
1450,18411,5.756074252808584,7,0.781369375,0.9675096869468689,1
1451,18428,11.593816252067027,17,0.7811675,0.7336604118347168,1
1452,18441,11.356495214619587,13,0.781013125,0.9107574423154196,1
1453,18471,21.33697181732615,30,0.780656875,0.7931650876998901,0
1454,18501,22.762033967620123,30,0.780300625,0.7590517401695251,0
1455,18522,17.358342406792538,21,0.78005125,0.762389862537384,1
1456,18552,21.011326956227016,30,0.779695,0.7607234418392181,0
1457,18561,6.170454545454544,9,0.779588125,0.619299590587616,1
1458,18577,14.381486075869097,16,0.779398125,0.8462603911757469,1
1459,18581,2.7572907203812167,4,0.779350625,0.29367125034332275,1
1460,18583,0.9893852557928039,2,0.779326875,nan,1
1461,18593,8.999475793237423,10,0.779208125,0.6346407830715179,1
1462,18596,1.6000542239715385,3,0.7791725,0.6883276700973511,1
1463,18603,5.1598976477746845,7,0.779089375,0.9227087497711182,1
1464,18632,21.073933721523197,29,0.778745,0.6510362848639488,1
1465,18638,4.75929721392411,6,0.77867375,0.9818158149719238,1
1466,18645,5.275132970890391,7,0.778590625,0.8629232048988342,1
1467,18654,7.191754888512172,9,0.77848375,0.8492565751075745,1
1468,18671,13.966596682351684,17,0.778281875,0.869588166475296,1
1469,18674,1.9583725634928275,3,0.77824625,0.7451731562614441,1
1470,18684,8.197542144894692,10,0.7781275,0.9046709140141805,1
1471,18698,9.417208503430446,14,0.77796125,0.853287955125173,1
1472,18706,6.397299176486605,8,0.77786625,0.7485435903072357,1
1473,18719,9.134656482248857,13,0.777711875,0.5540038744608561,1
1474,18749,22.11965932239064,30,0.777355625,0.9208188503980637,0
1475,18752,1.4807360421533566,3,0.77732,0.3579190671443939,1
1476,18770,15.071760874445943,18,0.77710625,0.8015452474355698,1
1477,18774,2.9592167598122607,4,0.77705875,0.6608175039291382,1
1478,18804,24.211978260222125,30,0.7767025,0.971526749432087,0
1479,18819,13.352279327603545,15,0.776524375,0.8822735548019409,1
1480,18849,23.39866131882552,30,0.776168125,0.7348588407039642,0
1481,18879,24.225552848357864,30,0.775811875,0.6648942913327899,1
1482,18890,8.359318571687425,11,0.77568125,0.794745922088623,1
1483,18903,9.177118919476978,13,0.775526875,0.7110259930292765,1
1484,18914,9.951895966127664,11,0.77539625,0.7056536873181661,1
1485,18936,15.701044244520876,22,0.775135,0.6601190020640691,1
1486,18941,2.727272727272727,5,0.775075625,1.006961464881897,1
1487,18956,12.155749878704016,15,0.7748975,0.8633131086826324,1
1488,18969,10.601539948509174,13,0.774743125,0.8597914377848307,1
1489,18992,19.78685577977584,23,0.77447,0.6767142663399378,1
1490,19000,5.804429626008021,8,0.774375,0.7128531336784363,1
1491,19014,10.69655853084086,14,0.77420875,0.7994316418965658,1
1492,19027,9.210623014798927,13,0.774054375,0.7801397244135538,1
1493,19032,3.998811416031204,5,0.773995,0.980311393737793,1
1494,19044,9.36655885102773,12,0.7738525,0.9038876295089722,1
1495,19053,7.161356980064171,9,0.773745625,0.7551946640014648,1
1496,19069,11.850458582775543,16,0.773555625,0.9965348541736603,1
1497,19075,3.773015197500729,6,0.773484375,0.7977616786956787,1
1498,19086,8.998171713667656,11,0.7733537500000001,0.9341811339060465,1
1499,19090,2.759508927129191,4,0.77330625,0.3503459692001343,1
1500,19105,12.6407184172886,15,0.7731281249999999,0.8360763490200043,1
1501,19114,7.565246753365379,9,0.77302125,0.6340599805116653,1
1502,19126,9.536753873149292,12,0.7728787500000001,0.9213456710179647,1
1503,19138,9.253380717925845,12,0.77273625,1.0202316045761108,1
1504,19157,16.165353430329702,19,0.772510625,0.7842664361000061,1
1505,19168,7.966917864846861,11,0.7723800000000001,0.7670344909032186,1
1506,19198,21.683055424646955,30,0.77202375,0.9632490106991359,0
1507,19210,9.59050596880653,12,0.7718812500000001,0.6920732061068217,1
1508,19226,11.993256770785058,16,0.7716912499999999,0.9206518083810806,1
1509,19242,13.159456627177223,16,0.77150125,0.871832862496376,1
1510,19245,1.7671529078868469,3,0.771465625,0.4707580804824829,1
1511,19259,11.007411954402102,14,0.771299375,0.6789054473241171,1
1512,19273,12.14762739819799,14,0.771133125,0.6455352306365967,1
1513,19285,9.137268910791562,12,0.770990625,0.7624945441881815,1
1514,19288,1.6000542239715385,3,0.7709550000000001,0.5733249187469482,1
1515,19299,8.092088435677246,11,0.770824375,0.7679860591888428,1
1516,19319,18.002930637837647,20,0.770586875,0.9377636313438416,1
1517,19325,4.555573197399777,6,0.770515625,0.9493259787559509,1
1518,19340,12.164148832900901,15,0.7703375,0.920158714056015,1
1519,19354,11.60061914522229,14,0.77017125,0.6013812720775604,1
1520,19374,15.139947320415262,20,0.76993375,1.0376336216926574,1
1521,19394,15.331983284533585,20,0.76969625,0.8015463352203369,1
1522,19404,7.959599613964318,10,0.7695775,0.6882410645484924,1
1523,19434,22.083605983408717,30,0.76922125,0.8344730053629194,0
1524,19442,6.35815899755754,8,0.76912625,0.8935886323451996,1
1525,19459,12.650979403881891,17,0.768924375,0.8484361618757248,1
1526,19473,9.529272614905304,14,0.768758125,0.7916385531425476,1
1527,19491,13.258432644535306,18,0.7685443750000001,1.0188533961772919,1
1528,19514,15.170646835479705,23,0.76827125,0.6754442503054937,1
1529,19523,6.846872581203523,9,0.768164375,0.8025851249694824,1
1530,19526,1.9602091714909529,3,0.76812875,0.6190968751907349,1
1531,19550,20.64024391312507,24,0.7678437499999999,0.7608933846155802,1
1532,19573,17.85479181780421,23,0.7675706250000001,0.7645693023999532,1
1533,19603,22.029594075434186,30,0.767214375,0.8522331970078605,0
1534,19611,5.338906455876978,8,0.767119375,0.5722643435001373,1
1535,19620,7.756060949833983,9,0.7670125,0.5505651831626892,1
1536,19625,3.204545454545454,5,0.766953125,0.5680543184280396,1
1537,19634,7.787016743598358,9,0.76684625,0.938650906085968,1
1538,19640,4.955331902854784,6,0.766775,0.883344441652298,1
1539,19648,6.760149598236084,8,0.76668,0.5376428365707397,1
1540,19674,19.669786907111845,26,0.76637125,0.8377352654933929,1
1541,19685,8.612487841088315,11,0.766240625,0.8012430469195048,1
1542,19691,4.757459148964035,6,0.766169375,0.6674807667732239,1
1543,19696,3.790574593372597,5,0.7661100000000001,1.0765396654605865,1
1544,19702,3.7648098119772544,6,0.76603875,1.120282769203186,1
1545,19731,20.82416086201756,29,0.765694375,0.8331736709390368,1
1546,19738,5.75831365386879,7,0.7656112500000001,0.7502876222133636,1
1547,19759,18.586941421126358,21,0.765361875,0.7342265605926513,1
1548,19789,20.94013224190516,30,0.765005625,0.7899083867669106,0
1549,19802,9.210581938353288,13,0.76485125,0.7774576346079508,1
1550,19804,0.9163888583212717,2,0.7648275,0.5704951286315918,1
1551,19818,11.402757642348696,14,0.7646612500000001,0.8803338607152303,1
1552,19848,25.640454767296976,30,0.764305,0.9207958728075027,0
1553,19869,17.521263502670152,21,0.764055625,0.8113381028175354,1
1554,19897,24.757396753849342,28,0.7637231250000001,0.7974656394549778,1
1555,19915,12.899151917146996,18,0.763509375,0.8378491550683975,1
1556,19925,7.592873995600277,10,0.763390625,0.9308917919794718,1
1557,19955,22.16433180337498,30,0.763034375,0.8891427900109973,0
1558,19960,3.2023098115942545,5,0.762975,0.8929987847805023,1
1559,19973,11.00460940780805,13,0.762820625,0.9272165298461914,1
1560,19977,2.5682892715232106,4,0.762773125,0.4587942063808441,1
1561,19996,14.06381724633173,19,0.7625475,0.9463100433349609,1
1562,20015,15.093720141907509,19,0.762321875,0.782090425491333,1
1563,20035,14.353286222278111,20,0.762084375,1.1347383379936218,1
1564,20050,12.765830425458272,15,0.76190625,1.0719024240970612,1
1565,20055,4.054114629085036,5,0.761846875,0.9229274392127991,1
1566,20085,22.3553664823376,30,0.761490625,0.7750469110906124,1
1567,20097,8.80467704153995,12,0.761348125,0.8177667458852133,1
1568,20110,8.702432046713854,13,0.76119375,0.6865058541297913,1
1569,20131,16.68814929220427,21,0.760944375,0.9937033295631409,1
1570,20161,21.202930558451925,30,0.7605881250000001,0.8900811299681664,0
1571,20164,1.7649228101313175,3,0.7605525,1.1187783479690552,1
1572,20187,15.787947773012307,23,0.760279375,0.747006231546402,1
1573,20200,9.16842144402035,13,0.760125,0.8480480909347534,1
1574,20213,10.115795945157,13,0.759970625,0.8138549129168192,1
1575,20222,6.246871135008031,9,0.75986375,0.8818253874778748,1
1576,20231,7.402193008578739,9,0.759756875,0.9145402312278748,1
1577,20241,8.584057675827921,10,0.759638125,0.7973154981931051,1
1578,20271,21.08933269321551,30,0.759281875,0.9415118609155927,0
1579,20285,9.455363926392787,14,0.759115625,0.7240255028009415,1
1580,20289,2.566053658965085,4,0.759068125,0.6723855137825012,1
1581,20317,19.722882200114398,28,0.758735625,0.8073610663414001,1
1582,20345,22.01519727518586,28,0.7584031250000001,0.9448126128741673,1
1583,20367,17.850378846702796,22,0.758141875,0.7761582851409912,1
1584,20385,14.882517911912394,18,0.7579281250000001,0.8359442830085755,1
1585,20396,8.602571116530564,11,0.7577975,0.924079974492391,1
1586,20404,6.1992786991132505,8,0.7577025,0.7283484637737274,1
1587,20430,19.26213680362784,26,0.75739375,0.8426666657129923,1
1588,20438,5.600825927782792,8,0.75729875,1.1434821486473083,1
1589,20468,25.52851683332426,30,0.7569425,0.7395611628890038,0
1590,20480,10.051251724744342,12,0.7568,0.870019257068634,1
1591,20491,7.699512984172851,11,0.756669375,0.7320161461830139,1
1592,20498,5.561460505896398,7,0.75658625,0.8978999555110931,1
1593,20507,7.557378036170129,9,0.7564793750000001,0.8151516616344452,1
1594,20511,2.596465354513197,4,0.7564318750000001,1.1481188535690308,1
1595,20522,8.877281749005887,11,0.75630125,0.6582430203755697,1
1596,20532,7.682226324753109,10,0.7561825,1.0533724029858906,1
1597,20535,1.9583725634928275,3,0.756146875,nan,1
1598,20565,24.333825916205676,30,0.7557906249999999,0.8231399953365326,0
1599,20592,19.73715256426601,27,0.75547,0.8628642388752529,1
1600,20622,22.36050744169821,30,0.75511375,1.027368230479104,0
1601,20638,14.25461758834424,16,0.75492375,1.056158408522606,1
1602,20657,12.915167441786947,19,0.754698125,0.8006053686141967,1
1603,20660,1.7953289908768333,3,0.7546625,1.3372182846069336,1
1604,20668,6.155247901351512,8,0.7545675000000001,0.8440517783164978,1
1605,20671,1.9583725634928275,3,0.7545318750000001,nan,1
1606,20681,8.95163802631178,10,0.754413125,0.7831338246663412,1
1607,20711,21.244343673791548,30,0.7540568750000001,0.9034782903535026,0
1608,20717,4.0034462613121775,6,0.753985625,0.7424567937850952,1
1609,20724,4.676415933445828,7,0.7539025,0.6589531004428864,1
1610,20742,12.895366081747309,18,0.75368875,0.7628778368234634,1
1611,20756,9.88577013802686,14,0.7535225,0.8274548649787903,1
1612,20786,20.738849956893137,30,0.75316625,0.8690850990159171,0
1613,20789,1.9602091714909529,3,0.753130625,0.3165379762649536,1
1614,20809,14.612360375092123,20,0.7528931249999999,0.7694914519786835,1
1615,20839,27.038707639519444,30,0.752536875,0.7535587889807565,0
1616,20869,22.746523211503508,30,0.752180625,0.9435692131519318,0
1617,20874,3.764141156259206,5,0.75212125,0.68442302942276,1
1618,20882,5.492211983668854,8,0.75202625,1.2048397064208984,1
1619,20884,1.2765543816746459,2,0.7520025,1.0477018356323242,1
1620,20902,15.637023727857956,18,0.75178875,0.917903259396553,1
1621,20908,3.6147362286564477,6,0.7517175,0.9919856190681458,1
1622,20924,14.189748041644805,16,0.7515275,0.9358694106340408,1
1623,20932,5.800347765975951,8,0.7514325000000001,0.9493362009525299,1
1624,20942,8.364512850808145,10,0.75131375,1.1819422245025635,1
1625,20950,6.044442321548581,8,0.75121875,0.9587233066558838,1
1626,20959,6.2826928437492295,9,0.7511118750000001,0.9179385304450989,1
1627,20976,13.209496414253051,17,0.75091,1.0257262587547302,1
1628,21006,22.2923963903533,30,0.75055375,0.8468964185033526,0
1629,21036,27.753316808827496,30,0.7501975,1.0342189818620682,0
1630,21039,1.9583725634928275,3,0.7501618750000001,nan,1
1631,21057,13.852972199153976,18,0.749948125,0.9028046131134033,1
1632,21065,5.8509508462643876,8,0.749853125,0.7271445542573929,1
1633,21075,6.568411912011642,10,0.7497343750000001,1.1026338934898376,1
1634,21084,7.323097632236531,9,0.7496275,1.2799407641092937,1
1635,21091,5.75398111745015,7,0.7495443749999999,1.4087306261062622,1
1636,21121,21.912940315663775,30,0.7491881250000001,0.8235660307109356,0
1637,21125,2.596465354513197,4,0.7491406250000001,1.439635992050171,1
1638,21133,6.787138940984033,8,0.7490456249999999,0.9876173138618469,1
1639,21140,5.95716295071267,7,0.7489625,0.887086033821106,1
1640,21143,1.602272727272727,3,0.748926875,nan,1
1641,21155,8.929406587952926,12,0.7487843750000001,1.1672819058100383,1
1642,21176,14.792078914838768,21,0.748535,1.0753723482290904,1
1643,21184,6.957162086763046,8,0.74844,0.7629165053367615,1
1644,21196,8.051715838490189,12,0.7482975000000001,0.9772461255391439,1
1645,21226,24.93242246891088,30,0.74794125,1.0024920105934143,0
1646,21250,20.00608741360094,24,0.74765625,0.9858438670635223,1
1647,21273,18.29560156585379,23,0.747383125,0.9237359563509623,1
1648,21278,2.977289213968128,5,0.7473237500000001,1.2027559280395508,1
1649,21308,23.255466716241166,30,0.7469675,0.890881359577179,1
1650,21311,1.9583725634928275,3,0.746931875,nan,1
1651,21327,13.482419789879613,16,0.7467418750000001,1.0652738064527512,1
1652,21331,3.1215779559718415,4,0.7466943749999999,0.8976860046386719,1
1653,21361,22.48149384063441,30,0.7463381250000001,0.8680832982063293,0
1654,21363,0.798917860335175,2,0.7463143750000001,nan,1
1655,21374,8.760119234637715,11,0.74618375,0.7784052987893423,1
1656,21384,6.609184064662702,10,0.746065,1.0731515089670818,1
1657,21395,9.362427108709626,11,0.745934375,1.0884680151939392,1
1658,21409,12.748154044717552,14,0.7457681250000001,1.1273301988840103,1
1659,21439,21.885992351192634,30,0.7454118750000001,1.0465023006711687,0
1660,21452,10.720250326271112,13,0.7452575,0.8361389189958572,1
1661,21482,26.565429668773415,30,0.7449012500000001,0.9767206907272339,0
1662,21507,17.59145960577333,25,0.744604375,1.0678566296895344,1
1663,21512,3.3671955374040445,5,0.744545,0.9573632478713989,1
1664,21520,6.354947123354052,8,0.7444500000000001,0.6144320368766785,1
1665,21527,5.758328905294338,7,0.7443668750000001,0.49589523673057556,1
1666,21530,1.602272727272727,3,0.74433125,0.9856398105621338,1
1667,21554,16.955646324571546,24,0.74404625,1.079087108373642,1
1668,21568,10.455745765602202,14,0.74388,0.9404071271419525,1
1669,21585,13.765396720388466,17,0.743678125,0.6673144996166229,1
1670,21589,3.0744649025012425,4,0.743630625,0.9512861967086792,1
1671,21594,3.158965354513197,5,0.74357125,0.7024924159049988,1
1672,21603,7.387052140826818,9,0.7434643750000001,1.0578117966651917,1
1673,21633,22.609718778330258,30,0.743108125,0.855198472738266,0
1674,21643,6.577439357129811,10,0.7429893750000001,0.6881686449050903,1
1675,21653,6.923660580779014,10,0.7428706250000001,0.9461138844490051,1
1676,21683,21.955509099350678,30,0.7425143750000001,0.9230474403926304,0
1677,21690,5.123008797685972,7,0.74243125,1.0939606726169586,1
1678,21710,17.9550548454461,20,0.74219375,1.0577171325683594,1
1679,21720,8.002242893039332,10,0.742075,0.6408606668313345,1
1680,21728,5.810364710443098,8,0.7419800000000001,1.016622632741928,1
1681,21758,22.590076169876205,30,0.74162375,0.8293085524014064,0
1682,21768,7.575014973881071,10,0.7415050000000001,0.9197038809458414,1
1683,21783,10.734287733181336,15,0.7413268749999999,1.3708529869715373,1
1684,21794,7.8878547373835755,11,0.74119625,1.0204832951227825,1
1685,21824,21.52745640118333,30,0.7408399999999999,0.9083903729915619,0
1686,21850,20.239626871884948,26,0.7405312500000001,0.8380260715881983,1
1687,21873,16.863538160656177,23,0.740258125,0.9789654115835825,1
1688,21895,17.0532872149423,22,0.7399968750000001,0.9426510810852051,1
1689,21901,3.645491715857632,6,0.7399256249999999,0.7176522314548492,1
1690,21927,18.864154506367367,26,0.7396168750000001,0.7243007222811381,1
1691,21936,6.400189055883149,9,0.73951,0.9979377190272013,1
1692,21952,10.547159220044746,16,0.73932,0.8746053129434586,1
1693,21955,1.6000542239715385,3,0.739284375,nan,1
1694,21971,13.036219978912843,16,0.7390943750000001,0.7509360313415527,1
1695,21980,7.599221375960097,9,0.7389875,0.9367620746294657,1
1696,21986,4.5630593473319765,6,0.73891625,0.9598750472068787,1
1697,22012,20.41555722967441,26,0.7386075000000001,0.9487718769482204,1
1698,22042,21.029250961019454,30,0.73825125,0.9556039358888354,1
1699,22045,1.6000542239715385,3,0.738215625,1.0625967979431152,1
1700,22075,20.856625541878376,30,0.737859375,0.7923664024897984,0
1701,22099,16.86570677528718,24,0.737574375,0.8836313784122467,1
1702,22102,1.9583725634928275,3,0.73753875,1.2451401948928833,1
1703,22111,6.87899878249456,9,0.737431875,1.3846891224384308,1
1704,22126,10.704158792093875,15,0.73725375,0.9408117532730103,1
1705,22135,5.979872354681387,9,0.7371468750000001,0.7186217308044434,1
1706,22154,14.617724619343614,19,0.73692125,0.8423314809799194,1
1707,22178,18.695927922443918,24,0.73663625,0.9823777675628662,1
1708,22200,17.131734773678758,22,0.736375,0.8963183462619781,1
1709,22207,5.794133053985601,7,0.736291875,0.8847712278366089,1
1710,22220,9.762564930883158,13,0.7361375,0.8041429817676544,1
1711,22250,24.57826041169419,30,0.73578125,1.0086731910705566,0
1712,22274,17.626174369307076,24,0.73549625,1.1120388110478718,1
1713,22285,8.391306652506664,11,0.735365625,1.1838761965433757,1
1714,22292,4.2102272727272725,7,0.7352825000000001,1.1110987663269043,1
1715,22310,13.152292042239097,18,0.73506875,1.2296811193227768,1
1716,22335,20.881168912667725,25,0.7347718750000001,0.7694154232740402,1
1717,22346,10.114991444787751,11,0.73464125,1.0548628171284993,1
1718,22353,5.0842092699630825,7,0.734558125,1.0202994346618652,1
1719,22362,6.962668461016584,9,0.73445125,0.8658140599727631,1
1720,22392,26.453870527451702,30,0.734095,1.0298693031072617,0
1721,22399,5.356705146415388,7,0.734011875,0.5805803537368774,1
1722,22407,5.598640161683878,8,0.733916875,1.086426317691803,1
1723,22418,9.55510045395499,11,0.7337862500000001,0.7795076370239258,1
1724,22446,22.643510670797514,28,0.73345375,1.0087039385523116,1
1725,22458,9.076444666531133,12,0.7333112500000001,0.9881501694520315,1
1726,22467,7.355753498294812,9,0.733204375,0.9684318900108337,1
1727,22497,20.861462949025483,30,0.7328481250000001,0.9176276251673698,0
1728,22523,18.540859566036268,26,0.732539375,1.1481750905513763,1
1729,22533,7.559589619492216,10,0.732420625,0.7529074251651764,1
1730,22543,8.166451965506164,10,0.732301875,0.9203650653362274,1
1731,22552,7.199228387978191,9,0.732195,1.1772217154502869,1
1732,22565,9.654412915047217,13,0.732040625,1.0337306261062622,1
1733,22578,10.244346945432394,13,0.7318862500000001,0.8795545299847921,1
1734,22593,11.491137564849753,15,0.7317081249999999,1.2026167511940002,1
1735,22596,1.9583725634928275,3,0.7316725000000001,1.1530745029449463,1
1736,22616,14.815543958364785,20,0.7314350000000001,0.9059764623641968,1
1737,22623,5.363589281211453,7,0.731351875,1.2147554159164429,1
1738,22634,9.953466223587375,11,0.73122125,0.7615248958269755,1
1739,22660,19.501259615541723,26,0.7309125000000001,1.0108423658779688,1
1740,22681,14.079652720416702,21,0.730663125,0.9347363948822022,1
1741,22697,11.795839729320814,16,0.7304731250000001,0.7230252176523209,1
1742,22722,23.352799089956893,25,0.73017625,0.7988016506036123,1
1743,22752,23.907949071305957,30,0.72982,0.9381858259439468,0
1744,22762,7.953477329416426,10,0.72970125,0.9483840763568878,1
1745,22766,2.2488844296919193,4,0.72965375,1.3955986499786377,1
1746,22779,10.407364795082897,13,0.7294993750000001,0.9449355800946554,1
1747,22787,6.04204849511348,8,0.729404375,1.088247001171112,1
1748,22815,19.90927353561623,28,0.729071875,0.9033409782818386,1
1749,22822,5.5527772252744985,7,0.7289887500000001,1.2394957542419434,1
1750,22852,21.31960771836642,30,0.7286325,0.9933737814426422,0
1751,22857,3.3927447264600694,5,0.728573125,0.8222715854644775,1
1752,22876,16.55800303485848,19,0.7283475,0.9059888124465942,1
1753,22881,3.850512852121372,5,0.728288125,1.1860923767089844,1
1754,22911,20.566198091445376,30,0.727931875,0.932943982737405,1
1755,22941,20.721322973599456,30,0.7275756250000001,0.7641788609325886,0
1756,22952,8.444562468784952,11,0.727445,0.9832711219787598,1
1757,22955,1.602272727272727,3,0.727409375,nan,1
1758,22974,14.608899247102887,19,0.72718375,1.0491521835327149,1
1759,22983,7.589074024612444,9,0.7270768750000001,0.7727500200271606,1
1760,22992,7.557205645152713,9,0.72697,0.9318257371584574,1
1761,23001,6.3342215133247635,9,0.7268631249999999,1.0569313764572144,1
1762,23020,13.143319199786413,19,0.7266375,1.0276488780975341,1
1763,23029,7.201874292423635,9,0.726530625,1.0925703346729279,1
1764,23043,11.409475539345495,14,0.726364375,1.1184825698534648,1
1765,23067,18.11029070201397,24,0.726079375,1.0307227820158005,1
1766,23095,22.42081651319955,28,0.725746875,1.0657509054456438,1
1767,23105,6.692724415787386,10,0.7256281250000001,1.3106824954350789,1
1768,23112,4.800137470968053,7,0.725545,1.4306654334068298,1
1769,23126,12.006301846666041,14,0.72537875,0.9852899511655172,1
1770,23133,5.921669201860801,7,0.725295625,1.3153095245361328,1
1771,23139,4.1664814829248975,6,0.725224375,1.0344491004943848,1
1772,23160,17.005980291039734,21,0.724975,1.250500738620758,1
1773,23166,4.555307827867871,6,0.72490375,0.7516371011734009,1
1774,23193,18.330052910509956,27,0.724583125,1.0163793563842773,1
1775,23217,18.45517771470787,24,0.724298125,0.9397423068682352,1
1776,23246,19.69698799773536,29,0.72395375,0.9457230397633144,1
1777,23276,22.84338081258077,30,0.7235975,0.9142905920743942,0
1778,23279,1.9602091714909529,3,0.723561875,nan,1
1779,23292,9.662723882252335,13,0.7234075,0.978159710764885,1
1780,23307,12.042453730332639,15,0.7232293750000001,0.7191993594169617,1
1781,23337,24.93785033336097,30,0.722873125,0.9679334610700607,0
1782,23367,20.33898683754849,30,0.722516875,1.1317766393933977,1
1783,23373,4.557413715999861,6,0.722445625,1.5483802556991577,1
1784,23378,3.992634182908378,5,0.72238625,1.127145767211914,1
1785,23394,12.168439390280765,16,0.7221962500000001,0.918168231844902,1
1786,23404,7.208008769426082,10,0.7220775,0.8639406164487203,1
1787,23434,21.926491265033473,30,0.7217212500000001,1.1410886645317078,0
1788,23455,16.213353591720548,21,0.721471875,0.8714755177497864,1
1789,23476,19.159860794481954,21,0.7212225000000001,0.9143212586641312,1
1790,23506,21.80567313453033,30,0.72086625,0.943760735648019,0
1791,23517,7.7686135386446065,11,0.720735625,1.0251282652219136,1
1792,23547,24.18162037692741,30,0.720379375,1.1151103207043238,0
1793,23558,9.57863001625484,11,0.7202487500000001,0.7067412932713827,1
1794,23566,6.553536938928124,8,0.72015375,0.9081968367099762,1
1795,23576,7.253696388944805,10,0.720035,1.1674631436665852,1
1796,23594,12.49372454285443,18,0.7198212500000001,0.7609152346849442,1
1797,23610,14.393589652154182,16,0.71963125,1.1423141062259674,1
1798,23632,17.72944315768347,22,0.7193700000000001,0.8668347795804342,1
1799,23662,22.960292196235486,30,0.71901375,1.1335674950054713,0
1800,23682,16.642703250515506,20,0.71877625,1.1383757829666137,1
1801,23695,11.470130883968226,13,0.718621875,0.9784662127494812,1
1802,23725,24.106087809164098,30,0.718265625,0.9749001637101173,0
1803,23747,18.090088581899543,22,0.718004375,1.0608236908912658,1
1804,23756,6.880526436083988,9,0.7178975000000001,1.0936830242474873,1
1805,23786,20.824213239678453,30,0.71754125,1.0227798819541931,0
1806,23796,8.036603668049763,10,0.7174225000000001,0.9793493350346884,1
1807,23826,20.770442314302368,30,0.71706625,0.9865013360977173,0
1808,23839,10.556025282769756,13,0.716911875,0.9267826279004415,1
1809,23845,4.75929721392411,6,0.716840625,0.9500257074832916,1
1810,23875,21.888538240132434,30,0.7164843750000001,1.0076496260506767,0
1811,23897,18.44862247776789,22,0.716223125,1.2150219480196636,1
1812,23901,2.7591154181621453,4,0.716175625,0.946249783039093,1
1813,23909,6.788302259402837,8,0.716080625,0.8928349018096924,1
1814,23939,25.213598714501433,30,0.715724375,0.9129735231399536,0
1815,23963,17.38312661046946,24,0.715439375,1.050667941570282,1
1816,23970,5.355917542704618,7,0.71535625,0.7697816789150238,1
1817,24000,20.693181818181827,30,0.7150000000000001,1.1239072605967522,0
1818,24030,20.454545454545464,30,0.71464375,1.2353149141584123,0
1819,24040,8.959012218924851,10,0.7145250000000001,0.714605450630188,1
1820,24070,23.55647218767773,30,0.71416875,1.1164805122784205,0
1821,24077,5.396439714991074,7,0.7140856250000001,0.9017438292503357,1
1822,24088,7.298009938446517,11,0.713955,1.0242687861124675,1
1823,24111,16.685172695223667,23,0.713681875,1.2530532956123352,1
1824,24141,26.04338403188886,30,0.713325625,1.0870099402964115,0
1825,24171,24.5542846597429,30,0.712969375,0.8802272762571063,0
1826,24192,18.071266694515533,21,0.71272,0.9558927218119303,1
1827,24209,11.080776665630642,17,0.712518125,1.0710271298885345,1
1828,24223,10.141803130798412,14,0.712351875,0.862072765827179,1
1829,24253,22.957701162156226,30,0.711995625,1.238575093448162,0
1830,24264,7.252453910234336,11,0.711865,1.1404316027959187,1
1831,24278,10.086907696287435,14,0.71169875,0.8400788505872091,1
1832,24304,19.261430339448744,26,0.71139,0.9688328334263393,1
1833,24331,20.17565602104685,27,0.711069375,1.1976555983225505,1
1834,24345,10.217395017337854,14,0.710903125,1.3325691521167755,1
1835,24355,8.552728864172117,10,0.710784375,1.1328919529914856,1
1836,24373,13.152711421767513,18,0.710570625,1.0280398368835448,1
1837,24379,4.561489487084988,6,0.710499375,0.7039729356765747,1
1838,24394,10.894230740783925,15,0.71032125,1.1529330611228943,1
1839,24417,18.207609416255437,23,0.710048125,1.2240556081136067,1
1840,24432,11.328173391157595,15,0.70987,1.0121131241321564,1
1841,24441,7.787002397095799,9,0.709763125,1.002592146396637,1
1842,24471,25.62783465391664,30,0.709406875,1.023925244808197,0
1843,24492,19.55385952112866,21,0.7091575000000001,1.0689267019430797,1
1844,24509,15.35114449863805,17,0.708955625,1.2404261231422424,1
1845,24515,4.555573197399777,6,0.708884375,1.062608003616333,1
1846,24529,9.459988974768114,14,0.708718125,0.8524406999349594,1
1847,24540,9.919247734082404,11,0.7085874999999999,1.1416375637054443,1
1848,24546,3.9993916955734847,6,0.70851625,1.4943461418151855,1
1849,24557,8.68283689360082,11,0.708385625,1.301910440127055,1
1850,24568,7.471231075799321,11,0.7082550000000001,1.0626818537712097,1
1851,24573,3.9572063683176055,5,0.708195625,0.7549970149993896,1
1852,24591,13.016380855807606,18,0.707981875,0.9850074946880341,1
1853,24597,3.9944933585265625,6,0.707910625,1.0577024817466736,1
1854,24606,7.567092488300451,9,0.7078037500000001,1.194504052400589,1
1855,24636,22.88435163613748,30,0.7074475,1.0355986058712006,0
1856,24651,11.569020616868157,15,0.707269375,1.1603807210922241,1
1857,24661,7.405972221280484,10,0.707150625,0.9295530319213867,1
1858,24664,1.9602091714909529,3,0.7071149999999999,1.2244293689727783,1
1859,24691,19.387440364996746,27,0.7067943750000001,0.8682816922664642,1
1860,24721,21.034366684372856,30,0.706438125,0.92806226760149,0
1861,24740,14.460362168826155,19,0.7062124999999999,0.9978562951087951,1
1862,24763,19.082660811012452,23,0.705939375,1.1137755990028382,1
1863,24771,6.003633471997045,8,0.7058443750000001,0.9432456195354462,1
1864,24787,13.755381962349022,16,0.705654375,1.046141192317009,1
1865,24797,7.196504934722249,10,0.705535625,0.8736793994903564,1
1866,24805,6.354700309503581,8,0.705440625,1.1885141730308533,1
1867,24816,8.526368175700883,11,0.7053100000000001,1.009174406528473,1
1868,24824,6.358385341872943,8,0.7052149999999999,1.0372815132141113,1
1869,24827,1.9583725634928275,3,0.7051793749999999,nan,1
1870,24839,10.750924090113799,12,0.705036875,0.9899651209513346,1
1871,24869,21.256191760108965,30,0.704680625,0.9990352839231491,0
1872,24899,22.949796691061103,30,0.704324375,1.0796967915126257,0
1873,24913,11.759106122411715,14,0.704158125,0.9540915638208389,1
1874,24919,4.756103542829466,6,0.704086875,0.704224705696106,1
1875,24941,19.565193574127473,22,0.703825625,0.9813929994901022,1
1876,24963,15.192019815023329,22,0.703564375,1.1246707677841186,1
1877,24993,21.404441661078014,30,0.703208125,0.9949415847659111,0
1878,24998,3.450704063716535,5,0.70314875,0.9479525685310364,1
1879,25002,2.3993286500746023,4,0.70310125,1.4179561138153076,1
1880,25013,9.955324336153687,11,0.7029706250000001,1.4410183429718018,1
1881,25028,11.576172141746593,15,0.7027924999999999,1.253227099776268,1
1882,25058,24.394665305937224,30,0.7024362500000001,1.2859347888401575,0
1883,25088,23.79532282933452,30,0.70208,1.1628459692001343,0
1884,25112,21.742409277426074,24,0.701795,1.2028255462646484,1
1885,25120,6.004572537416668,8,0.7017,1.027819275856018,1
1886,25138,12.079583464417867,18,0.7014862500000001,0.8497807383537292,1
1887,25141,1.714929651521812,3,0.701450625,0.7906190156936646,1
1888,25153,10.553771740248711,12,0.701308125,1.2446838021278381,1
1889,25164,8.79313911401603,11,0.7011775,1.2846064170201619,1
1890,25174,8.756448719160833,10,0.7010587500000001,1.1832174360752106,1
1891,25204,24.227660444031333,30,0.7007025,1.2181590497493744,0
1892,25234,20.659175595439596,30,0.70034625,1.203554391860962,0
1893,25239,3.9854839386880707,5,0.700286875,0.6811137795448303,1
1894,25269,22.631236655582935,30,0.699930625,1.217685990035534,0
1895,25292,15.284181083534026,23,0.6996575,1.117261787255605,1
1896,25298,3.999744122054131,6,0.6995862500000001,1.336411952972412,1
1897,25305,5.579966509242364,7,0.699503125,1.1264019012451172,1
1898,25317,7.585340881226185,12,0.699360625,0.6955137948195139,1
1899,25330,11.39073718073902,13,0.69920625,1.062939961751302,1
1900,25360,20.999829891263374,30,0.69885,1.0448786094784737,1
1901,25373,11.951370121996284,13,0.698695625,0.9079136252403259,1
1902,25391,12.584967956806542,18,0.698481875,1.4000207781791687,1
1903,25401,7.126656870649688,10,0.698363125,0.9315646886825562,1
1904,25431,22.515869920770854,30,0.698006875,1.1640508089746748,0
1905,25434,1.9602091714909529,3,0.6979712499999999,0.8160912394523621,1
1906,25450,12.659891387788196,16,0.69778125,1.212082102894783,1
1907,25458,6.359502165792546,8,0.6976862500000001,1.250927209854126,1
1908,25473,14.070009326289018,15,0.697508125,1.4018635153770447,1
1909,25475,1.1962425239963657,2,0.697484375,nan,1
1910,25478,1.602272727272727,3,0.69744875,0.8887134790420532,1
1911,25497,14.84602459345791,19,0.697223125,1.005814516544342,1
1912,25520,16.898278216959262,23,0.69695,1.0668393671512604,1
1913,25545,18.29999283506621,25,0.6966531250000001,0.8924002349376678,1
1914,25562,15.760148577590517,17,0.69645125,0.9352015852928162,1
1915,25564,0.9660165442504834,2,0.6964275,1.4132405519485474,1
1916,25570,3.9990155995090615,6,0.69635625,1.4081742763519287,1
1917,25575,3.8755955341816786,5,0.696296875,0.9824175238609314,1
1918,25605,28.143396437533703,30,0.695940625,1.1958986520767212,0
1919,25618,8.267152907986711,13,0.69578625,0.9276600480079651,1
1920,25627,6.611527904663616,9,0.6956793750000001,1.4580533504486084,1
1921,25657,22.29426322076237,30,0.695323125,1.0928095951676369,0
1922,25662,3.246726884654257,5,0.6952637500000001,1.0384252071380615,1
1923,25676,10.67870659223042,14,0.6950974999999999,0.9856716096401215,1
1924,25685,7.198058093281008,9,0.694990625,0.9959040284156799,1
1925,25693,5.605736042153356,8,0.694895625,1.265606164932251,1
1926,25702,5.6909462613121775,9,0.6947887500000001,0.9925218224525452,1
1927,25732,21.835437506033752,30,0.6944325,1.172234944999218,1
1928,25740,5.564961935992416,8,0.6943375,0.7821894884109497,1
1929,25755,11.970101824069316,15,0.694159375,0.9992015163103739,1
1930,25780,21.729189268418295,25,0.6938625,1.030688158103398,1
1931,25789,7.16135697992567,9,0.6937556250000001,1.1063114404678345,1
1932,25807,13.056256381494661,18,0.693541875,1.2896069884300232,1
1933,25837,21.055670543081145,30,0.693185625,1.1373455747961998,0
1934,25847,8.553266790671517,10,0.693066875,1.1193873286247253,1
1935,25857,7.443227656842625,10,0.692948125,1.4721371332804363,1
1936,25870,9.130962469010225,13,0.69279375,1.1053122878074646,1
1937,25878,6.9532023969221965,8,0.69269875,1.2124222218990326,1
1938,25882,2.5642135175608773,4,0.6926512499999999,1.0162955522537231,1
1939,25893,7.25704540350258,11,0.692520625,1.4063456058502197,1
1940,25923,23.111602395417936,30,0.692164375,1.0228103314127241,0
1941,25927,2.279247184525165,4,0.692116875,1.0200053453445435,1
1942,25957,23.587479828436955,30,0.691760625,1.1635205522179604,0
1943,25969,10.39296731812009,12,0.691618125,1.0027231574058533,1
1944,25975,4.756103542829466,6,0.691546875,0.606574535369873,1
1945,26005,21.08953434693919,30,0.6911906250000001,0.9676207974553108,0
1946,26023,12.933790617033864,18,0.690976875,1.2795620113611221,1
1947,26035,9.95953976180612,12,0.690834375,1.167855143547058,1
1948,26050,12.610322102513445,15,0.69065625,1.150038093328476,1
1949,26080,25.99847342075849,30,0.6903,1.1770457699894905,0
1950,26098,12.93622946007174,18,0.69008625,1.0588078051805496,1
1951,26128,21.41195988972403,30,0.68973,1.0638017058372498,0
1952,26133,3.5992609509428304,5,0.689670625,1.6388630867004395,1
1953,26156,20.98919048176548,23,0.6893975,1.0942638715108235,1
1954,26163,5.795840608268148,7,0.689314375,1.026904821395874,1
1955,26174,7.885160980135533,11,0.68918375,1.2914352416992188,1
1956,26182,5.534033723496663,8,0.68908875,1.1048280000686646,1
1957,26212,20.71055988668861,30,0.6887325,1.3422518074512482,0
1958,26227,12.138098518919623,15,0.688554375,1.2183447281519573,1
1959,26257,21.280148366271018,30,0.688198125,1.0910399109125137,0
1960,26262,3.5584032579861944,5,0.68813875,1.0835986137390137,1
1961,26278,13.453239927568829,16,0.68794875,1.1445225030183792,1
1962,26284,4.001601302190288,6,0.6878775,0.8852051794528961,1
1963,26295,7.170198667508675,11,0.687746875,1.1321218013763428,1
1964,26298,1.7953289908768333,3,0.68771125,1.4024903774261475,1
1965,26328,25.500925394817287,30,0.6873549999999999,1.128898486495018,0
1966,26335,5.754500115281428,7,0.687271875,1.549123764038086,1
1967,26349,10.645834754196533,14,0.687105625,1.2955715954303741,1
1968,26354,3.202326951244266,5,0.68704625,0.8185995817184448,1
1969,26371,12.89346221801554,17,0.686844375,0.9278966933488846,1
1970,26384,11.750929713920481,13,0.68669,0.9663139879703522,1
1971,26412,22.206518777378847,28,0.6863575,1.0012973972729273,1
1972,26425,9.172078048289807,13,0.686203125,1.1635973850886028,1
1973,26443,13.48247125207788,18,0.685989375,0.9694018512964249,1
1974,26473,24.313098013611906,30,0.6856331250000001,1.0148211270570755,0
1975,26503,24.40780488658505,30,0.685276875,0.9975760323660714,0
1976,26513,7.20583940121918,10,0.6851581250000001,0.9973061680793762,1
1977,26543,21.32511734483425,30,0.684801875,0.9054638743400574,0
1978,26573,22.362522869017372,30,0.684445625,1.1444467902183533,0
1979,26600,21.379036898878546,27,0.684125,1.1778373888560705,1
1980,26629,21.83595824543825,29,0.683780625,1.0813265783446175,1
1981,26639,7.755258209735229,10,0.6836618750000001,0.9881777763366699,1
1982,26643,2.280025221957635,4,0.6836143750000001,0.7105540037155151,1
1983,26648,3.9946683982792917,5,0.683555,1.614670217037201,1
1984,26654,4.565277519895569,6,0.68348375,0.74868243932724,1
1985,26659,3.057051189737286,5,0.683424375,0.8939135074615479,1
1986,26667,4.9783725922928115,8,0.683329375,0.933387041091919,1
1987,26692,20.28796161935842,25,0.6830324999999999,1.1201177069119044,1
1988,26703,8.362225131448236,11,0.682901875,1.3696466088294983,1
1989,26726,15.600120699435598,23,0.68262875,1.2400048573811848,1
1990,26754,19.695934889401478,28,0.68229625,1.179665241922651,1
1991,26768,10.653948735476716,14,0.68213,0.9444430470466614,1
1992,26774,3.760384196976357,6,0.6820587499999999,0.9831010699272156,1
1993,26795,16.64926062061959,21,0.681809375,1.1693167448043824,1
1994,26825,20.886958617777896,30,0.681453125,1.2028067633509636,1
1995,26837,9.046529688136037,12,0.6813106250000001,1.0922345320383708,1
1996,26842,3.851163294284486,5,0.68125125,1.4464666843414307,1
1997,26857,13.197257592204947,15,0.681073125,1.0366821587085724,1
1998,26867,7.0528451378802615,10,0.680954375,1.15537491440773,1
1999,26884,14.558468589771142,17,0.6807525,0.9957454085350037,1
2000,26891,5.362625850721352,7,0.680669375,1.0568159818649292,1
2001,26897,4.957172438484455,6,0.6805981249999999,0.8784129917621613,1
2002,26903,4.206270650355027,6,0.680526875,1.5461149215698242,1
2003,26907,2.7943365791981405,4,0.680479375,1.0970115661621094,1
2004,26914,5.76015455078024,7,0.68039625,1.1250939965248108,1
2005,26944,22.642592160401172,30,0.68004,1.416644111275673,0
2006,26953,6.987978328121835,9,0.679933125,1.0411284565925598,1
2007,26964,7.610390261839502,11,0.6798025,1.20536865790685,1
2008,26988,17.18109235745311,24,0.6795175,1.130830079317093,1
2009,27002,10.493439930468357,14,0.6793512500000001,1.022303819656372,1
2010,27016,9.931009898482369,14,0.679185,1.0085326880216599,1
2011,27028,9.055602855341624,12,0.6790425,1.4695969025293987,1
2012,27058,21.032157649057794,30,0.6786862499999999,1.0925719695431846,0
2013,27073,9.92419717473091,15,0.678508125,1.4988015294075012,1
2014,27089,12.447897314821077,16,0.6783181250000001,0.9127116948366165,1
2015,27092,1.5982070401394535,3,0.6782825,1.1815145015716553,1
2016,27107,13.271172319111612,15,0.678104375,0.7535286943117777,1
2017,27115,6.79941759794929,8,0.678009375,1.6918457746505737,1
2018,27118,1.9875621172107356,3,0.67797375,1.2222129106521606,1
2019,27148,22.446547845999742,30,0.6776175,1.1226646527647972,0
2020,27166,14.445452623962764,18,0.6774037500000001,1.4838034212589264,1
2021,27185,13.780686332366429,19,0.677178125,1.089460849761963,1
2022,27188,1.9583725634928275,3,0.6771425,0.9328718185424805,1
2023,27205,14.037867841464513,17,0.6769406250000001,1.2039303481578827,1
2024,27226,16.888164172290782,21,0.67669125,1.4116918087005614,1
2025,27232,4.357717123223251,6,0.67662,1.474650502204895,1
2026,27249,11.58236285227852,17,0.6764181250000001,1.264866292476654,1
2027,27267,14.761233139141565,18,0.676204375,1.1362590491771698,1
2028,27297,21.922414490293605,30,0.675848125,1.2572660893201828,1
2029,27320,17.93555020527028,23,0.675575,1.4606743852297466,1
2030,27325,3.200089460961302,5,0.6755156250000001,1.0500659942626953,1
2031,27355,24.420706503208468,30,0.675159375,1.1449649589402335,0
2032,27373,14.970074002741875,18,0.6749456250000001,1.2550678253173828,1
2033,27397,19.0899458537122,24,0.674660625,1.0893382628758748,1
2034,27418,17.65925621204657,21,0.67441125,1.4569124698638916,1
2035,27448,21.1747013013749,30,0.6740550000000001,1.1314521431922913,0
2036,27453,3.758507393455113,5,0.6739956250000001,1.5524488687515259,1
2037,27483,24.3494331112985,30,0.673639375,1.0331015757152013,0
2038,27498,10.413753442870654,15,0.67346125,1.384957104921341,1
2039,27508,6.452309840943816,10,0.6733425,0.6385853588581085,1
2040,27513,3.9590471683324666,5,0.673283125,1.2356579303741455,1
2041,27537,17.42820906760418,24,0.6729981250000001,1.0430294573307037,1
2042,27546,7.3536098183032035,9,0.6728912499999999,0.9949354827404022,1
2043,27576,21.382683314851313,30,0.672535,1.2113537788391113,0
2044,27587,8.206113224944705,11,0.6724043749999999,1.3356990814208984,1
2045,27595,6.358550526537304,8,0.672309375,0.9752688407897949,1
2046,27625,23.987289267363245,30,0.6719531249999999,1.1493926867842674,0
2047,27637,9.606961118100983,12,0.671810625,1.4030624230702717,1
2048,27663,21.727862610530796,26,0.6715018749999999,1.2864356637001038,1
2049,27666,1.4807360421533566,3,0.67146625,1.6257424354553223,1
2050,27691,20.126857781044833,25,0.6711693750000001,1.293148120244344,1
2051,27694,1.5982070401394535,3,0.6711337500000001,0.9892735481262207,1
2052,27700,4.957172438484455,6,0.6710625,1.404934287071228,1
2053,27722,18.17511733531104,22,0.67080125,1.1968514442443847,1
2054,27735,9.98244943668657,13,0.6706468750000001,1.074912389119466,1
2055,27754,14.174271593185383,19,0.67042125,1.0504772186279296,1
2056,27772,12.816818955929325,18,0.6702075000000001,1.257604146003723,1
2057,27788,10.676461321938913,16,0.6700175,1.161408245563507,1
2058,27801,10.60317921662698,13,0.669863125,1.2966073354085286,1
2059,27819,15.049528654996971,18,0.6696493750000001,1.0547726154327393,1
2060,27823,2.6041282209539864,4,0.669601875,1.2154489755630493,1
2061,27828,4.047729669651742,5,0.6695425,1.0446045398712158,1
2062,27834,4.559259370107493,6,0.66947125,0.8008452653884888,1
2063,27848,9.768495234779316,14,0.669305,1.2622357308864594,1
2064,27878,20.693181818181827,30,0.66894875,1.3206162452697754,0
2065,27888,7.777858567575345,10,0.66883,0.7633803486824036,1
2066,27893,3.555800892602484,5,0.6687706250000001,1.694476842880249,1
2067,27899,4.959018187143877,6,0.6686993750000001,1.6153593063354492,1
2068,27904,3.2004797674121805,5,0.66864,1.2097296714782715,1
2069,27920,11.533161155257142,16,0.66845,1.2891273945569992,1
2070,27925,2.9250654199020447,5,0.668390625,1.0840840339660645,1
2071,27947,19.597647059012477,22,0.6681293749999999,1.3217702150344848,1
2072,27956,8.117284734912726,9,0.6680225,1.0840890606244404,1
2073,27972,12.556122943827658,16,0.6678325,0.9811000972986221,1
2074,27981,6.399784142717313,9,0.6677256250000001,1.186741828918457,1
2075,27985,2.403409090909091,4,0.667678125,0.9230824708938599,1
2076,27991,4.98333479349985,6,0.6676068749999999,1.3447483777999878,1
2077,27997,3.8910545685242237,6,0.667535625,1.2334416508674622,1
2078,28009,8.213460672411745,12,0.667393125,1.4607763290405273,1
2079,28024,10.675211037481997,15,0.667215,1.4157308638095856,1
2080,28028,2.957376534134098,4,0.6671675,1.603672981262207,1
2081,28039,8.525944097466446,11,0.667036875,1.1522209644317627,1
2082,28052,10.846573679473352,13,0.6668825,1.3960263133049011,1
2083,28061,7.756068330840148,9,0.6667756250000001,1.744805932044983,1
2084,28086,18.197558504593303,25,0.66647875,1.0423381328582764,1
2085,28104,14.604269042806575,18,0.666265,1.2689606428146363,1
2086,28129,19.095676482680222,25,0.665968125,1.0629383325576782,1
2087,28159,25.30456670500829,30,0.665611875,1.4274025133677892,0
2088,28187,23.08786284600297,28,0.665279375,1.4676673582621984,1
2089,28211,19.79781242413093,24,0.664994375,1.2672130068143208,1
2090,28224,11.746815995258663,13,0.66484,1.7014635503292084,1
2091,28254,21.124996213145717,30,0.66448375,1.213351913860866,0
2092,28261,5.362625850721352,7,0.6644006250000001,1.1081176400184631,1
2093,28276,12.55985702482747,15,0.6642225,1.0471331775188446,1
2094,28280,2.987565628278572,4,0.664175,0.9922435879707336,1
2095,28290,7.247815350909207,10,0.66405625,0.7612699568271637,1
2096,28307,13.172355458881833,17,0.663854375,1.2403588593006134,1
2097,28326,14.616350523911352,19,0.66362875,1.375047767162323,1
2098,28335,7.756711322933838,9,0.663521875,1.063352882862091,1
2099,28365,22.60040552513911,30,0.663165625,1.266501821577549,0
2100,28382,12.889327564054787,17,0.6629637500000001,1.1657688319683075,1
2101,28391,6.7212496715681205,9,0.662856875,1.3341631591320038,1
2102,28393,1.1985551664893401,2,0.662833125,1.2781376838684082,1
2103,28400,5.95717232116616,7,0.66275,1.068541407585144,1
2104,28404,2.2818724057897204,4,0.6627025,1.5022532939910889,1
2105,28424,17.725463242350852,20,0.6624650000000001,1.1661232471466065,1
2106,28442,13.646119273902704,18,0.66225125,1.540087878704071,1
2107,28452,8.153063729976644,10,0.6621325,1.364288369814555,1
2108,28458,3.853372592292811,6,0.66206125,1.0155975818634033,1
2109,28467,7.195432494605612,9,0.6619543750000001,0.8680290579795837,1
2110,28481,10.125478417804606,14,0.661788125,1.1472374498844147,1
2111,28497,13.014882841925541,16,0.661598125,1.0814367234706879,1
2112,28527,22.363532436920355,30,0.661241875,1.2153238994734628,0
2113,28534,5.002468454867798,7,0.66115875,1.0451036095619202,1
2114,28564,25.937098010762423,30,0.6608025,1.2535142451524734,0
2115,28578,10.967310766461713,14,0.66063625,1.2327254215876262,1
2116,28599,18.691046459864282,21,0.6603868749999999,0.9706325531005859,1
2117,28613,10.40745212284657,14,0.660220625,1.1357957869768143,1
2118,28643,23.26284225002246,30,0.659864375,1.2505245123590742,0
2119,28653,8.392709233251875,10,0.659745625,1.273692011833191,1
2120,28672,15.287191950178233,19,0.65952,1.2598482370376587,1
2121,28678,4.168326355982437,6,0.65944875,1.0471359491348267,1
2122,28698,18.148398330187305,20,0.65921125,0.9835317373275757,1
2123,28728,21.732766088088272,30,0.658855,1.1028595194220543,0
2124,28745,12.772007589347654,17,0.6586531250000001,1.3672980964183807,1
2125,28751,4.955331180282426,6,0.658581875,1.3648862838745117,1
2126,28781,23.34151874502385,30,0.658225625,1.362372249364853,0
2127,28804,19.679416118561292,23,0.6579525,1.2355054716269176,1
2128,28825,16.18466616754353,21,0.657703125,1.0784493923187255,1
2129,28855,23.38841017690834,30,0.657346875,1.2833099620682853,0
2130,28864,7.55925025493723,9,0.65724,1.5239901741345723,1
2131,28874,9.271376041219538,10,0.6571212500000001,1.2536281943321228,1
2132,28885,7.932909784018633,11,0.6569906249999999,1.2204529841740925,1
2133,28899,11.205873080727615,14,0.656824375,1.2674497763315837,1
2134,28912,9.85436134447865,13,0.6566700000000001,1.3816667050123215,1
2135,28921,7.112270494324059,9,0.656563125,1.1083632707595825,1
2136,28925,2.164772727272727,4,0.6565156249999999,1.6237597465515137,1
2137,28927,1.1211282096181674,2,0.656491875,nan,1
2138,28936,6.564321148579298,9,0.656385,1.017111897468567,1
2139,28966,22.039068239433664,30,0.65602875,1.1052540370396204,0
2140,28982,12.213464110856304,16,0.65583875,1.1480008959770203,1
2141,29000,15.646228635417735,18,0.655625,1.3976022005081177,1
2142,29015,12.758083678249967,15,0.655446875,1.3137342135111492,1
2143,29025,6.3709343128667255,10,0.655328125,1.4018044869105022,1
2144,29033,6.358375769676713,8,0.655233125,0.9812650084495544,1
2145,29063,23.077232786712806,30,0.654876875,1.3918747901916504,0
2146,29089,19.51031817406631,26,0.654568125,1.1736740214484078,1
2147,29116,21.17673354709934,27,0.6542475000000001,1.3030911428587777,1
2148,29118,1.0508547873237735,2,0.6542237500000001,nan,1
2149,29148,21.438567498883142,30,0.6538675,1.3326538056135178,0
2150,29157,7.157639978198005,9,0.653760625,1.0495272278785706,1
2151,29164,4.5232727050070425,7,0.6536775,1.1750590205192566,1
2152,29182,14.129230803856343,18,0.65346375,1.65195694565773,1
2153,29192,8.555400311076218,10,0.6533450000000001,1.3215607404708862,1
2154,29216,17.424819070385627,24,0.65306,1.056706706682841,1
2155,29246,21.521386844408543,30,0.65270375,1.3522124545914787,0
2156,29276,21.483340792547054,30,0.6523475000000001,1.2270257771015167,0
2157,29284,5.12474412205413,8,0.6522525,0.9621759057044983,1
2158,29286,0.9660165442504834,2,0.65222875,nan,1
2159,29290,2.7924868791082558,4,0.65218125,1.3995860815048218,1
2160,29298,6.000589545131331,8,0.65208625,1.412911057472229,1
2161,29303,3.9571975996624404,5,0.652026875,1.0505170822143555,1
2162,29333,22.48839458082803,30,0.651670625,1.1086480915546417,0
2163,29343,7.817394379641366,10,0.651551875,1.2653455138206482,1
2164,29354,7.648954952548197,11,0.6514212500000001,1.2074447870254517,1
2165,29361,4.682636653665515,7,0.651338125,1.2891641855239868,1
2166,29368,4.4429259402359484,7,0.651255,1.641481637954712,1
2167,29391,19.933516350863677,23,0.650981875,1.215291690826416,1
2168,29404,11.752746864571137,13,0.6508275,1.090109497308731,1
2169,29411,5.756468266491147,7,0.6507443749999999,1.0947132110595703,1
2170,29440,21.868989656633033,29,0.6504000000000001,1.3135805875062943,1
2171,29470,22.561830182511663,30,0.65004375,1.037500730582646,0
2172,29500,24.588996348409122,30,0.6496875,1.2686389461159706,0
2173,29526,20.656318495661434,26,0.64937875,1.3210747639338176,1
2174,29536,6.618415295782348,10,0.6492600000000001,1.303022305170695,1
2175,29550,11.161840515936975,14,0.64909375,1.5381546815236409,1
2176,29554,2.6014994876461497,4,0.64904625,1.696058750152588,1
2177,29576,17.624828866008375,22,0.6487850000000001,1.3674173255761464,1
2178,29606,23.957844385787112,30,0.6484287500000001,1.4209019712039404,0
2179,29636,23.492905552162885,30,0.6480725,1.2965595424175262,0
2180,29666,23.91316476980345,30,0.64771625,1.1818058746201652,0
2181,29692,21.363746744410513,26,0.6474075,1.175575750214713,1
2182,29697,3.8534120248722843,5,0.6473481249999999,1.6204553842544556,1
2183,29727,20.736539129221807,30,0.646991875,1.1668756689344133,0
2184,29734,5.758304962662924,7,0.64690875,1.2944753766059875,1
2185,29763,24.519848373788932,29,0.646564375,1.2571542603628976,1
2186,29771,6.3567920008618755,8,0.646469375,1.3568875193595886,1
2187,29801,23.669904557370177,30,0.6461131250000001,1.190716676414013,0
2188,29809,6.395544540845169,8,0.646018125,1.409172236919403,1
2189,29835,18.42313940146817,26,0.645709375,1.5024563670158386,1
2190,29863,21.822589202540804,28,0.645376875,1.3266268627984183,1
2191,29884,16.769561018711382,21,0.6451275000000001,1.5264673630396526,1
2192,29914,23.55180659138111,30,0.64477125,1.268827966281346,0
2193,29921,4.732098568305835,7,0.6446881250000001,1.365113914012909,1
2194,29931,6.975938973809182,10,0.644569375,1.2622655034065247,1
2195,29940,6.680943727940502,9,0.6444624999999999,1.039885421593984,1
2196,29970,23.913468247762207,30,0.6441062500000001,1.0580639413424902,0
2197,29977,5.9550588766979375,7,0.644023125,1.0233022570610046,1
2198,29981,2.7924868791082558,4,0.6439756249999999,0.9258379340171814,1
2199,30007,19.995983385824168,26,0.6436668750000001,1.4154968957106273,1
2200,30037,20.971604037247232,30,0.643310625,1.3726918399333954,1
2201,30043,4.359539621622558,6,0.6432393750000001,1.3118116855621338,1
2202,30052,6.246423476353581,9,0.6431325000000001,1.143082042535146,1
2203,30082,20.454545454545464,30,0.64277625,1.1973179919379098,0
2204,30092,7.321666895422856,10,0.6426575000000001,1.4933757781982422,1
2205,30102,6.686055009434843,10,0.6425387499999999,1.553721308708191,1
2206,30111,6.25170957370898,9,0.642431875,1.074139028787613,1
2207,30116,3.9572063683176055,5,0.6423725,1.2564657926559448,1
2208,30146,21.63971840270542,30,0.64201625,1.402679715837751,0
2209,30157,8.60345386672272,11,0.641885625,1.3562486569086711,1
2210,30162,3.5602517817985087,5,0.64182625,1.1334867477416992,1
2211,30181,13.781684852896143,19,0.641600625,1.2649379253387452,1
2212,30205,17.187870209281186,24,0.6413156250000001,1.5402899583180745,1
2213,30231,21.04420750397792,26,0.641006875,1.0353781779607136,1
2214,30260,20.292193591089347,29,0.6406625,1.1500313952565193,1
2215,30263,1.7953289908768333,3,0.640626875,nan,1
2216,30284,15.592265904370402,21,0.6403775,1.280692607164383,1
2217,30290,4.390556182208385,6,0.6403062500000001,1.5249519348144531,1
2218,30305,10.049375411287816,15,0.640128125,0.9411580562591553,1
2219,30335,26.638082178035845,30,0.639771875,1.0241326263972692,0
2220,30339,2.403409090909091,4,0.639724375,1.4520573616027832,1
2221,30344,3.1985928590312933,5,0.6396649999999999,1.513096809387207,1
2222,30370,18.790161411003496,26,0.6393562500000001,1.1205047170321147,1
2223,30380,8.721598474373755,10,0.6392375,1.2424525419871013,1
2224,30385,2.9659090909090904,5,0.639178125,0.648607611656189,1
2225,30395,8.03302909371289,10,0.639059375,1.4701274633407593,1
2226,30399,2.401190587607902,4,0.639011875,1.003612756729126,1
2227,30429,21.02649018596,30,0.638655625,1.414763405919075,0
2228,30450,17.050359944606097,21,0.6384062500000001,1.310972762107849,1
2229,30453,1.4547784624645592,3,0.6383706250000001,1.0521643161773682,1
2230,30463,6.569418108673385,10,0.638251875,1.2073920965194702,1
2231,30476,10.98677629198976,13,0.6380975,1.329174280166626,1
2232,30506,20.625318908969454,30,0.6377412499999999,1.44461818252291,0
2233,30522,13.957062621201464,16,0.63755125,1.258675068616867,1
2234,30536,10.102404212760343,14,0.6373850000000001,1.3437359631061554,1
2235,30565,20.75742500922912,29,0.637040625,1.5177490200315202,1
2236,30572,4.531087049536284,7,0.6369575000000001,1.5623087882995605,1
2237,30589,13.007928456100455,17,0.636755625,1.16290482878685,1
2238,30596,4.8805142328603095,7,0.6366725,1.1731308102607727,1
2239,30610,11.389802631583082,14,0.63650625,0.9962600866953532,1
2240,30634,19.053554040447608,24,0.63622125,1.268966535727183,1
2241,30647,8.817640778933027,13,0.636066875,0.8508834441502889,1
2242,30670,15.404461873504053,23,0.6357937499999999,1.4189155499140422,1
2243,30700,23.62108488734837,30,0.6354375000000001,1.2957228645682335,0
2244,30730,24.265877458936917,30,0.63508125,1.4218239273343767,0
2245,30736,4.601212593773781,6,0.6350100000000001,1.3189553618431091,1
2246,30745,6.082914606664361,9,0.634903125,1.4753860831260681,1
2247,30757,10.591568891804112,12,0.634760625,1.231852412223816,1
2248,30775,14.146208981712306,18,0.6345468750000001,1.3076979964971542,1
2249,30800,18.348758479444758,25,0.63425,1.4366735475403922,1
2250,30805,3.9590471683324666,5,0.634190625,1.745208978652954,1
2251,30816,8.516332523165099,11,0.6340600000000001,1.051912546157837,1
2252,30823,5.786316882786403,7,0.633976875,1.4829599857330322,1
2253,30828,3.998811416031204,5,0.6339174999999999,1.1585299372673035,1
2254,30831,1.602272727272727,3,0.633881875,nan,1
2255,30840,7.788322039015832,9,0.633775,1.3889240423838298,1
2256,30869,19.539969485743313,29,0.633430625,1.2147637861115592,1
2257,30881,10.675067588885412,12,0.633288125,1.1963075200716655,1
2258,30911,22.69756861297571,30,0.632931875,1.1849199192864555,0
2259,30932,14.319814967521218,21,0.6326825,1.2146394550800323,1
2260,30936,2.3974713947814035,4,0.6326350000000001,1.883573055267334,1
2261,30939,1.5982070401394535,3,0.6325993750000001,nan,1
2262,30965,19.111207296421394,26,0.632290625,1.22466037103108,1
2263,30975,7.516885078576837,10,0.632171875,1.037592887878418,1
2264,30991,11.290840853335451,16,0.631981875,1.5087080299854279,1
2265,31014,16.075205391143175,23,0.63170875,1.2297643025716145,1
2266,31017,1.7649228101313175,3,0.6316731250000001,1.8471477031707764,1
2267,31047,20.73886758607898,30,0.631316875,1.2930219343730383,0
2268,31050,1.9602091714909529,3,0.63128125,0.9783059358596802,1
2269,31080,21.570585057915554,30,0.630925,1.2690837979316711,0
2270,31096,11.868121101341837,16,0.630735,1.2582577615976334,1
2271,31105,6.566452474332893,9,0.6306281250000001,1.2361268997192383,1
2272,31117,8.570628780620627,12,0.630485625,1.3021519382794697,1
2273,31147,21.118771742099057,30,0.630129375,1.49004670551845,0
2274,31169,15.42839209901707,22,0.629868125,1.1572145024935405,1
2275,31171,0.9850976595546611,2,0.629844375,nan,1
2276,31190,12.711950855225783,19,0.62961875,1.387619960308075,1
2277,31196,4.554792597190375,6,0.6295474999999999,1.5176958441734314,1
2278,31208,7.792584008965362,12,0.629405,1.608364502588908,1
2279,31238,20.853780349637184,30,0.6290487499999999,1.1239905527659826,0
2280,31267,22.586309196414522,29,0.6287043750000001,1.268911940710885,1
2281,31282,12.459107434474323,15,0.62852625,1.7284656465053558,1
2282,31312,22.11856921121969,30,0.62817,1.2951888889074326,0
2283,31324,9.75914737714046,12,0.6280275,1.1530272960662842,1
2284,31334,8.591180624591763,10,0.62790875,1.3623825907707214,1
2285,31364,21.263626107553076,30,0.6275525,1.035212479531765,0
2286,31371,5.160682377830897,7,0.627469375,1.1286842823028564,1
2287,31380,6.760716053333433,9,0.6273625,1.4416168332099915,1
2288,31386,5.271634384914693,6,0.6272912500000001,1.1221915483474731,1
2289,31395,7.5498374607761685,9,0.627184375,1.2083629071712494,1
2290,31407,9.76174717759065,12,0.627041875,1.5591946442921956,1
2291,31419,10.580257710937547,12,0.626899375,1.2918028036753337,1
2292,31434,11.3334811146064,15,0.62672125,1.192564696073532,1
2293,31446,10.953485384285493,12,0.62657875,1.1185052394866943,1
2294,31476,24.062619478665074,30,0.6262225,1.189314715564251,0
2295,31479,1.5974290027069837,3,0.626186875,nan,1
2296,31509,20.744510179236737,30,0.6258306250000001,1.5510808825492859,0
2297,31519,8.397260747992814,10,0.625711875,1.39453786611557,1
2298,31531,10.551943648231841,12,0.625569375,1.4058611392974854,1
2299,31561,25.619429800387294,30,0.625213125,1.3517965972423553,0
2300,31574,9.086903226160594,13,0.62505875,1.241470197836558,1
2301,31578,2.3967428722363344,4,0.62501125,1.3481128215789795,1
2302,31608,22.277612115945267,30,0.624655,1.3713133335113525,1
2303,31638,24.37515689067519,30,0.62429875,1.2766143849917821,0
2304,31644,3.9967504452686016,6,0.6242274999999999,1.4171268939971924,1
2305,31665,16.53737209472409,21,0.623978125,1.331168031692505,1
2306,31695,21.37453333955893,30,0.623621875,1.4204393540109908,0
2307,31702,5.158837542444967,7,0.62353875,1.1928023099899292,1
2308,31732,20.76828293797207,30,0.6231825,1.440966323018074,0
2309,31762,21.2017599518558,30,0.62282625,1.273477852344513,0
2310,31779,13.131005166534143,17,0.622624375,1.3541126549243927,1
2311,31795,11.878996682773792,16,0.6224343750000001,1.4575154185295105,1
2312,31799,2.401173448340891,4,0.622386875,2.0755364894866943,1
2313,31804,3.994268219868442,5,0.6223274999999999,1.3091039061546326,1
2314,31816,7.5853347267904185,12,0.622185,1.010955015818278,1
2315,31819,2.1216552131335713,3,0.622149375,nan,1
2316,31844,18.29398771509565,25,0.6218525,1.1547020758901323,1
2317,31874,23.152247468039793,30,0.6214962500000001,1.3673312664031982,0
2318,31894,15.02201632136876,20,0.62125875,1.2292677521705628,1
2319,31908,9.18080766976934,14,0.6210925,1.3504557311534882,1
2320,31915,5.048984718800728,7,0.6210093750000001,1.4079508781433105,1
2321,31939,16.67398645393852,24,0.620724375,1.3009471893310547,1
2322,31969,22.70608234699751,30,0.620368125,1.3345379680395126,0
2323,31976,5.557244124520066,7,0.620285,1.292423963546753,1
2324,31985,6.458076384194985,9,0.620178125,1.696968913078308,1
2325,32002,14.514694804454138,17,0.61997625,1.2597502171993256,1
2326,32013,8.209303557151317,11,0.6198456250000001,1.6653600136439006,1
2327,32017,2.401190587607902,4,0.619798125,1.3139350414276123,1
2328,32038,15.863560969764814,21,0.61954875,1.5613261461257935,1
2329,32046,6.080765659269239,8,0.61945375,1.299156129360199,1
2330,32076,23.62230744133549,30,0.6190975000000001,1.3655416667461395,0
2331,32090,11.40513529581522,14,0.6189312499999999,1.2951054573059082,1
2332,32110,17.31877685968578,20,0.61869375,1.6110345125198364,1
2333,32118,6.2091554680053855,8,0.61859875,1.7893270254135132,1
2334,32137,13.706894026656634,19,0.618373125,1.2827286124229431,1
2335,32151,9.891419052466333,14,0.618206875,1.3314483960469563,1
2336,32160,7.589350292845097,9,0.6181,1.1072839498519897,1
2337,32190,20.93536669747979,30,0.61774375,1.4706461429595947,0
2338,32202,9.808897260235941,12,0.61760125,1.5478225151697795,1
2339,32211,6.247170358919145,9,0.617494375,1.2950952053070068,1
2340,32220,5.927737666162004,9,0.6173875,1.4979737599690754,1
2341,32248,22.543007661315656,28,0.617055,1.3846501878329687,1
2342,32259,9.957161909584332,11,0.616924375,1.4543504118919373,1
2343,32269,8.676537609350902,10,0.616805625,1.0718103051185608,1
2344,32284,9.87038907418489,15,0.6166275,1.4804174304008484,1
2345,32288,2.759508927129191,4,0.61658,1.6181557178497314,1
2346,32300,7.6170996785169915,12,0.6164375,1.134862979253133,1
2347,32312,10.004781936503246,12,0.616295,1.422983169555664,1
2348,32323,8.086420373778584,11,0.6161643750000001,1.6398526430130005,1
2349,32339,11.850503884717416,16,0.615974375,1.359854370355606,1
2350,32348,7.849822623583232,9,0.6158675,1.5837664604187012,1
2351,32363,11.250611605095772,15,0.6156893750000001,1.6699978907903035,1
2352,32393,23.109386246497433,30,0.615333125,1.574197381734848,1
2353,32397,3.1953619739646433,4,0.6152856250000001,1.3187952041625977,1
2354,32401,2.3775335109393954,4,0.6152381250000001,1.0282613039016724,1
2355,32426,20.362563392316613,25,0.61494125,1.3729345401128132,1
2356,32456,20.88420754353323,30,0.6145849999999999,1.2782146781682968,0
2357,32467,8.965687464460231,11,0.614454375,1.0497456192970276,1
2358,32491,18.927778059994942,24,0.614169375,1.2441462675730388,1
2359,32494,1.5974290027069835,3,0.61413375,2.4025495052337646,1
2360,32504,8.588886433908408,10,0.614015,1.6366137266159058,1
2361,32508,2.5642135175608773,4,0.6139675,1.0396690368652344,1
2362,32514,5.270064103801667,6,0.61389625,1.206001877784729,1
2363,32518,2.7572907203812167,4,0.61384875,1.273550033569336,1
2364,32528,6.3701562754342556,10,0.61373,1.3888761202494304,1
2365,32543,11.209816857504512,15,0.613551875,1.215429663658142,1
2366,32573,21.149577595214712,30,0.613195625,1.4437266364693642,0
2367,32603,22.78511450691236,30,0.6128393750000001,1.3092565877096993,0
2368,32632,22.375495082470888,29,0.612495,1.4795799851417542,1
2369,32648,12.561030994961172,16,0.612305,1.3901299238204956,1
2370,32653,3.9590471683324666,5,0.612245625,1.5012009143829346,1
2371,32683,20.836498129951533,30,0.6118893750000001,1.2729866078921728,0
2372,32711,19.165474814632567,28,0.611556875,1.4529916388647897,1
2373,32716,3.7593386857253077,5,0.6114975,0.9442806243896484,1
2374,32730,10.055627197471106,14,0.61133125,1.141148289044698,1
2375,32735,3.2004649388892776,5,0.611271875,1.0369821786880493,1
2376,32765,20.653390805069556,30,0.6109156250000001,1.3846812844276428,0
2377,32780,12.16765685364113,15,0.6107374999999999,1.3604512959718704,1
2378,32810,24.93691458500414,30,0.61038125,1.342060889516558,0
2379,32825,10.926168014586194,15,0.610203125,1.2143388986587524,1
2380,32855,20.825023931327834,30,0.609846875,1.1964465635163444,0
2381,32867,9.960000451751114,12,0.609704375,1.4836465915044148,1
2382,32889,16.898053572599867,22,0.6094431250000001,1.2423173288504283,1
2383,32900,7.114001699872821,11,0.6093125,1.7157329718271892,1
2384,32930,23.702874803712913,30,0.60895625,1.4229514769145422,0
2385,32937,4.703217995245714,7,0.608873125,1.1130163073539734,1
2386,32950,10.191744962428116,13,0.60871875,1.5858532190322876,1
2387,32952,1.1211282096181674,2,0.608695,1.7243624925613403,1
2388,32980,21.385326924831624,28,0.6083625,1.4506556987762451,1
2389,33010,22.081546883221787,30,0.6080062500000001,1.5324614558901106,0
2390,33020,8.557766317661914,10,0.6078875,1.427780548731486,1
2391,33050,21.17133151307249,30,0.6075312500000001,1.507239477975028,0
2392,33078,18.528409090909093,28,0.60719875,1.3901715278625488,1
2393,33084,4.877660913772151,6,0.6071275,1.287302017211914,1
2394,33088,2.2488844296919193,4,0.6070800000000001,1.5899834632873535,1
2395,33118,20.916336265512335,30,0.60672375,1.2621024336133684,0
2396,33127,7.7582992357629355,9,0.606616875,1.8468944430351257,1
2397,33140,9.766635579066394,13,0.6064625,1.428462654352188,1
2398,33150,8.559444903328455,10,0.60634375,0.936390221118927,1
2399,33155,3.989439550944213,5,0.606284375,1.7613179683685303,1
2400,33185,22.636745788674858,30,0.605928125,1.4307715892791748,0
2401,33202,14.79984779007666,17,0.60572625,1.6578866839408875,1
2402,33214,10.71974827920886,12,0.60558375,1.0639931360880535,1
2403,33238,17.38740638454676,24,0.60529875,1.4626219669977825,1
2404,33258,15.930218522565353,20,0.60506125,1.5701809883117677,1
2405,33278,14.928582291332424,20,0.60482375,1.2554140090942383,1
2406,33290,8.76049333025824,12,0.6046812500000001,1.3282221953074138,1
2407,33301,7.447539966330382,11,0.6045506250000001,1.6287509202957153,1
2408,33307,4.554792597190375,6,0.6044793749999999,1.5665533542633057,1
2409,33321,9.773295864085568,14,0.604313125,1.382849246263504,1
2410,33330,7.187430327704474,9,0.6042062500000001,1.7522552609443665,1
2411,33336,3.9990009908767297,6,0.604135,1.294983685016632,1
2412,33344,6.648775799234024,8,0.60404,1.256490707397461,1
2413,33374,21.022924222782468,30,0.6036837500000001,1.2550441793033056,0
2414,33388,12.397477904660711,14,0.6035175,1.0357921570539474,1
2415,33406,12.742070236504688,18,0.60330375,1.5951482057571411,1
2416,33414,6.955320896188731,8,0.6032087500000001,1.3631224632263184,1
2417,33416,1.2765543816746459,2,0.6031850000000001,1.2304943799972534,1
2418,33424,5.44785165881152,8,0.60309,1.544417142868042,1
2419,33444,15.114730399479837,20,0.6028525,1.4905888795852662,1
2420,33455,7.100374045781718,11,0.6027218750000001,1.1702611148357391,1
2421,33485,22.547726480893644,30,0.602365625,1.40108622610569,0
2422,33499,11.516447947111088,14,0.6021993750000001,1.3428184588750203,1
2423,33511,7.782958780668352,12,0.6020568749999999,1.6485305229822795,1
2424,33528,13.04995540305447,17,0.601855,1.3411620259284973,1
2425,33553,21.372317760178596,25,0.6015581249999999,1.8498043815294902,1
2426,33578,17.511757285858284,25,0.6012612500000001,1.2611919244130452,1
2427,33582,2.9592167598122607,4,0.60121375,1.6781904697418213,1
2428,33591,7.95397606268815,9,0.6011068749999999,1.631162166595459,1
2429,33621,23.985791238814727,30,0.6007506250000001,1.6100550293922424,0
2430,33651,20.97512824919469,30,0.600394375,1.3609286802155631,0
2431,33681,25.019474710760896,30,0.600038125,1.417792297899723,0
2432,33689,5.4485387906581995,8,0.599943125,1.3714276850223541,1
2433,33696,5.723838254825417,7,0.5998600000000001,1.5397833585739136,1
2434,33701,3.9556185106781476,5,0.5998006250000001,1.7907969951629639,1
2435,33718,12.453326117192363,17,0.59959875,1.7010098099708557,1
2436,33731,8.792679750214996,13,0.599444375,1.5318787097930908,1
2437,33735,2.3989273212049906,4,0.599396875,1.1688541173934937,1
2438,33746,9.042389503212283,11,0.59926625,1.4119290510813396,1
2439,33766,16.685765765525993,20,0.59902875,1.0467206597328187,1
2440,33796,20.770490666434206,30,0.5986725,1.3547986075282097,0
2441,33815,13.503429562571927,19,0.598446875,1.2148705422878265,1
2442,33837,20.953460486800882,22,0.5981856249999999,1.3229100108146667,1
2443,33843,4.754010119222493,6,0.598114375,1.1854193210601807,1
2444,33845,0.8496688366553268,2,0.598090625,1.3319830894470215,1
2445,33848,2.277398577994079,3,0.598055,1.5675690174102783,1
2446,33870,15.585569550665046,22,0.59779375,1.115426516532898,1
2447,33882,9.853326323803524,12,0.59765125,1.107982595761617,1
2448,33905,16.631570592293343,23,0.5973781250000001,1.3126250704129536,1
2449,33912,5.599222490056632,7,0.597295,1.5197303891181946,1
2450,33918,4.597399518551311,6,0.59722375,1.6309572458267212,1
2451,33925,5.95716295071267,7,0.597140625,0.9494739174842834,1
2452,33928,1.9875621172107356,3,0.597105,1.1289949417114258,1
2453,33958,24.138819601085334,30,0.59674875,1.225113766533988,0
2454,33978,15.213136525380113,20,0.59651125,1.601235842704773,1
2455,34008,25.450188651807142,30,0.596155,1.2518411725759506,0
2456,34038,20.573863636363644,30,0.59579875,1.7197107246943883,0
2457,34049,7.026423412623734,11,0.595668125,1.5362403988838196,1
2458,34053,2.3993434037758172,4,0.595620625,1.717663288116455,1
2459,34076,17.661573332390393,23,0.5953475,1.4962061047554016,1
2460,34106,21.857786838254793,30,0.5949912500000001,1.4385665825435094,0
2461,34109,1.9602091714909529,3,0.5949556250000001,1.9771212339401245,1
2462,34125,11.805905399086122,16,0.594765625,1.4486542046070099,1
2463,34134,6.088771499527966,9,0.59465875,1.1072260737419128,1
2464,34138,2.878433599980327,4,0.59461125,1.0960173606872559,1
2465,34168,23.005498334826633,30,0.594255,1.3076424822211266,0
2466,34198,22.65114704996197,30,0.59389875,1.3723459924970354,0
2467,34212,11.79127405800669,14,0.5937325,1.4045649766921997,1
2468,34233,15.777500993955133,21,0.5934831250000001,1.605051374435425,1
2469,34256,16.336242903108978,23,0.59321,1.433938721815745,1
2470,34262,4.561489487084988,6,0.59313875,1.9448002576828003,1
2471,34270,6.7641059133534345,8,0.5930437500000001,1.372408926486969,1
2472,34300,21.528852990197887,30,0.5926875,1.4657441675662994,0
2473,34303,1.4829545454545454,3,0.592651875,nan,1
2474,34308,2.727272727272727,5,0.5925925000000001,1.7370498180389404,1
2475,34318,7.962493343700535,10,0.59247375,1.2907591462135315,1
2476,34332,9.703472975842905,14,0.5923075,1.4063619077205658,1
2477,34352,16.732891439052164,20,0.5920700000000001,1.7174041748046875,1
2478,34360,5.881274167160787,8,0.591975,1.168071687221527,1
2479,34371,6.8181818181818175,11,0.591844375,1.397289216518402,1
2480,34390,16.071224292103622,19,0.5916187500000001,1.527385449409485,1
2481,34399,6.004045283446317,9,0.591511875,1.198886513710022,1
2482,34429,22.952822147843875,30,0.5911556250000001,1.457978993654251,0
2483,34445,12.293025794528813,16,0.5909656249999999,1.478813797235489,1
2484,34475,20.859205904802835,30,0.5906093750000001,1.1219935246876307,0
2485,34505,22.796953159713752,30,0.590253125,1.4593318104743958,0
2486,34510,3.3671899923460735,5,0.5901937500000001,1.7768640518188477,1
2487,34516,4.756119597166153,6,0.5901225,1.6484137773513794,1
2488,34522,4.396609306470868,6,0.59005125,1.6765706539154053,1
2489,34549,22.40380581948815,27,0.5897306250000001,1.473795771598816,1
2490,34561,9.99486531820584,12,0.589588125,1.6190097332000732,1
2491,34579,14.817884279456488,18,0.589374375,1.1232728064060211,1
2492,34590,8.803270139655522,11,0.5892437500000001,1.2443971633911133,1
2493,34620,21.819687195055508,30,0.5888875,1.2212327122688293,0
2494,34634,11.963660680195236,14,0.5887212500000001,1.5739819606145222,1
2495,34639,3.364932165612759,5,0.588661875,1.035496711730957,1
2496,34647,5.446164161278878,8,0.5885668749999999,1.2857991456985474,1
2497,34677,21.29231429925171,30,0.5882106250000001,1.3826969116926193,0
2498,34703,18.542428284965847,26,0.587901875,1.5009087721506755,1
2499,34711,6.158667286002816,8,0.5878068750000001,1.8024755716323853,1
2500,34741,24.620624425898665,30,0.587450625,1.4706941992044449,0
2501,34749,6.753955084214117,8,0.587355625,1.1189463436603546,1
2502,34755,4.756112614600217,6,0.5872843750000001,1.9693551063537598,1
2503,34761,4.283538092266282,6,0.587213125,1.8476707339286804,1
2504,34773,9.599391632099541,12,0.587070625,1.6601603825887044,1
2505,34803,24.42831823881679,30,0.586714375,1.2796195575169154,0
2506,34812,7.321032792827263,9,0.5866075000000001,1.3722872734069824,1
2507,34824,8.175085357740674,12,0.586465,1.3956061999003093,1
2508,34848,19.135323540748686,24,0.58618,1.1240378022193909,1
2509,34870,14.95145752433959,22,0.58591875,1.1370249748229981,1
2510,34899,25.47985449630562,29,0.585574375,1.2608666164534432,1
2511,34906,5.353239555942517,7,0.58549125,1.2650030851364136,1
2512,34914,6.000626267226549,8,0.5853962500000001,1.6424129009246826,1
2513,34920,4.877655965145125,6,0.5853250000000001,1.393450379371643,1
2514,34931,8.444634572776181,11,0.5851943749999999,1.3386285603046417,1
2515,34950,16.994380268150618,19,0.58496875,1.2217535972595215,1
2516,34959,6.95697282594884,9,0.5848618750000001,1.6658549904823303,1
2517,34969,7.751227224602997,10,0.584743125,1.5796092351277669,1
2518,34987,14.928106044526428,18,0.584529375,1.3724108040332794,1
2519,35017,25.647341720286875,30,0.584173125,1.3848202750086784,0
2520,35043,18.785883166175182,26,0.583864375,1.5001917084058125,1
2521,35050,4.573164102002556,7,0.58378125,1.5870295763015747,1
2522,35057,5.156206268976306,7,0.583698125,1.1700389385223389,1
2523,35087,22.679240199992414,30,0.583341875,1.7060674258640833,0
2524,35090,1.5982070401394535,3,0.58330625,1.6035759449005127,1
2525,35110,16.409817561099896,20,0.58306875,1.2511793851852417,1
2526,35114,2.566053658965085,4,0.58302125,1.474660873413086,1
2527,35124,6.930385552421042,10,0.5829025000000001,1.7801804542541504,1
2528,35145,18.000955876310776,21,0.582653125,1.6683832168579102,1
2529,35165,17.996419809679875,20,0.582415625,1.5980986595153808,1
2530,35169,2.3989273212049906,4,0.582368125,1.5042719841003418,1
2531,35199,28.54234637124124,30,0.5820118750000001,1.489163109234401,0
2532,35225,21.532287158891883,26,0.581703125,1.225843948977334,1
2533,35255,20.9353708488036,30,0.5813468749999999,1.598125968660627,0
2534,35268,9.37382585887892,13,0.5811925,1.8476874232292175,1
2535,35292,19.372350446631057,24,0.5809075,1.3991078734397888,1
2536,35297,4.121550765822215,5,0.5808481249999999,1.0771660804748535,1
2537,35320,18.49848817769587,23,0.5805750000000001,1.6323585311571758,1
2538,35340,15.095746604914316,20,0.5803375000000001,1.5893960475921631,1
2539,35348,6.765956124664088,8,0.5802425,1.772094488143921,1
2540,35378,24.69325187516457,30,0.57988625,1.4484724743025643,0
2541,35383,3.283098497412217,5,0.579826875,1.7836472988128662,1
2542,35389,5.119686534292752,6,0.579755625,1.7419863939285278,1
2543,35419,23.40768280723367,30,0.5793993749999999,1.5607211419514246,0
2544,35429,8.235447064586884,10,0.579280625,1.7473791042963664,1
2545,35443,12.957171296997535,14,0.5791143750000001,1.6308530966440837,1
2546,35449,3.9986044287568436,6,0.579043125,1.3085236549377441,1
2547,35479,21.452098830243703,30,0.578686875,1.1833846058164323,0
2548,35509,20.76949883664571,30,0.578330625,1.5378058925271034,0
2549,35537,24.11698445909726,28,0.577998125,1.3857130237988062,1
2550,35552,13.269038046395698,15,0.57782,1.444582998752594,1
2551,35582,20.908342201868948,30,0.57746375,1.4289329392569405,0
2552,35595,9.291045599131984,13,0.577309375,1.5455337365468342,1
2553,35611,11.57324474243991,16,0.577119375,1.8201465606689453,1
2554,35641,24.054913187124924,30,0.576763125,1.763739287853241,0
2555,35657,13.2041372112801,16,0.576573125,1.4656635522842407,1
2556,35677,15.937562501680226,20,0.576335625,1.749338936805725,1
2557,35681,2.3989273212049906,4,0.576288125,1.3971282243728638,1
2558,35697,13.206137537808303,16,0.576098125,1.633575677871704,1
2559,35705,5.800668095745875,8,0.576003125,1.383369266986847,1
2560,35710,3.764141156259206,5,0.57594375,1.7725021839141846,1
2561,35740,22.173946100926326,30,0.5755875,1.3425391763448715,0
2562,35755,13.354649969109458,15,0.575409375,1.8300915956497192,1
2563,35767,9.359016069193741,12,0.5752668750000001,1.7658785978953044,1
2564,35784,11.599024775550069,17,0.575065,1.514762282371521,1
2565,35796,9.275813606360245,12,0.5749225,0.938920646905899,1
2566,35814,14.770832579365399,18,0.5747087500000001,1.844672679901123,1
2567,35819,3.60410575236479,5,0.574649375,1.2416224479675293,1
2568,35823,2.5942352256076413,4,0.574601875,1.752434253692627,1
2569,35831,6.361354211678806,8,0.574506875,1.5841507315635681,1
2570,35843,9.987422472184408,12,0.574364375,1.917969028155009,1
2571,35855,10.779614433363347,12,0.574221875,1.4782911936442058,1
2572,35867,9.720088695151441,12,0.574079375,1.417951265970866,1
2573,35897,23.740318291213875,30,0.573723125,1.6361884325742722,0
2574,35910,11.750648940109429,13,0.57356875,1.5418386856714885,1
2575,35925,13.556007779781101,15,0.573390625,1.6044435948133469,1
2576,35933,6.121480987031408,8,0.573295625,1.6907615661621094,1
2577,35938,3.9590471683324666,5,0.5732362500000001,1.7963908910751343,1
2578,35944,4.560220098719671,6,0.573165,1.6156949400901794,1
2579,35958,12.36242130911219,14,0.57299875,1.7669461965560913,1
2580,35985,18.959517894743918,27,0.572678125,1.6463933672223772,1
2581,36015,22.719261779897558,30,0.572321875,1.371241148029055,0
2582,36029,13.074250387049887,14,0.572155625,1.8132687211036682,1
2583,36059,21.684460024281186,30,0.571799375,1.5387989112309046,0
2584,36076,15.953473327909114,17,0.5715975,1.5657592296600342,1
2585,36092,14.514046092941776,16,0.5714075000000001,1.243363082408905,1
2586,36102,8.394322170418423,10,0.57128875,1.277519404888153,1
2587,36123,16.213882147981874,21,0.571039375,1.83125638961792,1
2588,36131,6.205079416761899,8,0.5709443750000001,2.1441458463668823,1
2589,36148,15.355072624151274,17,0.5707425,1.6559459447860718,1
2590,36162,10.602716515936105,14,0.57057625,1.510340690612793,1
2591,36181,15.719569725781234,19,0.570350625,1.6141543865203858,1
2592,36210,19.958220792226957,29,0.57000625,1.6626040254320418,1
2593,36232,16.650455336933742,22,0.569745,1.3563619057337444,1
2594,36255,15.80378706612764,23,0.5694718750000001,1.4529233932495118,1
2595,36261,3.605917064569024,6,0.569400625,1.8394113779067993,1
2596,36280,17.317468264240823,19,0.569175,1.5877737760543824,1
2597,36288,5.325084723767394,8,0.56908,1.2248861193656921,1
2598,36297,8.192108812425081,9,0.5689731250000001,1.661483883857727,1
2599,36314,12.605540341727586,17,0.56877125,1.2463030219078064,1
2600,36326,10.548769693270202,12,0.56862875,1.6394601265589397,1
2601,36356,24.836000626393346,30,0.5682725,1.5201849788427353,0
2602,36378,18.290265104942137,22,0.5680112500000001,1.612752366065979,1
2603,36386,5.209251302793209,8,0.5679162500000001,2.0679120421409607,1
2604,36394,5.3318453661584275,8,0.5678212499999999,1.6799638271331787,1
2605,36405,8.364712756866016,11,0.567690625,1.5195536216100056,1
2606,36435,23.73525332374198,30,0.567334375,1.4574147803442818,1
2607,36438,1.6000371704030871,3,0.56729875,1.554700493812561,1
2608,36440,0.9850976595546611,2,0.567275,1.5176323652267456,1
2609,36445,3.204545454545454,5,0.567215625,1.8834381103515625,1
2610,36475,21.600660757531806,30,0.5668593749999999,1.7093111617224557,0
2611,36494,16.98940805363699,19,0.56663375,1.538908839225769,1
2612,36504,8.551941966958944,10,0.5665150000000001,1.7224061091740925,1
2613,36534,22.80286124431025,30,0.56615875,1.4748816660472326,0
2614,36547,10.797655008618417,13,0.566004375,1.5164451996485393,1
2615,36559,9.161195142672216,12,0.565861875,1.5406052668889363,1
2616,36578,13.973890527880727,19,0.5656362500000001,1.4267826318740844,1
2617,36589,7.293236042153356,11,0.565505625,1.9371907711029053,1
2618,36594,3.786314529279597,5,0.5654462499999999,1.483156442642212,1
2619,36615,15.540579465932037,21,0.565196875,1.3403890609741211,1
2620,36645,22.03362340447904,30,0.564840625,1.3767359629273415,1
2621,36675,21.287537084319883,30,0.564484375,1.2125394344329834,0
2622,36705,25.050899347673006,30,0.5641281250000001,1.3220341950654984,0
2623,36709,2.9851781656432337,4,0.564080625,1.298621416091919,1
2624,36739,22.200655623628784,30,0.563724375,1.2247685194015503,0
2625,36761,16.89006745895666,22,0.563463125,1.713728706041972,1
2626,36781,13.324568991788801,20,0.5632256250000001,1.7019999742507934,1
2627,36785,2.281855352221269,4,0.5631781250000001,1.7320003509521484,1
2628,36799,12.350931892085127,14,0.563011875,1.4377034902572632,1
2629,36815,14.548339807087618,16,0.562821875,1.731861725449562,1
2630,36831,10.511617400791806,16,0.562631875,1.6624959409236908,1
2631,36834,1.7171091393868088,3,0.56259625,1.6831464767456055,1
2632,36864,25.859730346422175,30,0.5622400000000001,1.3094285428524017,0
2633,36894,24.6762046665072,30,0.56188375,1.5269424063818795,0
2634,36924,23.92110023340119,30,0.5615275,1.2866775542497635,0
2635,36954,24.178405421911158,30,0.5611712500000001,1.4332644087927682,0
2636,36983,22.10728502645651,29,0.5608268750000001,1.3875225271497453,1
2637,36990,4.647390642014645,7,0.5607437500000001,1.3989872336387634,1
2638,36992,1.048631734420272,2,0.5607200000000001,1.2264947891235352,1
2639,36995,1.9583725634928275,3,0.560684375,nan,1
2640,37000,3.556580759586888,5,0.5606249999999999,1.7201746106147766,1
2641,37007,5.7603191897158785,7,0.560541875,1.2211953401565552,1
2642,37012,2.84437240578972,5,0.5604825,1.4283608794212341,1
2643,37019,5.358187809528297,7,0.560399375,2.4092202186584473,1
2644,37036,11.664642780491738,17,0.5601975000000001,1.703539752960205,1
2645,37050,11.29104390152944,14,0.56003125,1.6391299565633137,1
2646,37056,4.369396653970985,6,0.55996,1.724450945854187,1
2647,37063,5.396580325282279,7,0.559876875,1.6942530870437622,1
2648,37075,9.954599725476454,12,0.559734375,1.3027215798695881,1
2649,37084,7.362456114613457,9,0.5596274999999999,1.517961581548055,1
2650,37114,25.292862212401236,30,0.5592712500000001,1.4915673562458582,0
2651,37121,4.804582538865327,7,0.559188125,1.056721806526184,1
2652,37151,22.159985273047337,30,0.5588318750000001,1.7664825745991297,0
2653,37173,19.25014276440036,22,0.558570625,1.5740713278452556,1
2654,37203,21.947315258708024,30,0.558214375,1.5401637043271745,0
2655,37219,13.712357957369449,16,0.558024375,1.7524959743022919,1
2656,37249,22.677332941361907,30,0.557668125,1.7630131840705872,0
2657,37256,5.366195439651854,7,0.557585,2.2286683917045593,1
2658,37272,12.288764742045682,16,0.5573950000000001,2.0386225879192352,1
2659,37293,18.55283626365665,21,0.557145625,1.4671411037445068,1
2660,37323,23.85917208308044,30,0.556789375,1.6892241750444685,0
2661,37337,9.773135335962595,14,0.556623125,1.6936151385307312,1
2662,37343,3.8800363400255686,6,0.556551875,1.301074743270874,1
2663,37373,24.22040993090546,30,0.556195625,1.6720556542277336,1
2664,37379,4.7601835319688295,6,0.556124375,1.819082260131836,1
2665,37382,1.9583725634928275,3,0.55608875,1.2534189224243164,1
2666,37395,9.04778828039152,13,0.5559343750000001,1.3601208130518596,1
2667,37425,24.501959231101615,30,0.555578125,1.5532574355602264,0
2668,37440,10.777910988282994,15,0.5554,1.5687269270420074,1
2669,37470,25.24337540909801,30,0.5550437500000001,1.4627672604152135,0
2670,37500,21.970932664207684,30,0.5546875,1.6931186467409134,0
2671,37513,10.712767788006857,13,0.5545331250000001,1.393295447031657,1
2672,37518,2.84437240578972,5,0.5544737500000001,1.5728540420532227,1
2673,37532,9.388850411795456,14,0.5543075,1.3993895947933197,1
2674,37550,14.504422371436327,18,0.55409375,1.6115173399448395,1
2675,37555,3.2023098115942545,5,0.5540343750000001,1.2320098876953125,1
2676,37571,13.03991319694417,16,0.553844375,1.497665137052536,1
2677,37578,5.209353194342243,7,0.55376125,1.8649889826774597,1
2678,37583,3.364987613054878,5,0.553701875,0.5346924066543579,1
2679,37592,7.556250876616599,9,0.5535950000000001,1.645347277323405,1
2680,37622,23.384100902337174,30,0.55323875,1.7240607397896903,0
2681,37644,18.270212209652808,22,0.5529775,1.5691301425298054,1
2682,37655,9.157233387243297,11,0.552846875,1.8271452188491821,1
2683,37685,24.455531017988374,30,0.552490625,1.5723641961812973,0
2684,37701,14.884412116333936,16,0.552300625,1.6888940036296844,1
2685,37723,16.941033241185753,22,0.552039375,1.583011507987976,1
2686,37747,17.275433272902838,24,0.551754375,1.3382189273834229,1
2687,37753,4.003446175613618,6,0.551683125,1.3855759501457214,1
2688,37780,21.290670812543038,27,0.5513625,1.2487685893263136,1
2689,37788,5.447869802276577,8,0.5512675,1.4975124597549438,1
2690,37806,15.118449132661915,18,0.55105375,1.6324876844882965,1
2691,37835,21.11071828193535,29,0.5507093750000001,1.5878446783338274,1
2692,37865,20.651181346878317,30,0.550353125,1.6517857387661934,0
2693,37878,11.390099679394668,13,0.5501987500000001,1.4893365701039631,1
2694,37908,21.148999513353438,30,0.5498425,1.651199460029602,0
2695,37915,5.589603093598152,7,0.549759375,0.7275574207305908,1
2696,37922,4.573136258914086,7,0.5496762500000001,1.6637336611747742,1
2697,37943,18.04320028538226,21,0.549426875,1.7456538200378418,1
2698,37957,10.215906794054428,14,0.5492606250000001,1.520558625459671,1
2699,37964,4.522494703743932,7,0.5491775,1.7616615295410156,1
2700,37972,6.195895103089853,8,0.5490825,1.629660427570343,1
2701,37980,6.200275469669553,8,0.5489875,1.329980045557022,1
2702,38010,24.569921629777745,30,0.54863125,1.5165468965257918,0
2703,38026,12.849603022204654,16,0.54844125,1.6941038519144058,1
2704,38037,9.756068161477808,11,0.548310625,1.433598001797994,1
2705,38062,18.257057767886316,25,0.54801375,1.8228092590967815,1
2706,38092,23.850937217240443,30,0.5476575,1.5152583196759224,0
2707,38113,15.384906901023454,21,0.547408125,1.3165449857711793,1
2708,38141,21.379740667448704,28,0.5470756250000001,1.6378267322267805,1
2709,38171,21.084038152083885,30,0.546719375,1.1329046147210258,0
2710,38177,4.192790194883961,6,0.546648125,1.0654133260250092,1
2711,38188,7.491453690300032,11,0.5465175,1.5521722237269084,1
2712,38210,16.741927707280297,22,0.54625625,1.7245922803878784,1
2713,38240,21.548922798400504,30,0.5459,1.5292528718709946,0
2714,38248,5.087685585801135,8,0.545805,1.8743761777877808,1
2715,38257,7.752640244532507,9,0.545698125,1.2086997032165527,1
2716,38265,6.3641780801956385,8,0.545603125,1.389392375946045,1
2717,38295,23.91269668362217,30,0.545246875,1.6228723611150468,0
2718,38313,14.325869958866003,18,0.545033125,1.3922379970550538,1
2719,38328,12.795935323490347,15,0.544855,1.4412513375282288,1
2720,38342,9.624202680796119,14,0.5446887499999999,1.2235829830169678,1
2721,38355,9.979026388816097,13,0.544534375,1.8886513710021973,1
2722,38365,8.757440843463918,10,0.5444156250000001,1.6405462423960369,1
2723,38371,4.955064039787177,6,0.5443443750000001,1.28145170211792,1
2724,38401,24.449581595362226,30,0.543988125,1.9843951910734177,0
2725,38427,18.672860924156435,26,0.543679375,1.576296289761861,1
2726,38457,20.53986236438557,30,0.543323125,1.3801134377717972,0
2727,38467,6.572974243598349,10,0.5432043750000001,1.6758191585540771,1
2728,38494,20.081532562228055,27,0.54288375,1.6905440773282732,1
2729,38524,22.439557975920994,30,0.5425275,1.4660223126411438,0
2730,38543,14.093935533981618,19,0.542301875,1.8207700550556183,1
2731,38555,10.049188964386216,12,0.542159375,1.6534769137700398,1
2732,38560,3.597065145021234,5,0.5421,1.6769827604293823,1
2733,38574,10.206210216251527,14,0.54193375,1.2425793210665386,1
2734,38604,22.322406230519853,30,0.5415775,1.5051648914813995,1
2735,38634,25.217652574240063,30,0.54122125,1.493565022945404,0
2736,38645,9.551657709616581,11,0.541090625,1.2217052380243938,1
2737,38675,23.497551825303105,30,0.540734375,1.5155193975993566,0
2738,38700,17.912427367037818,25,0.5404375,1.5589732783181327,1
2739,38704,2.403409090909091,4,0.54039,1.2434444427490234,1
2740,38719,9.913837435788826,15,0.540211875,1.609063943227132,1
2741,38749,21.44541743367123,30,0.5398556250000001,1.2344468384981155,0
2742,38758,6.2523306049740155,9,0.53974875,1.6045522689819336,1
2743,38785,20.385024749747863,27,0.539428125,1.6031938450677055,1
2744,38815,23.24161518348668,30,0.5390718750000001,1.442541139466422,0
2745,38845,20.898827137747368,30,0.538715625,1.618279606103897,0
2746,38861,12.262668678060233,16,0.538525625,1.478654146194458,1
2747,38866,3.9572063683176055,5,0.53846625,1.0736809968948364,1
2748,38871,3.9556185106781476,5,0.538406875,1.1300525665283203,1
2749,38875,2.9592167598122607,4,0.538359375,1.522230863571167,1
2750,38888,8.731477529681305,13,0.538205,1.7705983817577362,1
2751,38907,15.454069539630849,19,0.537979375,1.8018982708454132,1
2752,38921,11.129655990494825,14,0.537813125,1.7947404980659485,1
2753,38925,2.9552714163121765,4,0.537765625,1.5509941577911377,1
2754,38955,21.039313604320455,30,0.537409375,1.327735389981951,0
2755,38985,22.482053321056974,30,0.537053125,1.7235284745693207,0
2756,38994,7.751838028523383,9,0.53694625,2.126867175102234,1
2757,39003,5.964784913551063,9,0.536839375,1.055731624364853,1
2758,39033,22.083623729545106,30,0.536483125,1.690434753894806,0
2759,39063,23.59346380959303,30,0.5361268750000001,1.3156505823135376,0
2760,39093,23.699965935527572,30,0.5357706250000001,1.6927176415920258,0
2761,39100,6.0522630647388915,7,0.5356875,1.3919114470481873,1
2762,39108,4.978349335683478,8,0.5355925,1.7208008766174316,1
2763,39135,23.466791270149056,27,0.5352718750000001,1.69948011636734,1
2764,39140,3.756283084319424,5,0.5352125,1.2650918364524841,1
2765,39143,1.7649228101313175,3,0.5351768750000001,nan,1
2766,39156,9.797028201474749,13,0.5350225,1.048449695110321,1
2767,39183,19.831596101952037,27,0.5347018750000001,1.3629908661047618,1
2768,39188,3.8512862763196365,5,0.5346425,1.7827214002609253,1
2769,39213,17.677880196539917,25,0.534345625,1.4511007070541382,1
2770,39240,19.903874781004966,27,0.534025,1.6118646008627755,1
2771,39256,13.794901717447026,16,0.5338350000000001,1.7804381251335144,1
2772,39272,12.408283211795007,16,0.533645,1.9984953105449677,1
2773,39302,20.571645133062454,30,0.53328875,1.4523703626223974,0
2774,39307,3.2004797674121805,5,0.5332293750000001,1.2437344789505005,1
2775,39326,17.779638272009787,19,0.53300375,1.8276613712310792,1
2776,39356,23.788809819891032,30,0.5326474999999999,1.6232362315058708,0
2777,39386,23.48163290165154,30,0.53229125,1.621770590543747,0
2778,39415,22.057819155788913,29,0.531946875,1.3700358612196786,1
2779,39445,25.055727828300274,30,0.531590625,1.4941203147172928,0
2780,39475,24.061569703896392,30,0.531234375,1.5950998749051775,0
2781,39505,24.966773050616634,30,0.5308781250000001,1.5997176468372345,0
2782,39520,13.360571962059568,15,0.5307,1.435362458229065,1
2783,39524,2.7959709054614765,4,0.5306525,1.1840128898620605,1
2784,39535,9.246381135200805,11,0.530521875,1.6131346821784973,1
2785,39558,17.29574303855826,23,0.53024875,1.4785018761952717,1
2786,39572,11.410496684299357,14,0.5300825,1.5699738562107086,1
2787,39583,9.192776691648099,11,0.5299518750000001,1.5970474481582642,1
2788,39613,22.39660930647088,30,0.529595625,1.7103307396173477,0
2789,39622,6.847236288511171,9,0.5294887500000001,1.2491781115531921,1
2790,39643,16.13570118188915,21,0.529239375,1.3831475019454955,1
2791,39673,24.063172257830104,30,0.5288831250000001,1.3485353291034698,0
2792,39694,14.860438957441065,21,0.52863375,1.647262692451477,1
2793,39699,3.0548156319626387,5,0.528574375,1.5042674541473389,1
2794,39729,24.920958172111835,30,0.528218125,1.4666962176561356,0
2795,39748,13.378305153513455,19,0.5279925000000001,1.61218204498291,1
2796,39778,20.653390989649157,30,0.52763625,1.5859997698238917,0
2797,39797,15.447631361124923,19,0.527410625,1.7423834562301637,1
2798,39827,25.81355259086989,30,0.5270543750000001,1.5312689883368356,0
2799,39854,19.54384861565364,27,0.52673375,1.848741582461766,1
2800,39884,23.752534413729915,30,0.5263775,1.5716355666518211,0
2801,39914,21.239862750676153,30,0.52602125,1.8219633783612932,0
2802,39926,10.048196682649158,12,0.52587875,1.4534019629160564,1
2803,39947,15.883455356051343,21,0.5256293750000001,1.4796939373016358,1
2804,39964,12.055192063584807,17,0.5254275,1.507703185081482,1
2805,39985,14.399515278556551,21,0.525178125,1.626805853843689,1
2806,40001,10.511458512932096,16,0.524988125,1.9389631748199463,1
2807,40009,4.969363884434706,8,0.5248931250000001,1.7535396218299866,1
2808,40013,2.984049955389333,4,0.5248456250000001,1.8874318599700928,1
2809,40043,22.13473648330001,30,0.524489375,2.253257053239005,0
2810,40051,6.755114512980236,8,0.5243943750000001,1.4247896075248718,1
2811,40076,21.269600447836645,25,0.5240975,1.7536729233605521,1
2812,40106,21.091623178058647,30,0.52374125,1.5212399108069283,0
2813,40122,12.331732015801139,16,0.52355125,1.8278442025184631,1
2814,40152,21.42523542739864,30,0.5231950000000001,1.5143124461174011,0
2815,40156,2.5682892715232106,4,0.5231475000000001,1.5756961107254028,1
2816,40174,13.136004926041513,18,0.52293375,1.3833619356155396,1
2817,40204,20.94797258056381,30,0.5225774999999999,1.785569429397583,0
2818,40207,1.602272727272727,3,0.522541875,nan,1
2819,40218,8.108512154618033,11,0.52241125,1.0316802859306335,1
2820,40248,23.966601084681496,30,0.522055,1.606057047843933,0
2821,40278,22.351981245111507,30,0.5216987500000001,1.6361701829092843,0
2822,40299,14.662944061567103,21,0.521449375,1.479246234893799,1
2823,40329,23.555193541476214,30,0.521093125,1.4290455356240273,0
2824,40359,21.9613936829549,30,0.5207368750000001,1.5146107162748064,0
2825,40371,9.963840701656915,12,0.520594375,1.7187425295511882,1
2826,40393,16.379970180596143,22,0.5203331250000001,1.7462250590324402,1
2827,40422,22.14335711516829,29,0.51998875,1.6914783545902796,1
2828,40435,10.68018641486879,13,0.5198343750000001,1.5099357565244038,1
2829,40465,22.495895090500277,30,0.519478125,1.4678236618638039,0
2830,40495,21.063390007484497,30,0.519121875,1.6064461810248238,0
2831,40505,8.149985725396027,10,0.519003125,1.6982943216959636,1
2832,40521,13.760563709368023,16,0.518813125,1.6178797781467438,1
2833,40526,3.364932165612759,5,0.51875375,1.4476618766784668,1
2834,40535,6.171370908950031,9,0.5186468750000001,1.6677899360656738,1
2835,40565,22.917076904449846,30,0.5182906250000001,1.6183751970529556,0
2836,40595,23.269169147346464,30,0.5179343750000001,1.581826618739537,0
2837,40625,22.734609716460522,30,0.517578125,1.4887248054146767,0
2838,40655,20.854154130253804,30,0.5172218749999999,1.4817954472133092,0
2839,40685,21.246566612723154,30,0.516865625,1.4451920837163925,0
2840,40699,10.921887818557078,14,0.5166993750000001,1.3709119359652202,1
2841,40703,2.3985653663433473,4,0.5166518750000001,1.110991358757019,1
2842,40733,22.19437809100573,30,0.516295625,1.4794880524277687,0
2843,40742,6.484135699142463,9,0.51618875,1.8435479402542114,1
2844,40772,21.20994070866425,30,0.5158324999999999,1.7521603256464005,0
2845,40802,23.741195287136183,30,0.5154762500000001,1.790561318397522,0
2846,40808,4.0008184722811855,6,0.515405,1.864094614982605,1
2847,40825,12.486208208881786,17,0.5152031250000001,1.486092448234558,1
2848,40840,11.402158801274314,15,0.5150250000000001,1.4300727993249893,1
2849,40849,7.756084817084282,9,0.514918125,1.6298938393592834,1
2850,40870,17.078966110286448,21,0.51466875,1.8732539653778075,1
2851,40900,22.63740040149341,30,0.5143125000000001,1.5729350745677948,0
2852,40922,15.428584168262123,22,0.5140512500000001,1.3946490049362184,1
2853,40952,24.69335435854357,30,0.513695,1.5890107452869415,0
2854,40964,8.493156178659694,12,0.5135525000000001,1.726765751838684,1
2855,40966,1.1962425239963657,2,0.5135287500000001,nan,1
2856,40987,17.762523490820957,21,0.513279375,1.4574939489364624,1
2857,41017,21.84541080469611,30,0.512923125,1.9181208908557892,0
2858,41033,11.973924705785304,16,0.512733125,1.8955682814121246,1
2859,41053,14.144314917331313,20,0.5124956250000001,1.6562880039215089,1
2860,41059,4.392533535375735,6,0.5124243749999999,1.094834566116333,1
2861,41064,3.1974341658038417,5,0.5123650000000001,1.2167708277702332,1
2862,41073,6.9998734544626595,9,0.512258125,2.1879535913467407,1
2863,41103,22.254008489703683,30,0.5119018750000001,2.182428104536874,0
2864,41133,21.76053134465733,30,0.5115456250000001,1.7678358182311058,0
2865,41163,22.60984297402832,30,0.5111893750000001,1.6204852887562342,0
2866,41176,8.622871835488432,13,0.5110349999999999,1.4628369510173798,1
2867,41194,14.006829081908252,18,0.51082125,1.4402869939804077,1
2868,41198,2.957376534134098,4,0.51077375,2.386800527572632,1
2869,41228,21.180687801046275,30,0.5104175,1.5301996693015099,0
2870,41230,1.1211282096181674,2,0.51039375,nan,1
2871,41260,24.133835587480917,30,0.5100374999999999,1.753205120563507,0
2872,41290,22.918787118131373,30,0.5096812500000001,1.4032141651426042,0
2873,41305,11.764806840328164,15,0.5095031250000001,1.6118175983428955,1
2874,41335,24.21567818564868,30,0.5091468750000001,1.5248366253716605,0
2875,41356,15.187289495206036,21,0.5088975,1.4170390764872234,1
2876,41386,22.04731736417913,30,0.50854125,1.6715449265071325,0
2877,41416,21.292040111896057,30,0.508185,1.5561113506555557,0
2878,41446,20.626207126306376,30,0.50782875,2.0148945365633284,0
2879,41476,21.49481689609788,30,0.5074725,1.8107702136039734,0
2880,41492,10.66832636045128,16,0.5072825,1.3407611846923828,1
2881,41498,4.876397659903802,6,0.5072112500000001,1.59578537940979,1
2882,41528,21.435950721666135,30,0.506855,1.3298505544662476,0
2883,41558,22.57541223030731,30,0.50649875,1.396515701498304,0
2884,41562,2.164772727272727,4,0.50645125,1.5132709741592407,1
2885,41568,3.9953226016284082,6,0.50638,1.845779538154602,1
2886,41580,8.326340399955056,12,0.5062375,1.7132601340611775,1
2887,41605,18.506239840046856,25,0.505940625,1.6044862469037373,1
2888,41623,13.410740030725652,18,0.505726875,1.7132005095481873,1
2889,41653,21.87656366431403,30,0.5053706250000001,1.4132393151521683,0
2890,41673,13.542194503815162,20,0.505133125,1.5268075108528136,1
2891,41685,10.993117406596932,12,0.504990625,1.6335389216740925,1
2892,41715,21.095599982849635,30,0.504634375,1.7636208193642753,0
2893,41745,25.483305080326446,30,0.504278125,1.6406998038291931,0
2894,41767,15.661543024035833,22,0.504016875,1.5665963888168335,1
2895,41797,23.041275493800523,30,0.503660625,1.6137257814407349,0
2896,41820,16.622364045015118,23,0.5033875,1.5179714560508728,1
2897,41830,7.800534191817653,10,0.50326875,1.380962610244751,1
2898,41860,21.757888235686828,30,0.5029125000000001,2.2065635174512863,0
2899,41890,23.12040912952415,30,0.50255625,1.6302549157823836,0
2900,41894,2.398545842333599,4,0.5025087500000001,1.6080856323242188,1
2901,41900,4.959018187143877,6,0.5024375,1.9521046876907349,1
2902,41919,13.610417645744873,19,0.502211875,1.8359273970127106,1
2903,41927,6.1998927578946175,8,0.502116875,1.5607938766479492,1
2904,41957,23.296268613494085,30,0.501760625,1.4821587949991226,1
2905,41987,23.4939360659756,30,0.5014043750000001,1.5244663613183158,0
2906,42017,22.591077501684854,30,0.5010481250000001,1.6919949427247047,0
2907,42025,5.697123547209154,8,0.5009531250000001,1.7608835101127625,1
2908,42031,4.959018187143877,6,0.500881875,1.866576910018921,1
2909,42037,4.599228065564505,6,0.500810625,1.5674416422843933,1
2910,42051,12.388712020736216,14,0.500644375,1.3782870372136433,1
2911,42081,21.096209233819703,30,0.500288125,1.5115466713905334,0
2912,42111,22.242345256146123,30,0.499931875,1.6162876742226737,0
2913,42139,19.20351683805577,28,0.49959937500000007,1.8420000757489885,1
2914,42147,6.7906911419971845,8,0.4995043750000001,1.818515956401825,1
2915,42176,19.910130769658533,29,0.49916000000000005,1.3531813323497772,1
2916,42206,22.903278965548004,30,0.49880375,1.4852906124932426,0
2917,42225,13.22503708431987,19,0.498578125,1.4817872762680053,1
2918,42238,10.605530972235297,13,0.49842375000000005,1.6435622374216716,1
2919,42247,6.488605960039407,9,0.498316875,1.520728051662445,1
2920,42266,12.477380180614134,19,0.49809125,1.5665316104888916,1
2921,42296,22.16395911565602,30,0.49773500000000004,1.5997394621372223,0
2922,42301,3.560246286141126,5,0.49767562499999995,1.117203950881958,1
2923,42305,2.759508927129191,4,0.497628125,1.951262354850769,1
2924,42313,6.175571851840547,8,0.497533125,1.7366874814033508,1
2925,42321,5.9982227110365605,8,0.49743812500000006,1.542321801185608,1
2926,42351,21.120020120584677,30,0.497081875,1.7167307479040963,0
2927,42366,12.388863044531242,15,0.49690375,1.6154303848743439,1
2928,42396,21.679635217270032,30,0.49654750000000003,1.7032890617847443,0
2929,42426,21.65130754242926,30,0.49619125,1.5616908073425293,0
2930,42456,20.977362103494347,30,0.495835,1.6998904198408127,0
2931,42462,4.757460543545279,6,0.49576375000000006,1.2561497688293457,1
2932,42487,17.236911223538034,25,0.495466875,1.4251132309436798,1
2933,42517,21.32638497334309,30,0.495110625,1.661830097436905,0
2934,42547,20.53988017774975,30,0.4947543750000001,1.8221773930958338,0
2935,42577,21.14977598239964,30,0.494398125,1.266841895878315,0
2936,42607,21.95130044636386,30,0.4940418750000001,1.6258272613797868,0
2937,42613,4.7601835319688295,6,0.493970625,1.7085450291633606,1
2938,42643,21.889807977244374,30,0.49361437499999994,1.5177686555044991,0
2939,42673,22.27287594877009,30,0.4932581250000001,1.743807777762413,0
2940,42684,9.16691637689196,11,0.49312750000000005,1.969477931658427,1
2941,42714,22.057525456387236,30,0.49277125,1.590176718575614,0
2942,42744,21.148549303237516,30,0.49241500000000005,1.4442103207111359,0
2943,42749,3.7952192518545353,5,0.4923556250000001,1.6527141332626343,1
2944,42760,9.157218736191684,11,0.492225,1.0510231653849285,1
2945,42766,4.756119597166153,6,0.49215375000000006,1.7689772844314575,1
2946,42796,22.237447156137534,30,0.4917975,1.5201769843697548,0
2947,42826,21.295871480793565,30,0.49144124999999994,1.6942392076764787,0
2948,42839,8.615234190321283,13,0.491286875,1.8725535869598389,1
2949,42843,3.2753881864994234,4,0.49123937500000003,1.647599458694458,1
2950,42848,3.9572063683176055,5,0.49118000000000006,1.1417871117591858,1
2951,42854,4.85117155304615,6,0.49110875,1.6281890869140625,1
2952,42859,3.9590471683324666,5,0.491049375,1.558616042137146,1
2953,42877,13.124937072188219,18,0.490835625,1.120084249973297,1
2954,42896,15.723562031938688,19,0.49061,1.2916261672973632,1
2955,42908,9.955708254613409,12,0.49046750000000006,1.4587291876475017,1
2956,42938,21.654092823792684,30,0.49011125,1.5938622568334853,0
2957,42963,16.736886852420078,25,0.489814375,1.5606903235117595,1
2958,42981,14.145618618764235,18,0.489600625,1.7052648544311524,1
2959,42997,13.367463442663388,16,0.4894106250000001,1.5763532221317291,1
2960,43000,1.9951649624420724,3,0.489375,1.8802775144577026,1
2961,43008,6.357496965670695,8,0.48928000000000005,1.3458064198493958,1
2962,43038,22.509623560821275,30,0.48892375,1.7247366138866969,0
2963,43068,23.942864161629544,30,0.48856750000000004,1.312631405889988,0
2964,43085,12.869090655504948,17,0.488365625,1.5111493468284607,1
2965,43115,21.989800871269114,30,0.4880093750000001,1.8672233309064592,0
2966,43145,25.6821046398706,30,0.487653125,1.3640329763293266,0
2967,43171,21.41228129627853,26,0.48734437500000005,1.5840021173159282,1
2968,43201,24.268532692065584,30,0.486988125,1.8810927718877792,0
2969,43231,23.74496345949524,30,0.48663187500000005,1.7744354179927282,0
2970,43253,18.401007667163373,22,0.48637062499999995,1.3236423532168071,1
2971,43283,20.742318658951074,30,0.4860143750000001,1.965452449662345,0
2972,43288,3.5932428258460667,5,0.485955,1.426488220691681,1
2973,43300,8.358314117127579,12,0.4858125,1.9414048592249553,1
2974,43319,13.41947581500287,19,0.485586875,2.130843997001648,1
2975,43349,21.540674204232594,30,0.485230625,1.7095227241516113,0
2976,43374,20.59862023710155,25,0.48493375000000005,1.6660314003626506,1
2977,43404,23.938596908010656,30,0.4845775,1.644647128880024,0
2978,43434,21.653831870068615,30,0.48422125000000005,1.5534193345478602,0
2979,43464,21.755442410114203,30,0.483865,1.6593260169029236,1
2980,43494,25.214036509813216,30,0.48350875000000004,1.4477996613298143,0
2981,43506,7.815949056963609,12,0.48336625,1.775373140970866,1
2982,43515,7.078228915620666,9,0.48325937500000005,1.843189001083374,1
2983,43519,2.9573710298187494,4,0.48321187500000007,1.0582348108291626,1
2984,43542,18.216078701874043,23,0.4829387500000001,1.94780437151591,1
2985,43548,4.784356806239019,6,0.4828675,1.2078315019607544,1
2986,43567,12.904782025249489,19,0.482641875,1.8526196479797363,1
2987,43596,22.035309298454816,29,0.48229749999999993,1.2576140388846397,1
2988,43603,5.76015455078024,7,0.4822143750000001,1.4346472024917603,1
2989,43633,23.10466447309453,30,0.481858125,1.427181899547577,0
2990,43636,1.602272727272727,3,0.48182250000000004,0.8593321442604065,1
2991,43656,15.878816730833478,20,0.48158500000000004,1.7224660158157348,1
2992,43686,24.41372065478706,30,0.4812287500000001,1.5520017998559135,0
2993,43716,24.896806119088517,30,0.48087250000000004,1.6752128601074219,0
2994,43720,2.7848026974945514,4,0.48082500000000006,0.8802372813224792,1
2995,43725,3.849502429155766,5,0.4807656250000001,2.1244685649871826,1
2996,43732,5.5572347257447445,7,0.4806825,1.9863483905792236,1
2997,43762,25.92722893974193,30,0.48032625000000007,1.6407321691513062,0
2998,43776,10.064750066493566,14,0.48016000000000003,1.4489205181598663,1
2999,43787,9.760148582561214,11,0.480029375,1.8097005486488342,1
3000,43817,22.584080030491037,30,0.47967312500000003,1.3915510326623917,0
3001,43830,9.724269101333059,13,0.47951875,1.1922667821248372,1
3002,43845,12.002649651840306,15,0.47934062499999996,1.363012820482254,1
3003,43872,22.36471802560684,27,0.47902,2.041981680052621,1
3004,43902,22.013192946363645,30,0.47866375000000005,1.830809337752206,0
3005,43917,13.240376696967019,15,0.478485625,1.2162871658802032,1
3006,43926,6.14902373711786,9,0.4783787500000001,1.8439217805862427,1
3007,43934,6.15747851795765,8,0.47828375,1.364855408668518,1
3008,43949,10.096808764000013,15,0.4781056250000001,1.790382444858551,1
3009,43979,21.32525677267243,30,0.47774937500000003,1.7617873464311873,0
3010,43995,12.67786125191331,16,0.477559375,1.669668048620224,1
3011,44007,9.562519898510061,12,0.4774168750000001,1.6719386180241902,1
3012,44033,19.461573010647985,26,0.4771081250000001,1.9027746404920305,1
3013,44040,5.11648900752327,7,0.47702500000000003,1.1861181259155273,1
3014,44070,22.313557979096608,30,0.47666875,1.6351474523544312,0
3015,44100,21.652698301548796,30,0.4763125,1.6286435276269913,0
3016,44130,23.196267879556707,30,0.47595624999999997,1.5444988863808768,0
3017,44160,21.43890678758747,30,0.4756,1.8592046201229095,0
3018,44184,16.70131606785596,24,0.47531500000000004,2.2442565162976584,1
3019,44210,19.179974617133247,26,0.47500624999999996,2.0134923855463662,1
3020,44230,15.297938412441663,20,0.4747687500000001,2.0892483711242678,1
3021,44260,20.7736728168662,30,0.4744125,1.669841155409813,0
3022,44290,20.829299057876533,30,0.47405624999999996,1.4245941894395011,0
3023,44320,22.756081423706064,30,0.4737,1.5541038364171982,0
3024,44350,21.0826543675095,30,0.47334375000000006,1.7018888677869524,0
3025,44380,23.852769438270986,30,0.4729875,1.9264958798885345,0
3026,44394,9.966885843003094,14,0.47282124999999997,1.371125857035319,1
3027,44424,22.444484290421524,30,0.472465,1.7033764719963074,0
3028,44454,23.860259311304993,30,0.47210874999999997,1.316310899598258,0
3029,44463,6.288220736579111,9,0.472001875,1.972765326499939,1
3030,44493,25.244775367707447,30,0.47164562500000007,1.86396324634552,1
3031,44506,11.200821923828709,13,0.47149125000000003,2.1159658829371133,1
3032,44536,22.390988995874554,30,0.4711350000000001,1.497895896434784,0
3033,44538,1.0508547873237735,2,0.47111125,nan,1
3034,44568,23.54250826014423,30,0.47075500000000003,1.7868965417146683,0
3035,44598,23.541224628283054,30,0.47039875,1.483859394277845,0
3036,44628,22.08251890702794,30,0.47004250000000003,1.6935658529400826,0
3037,44639,7.651704685012423,11,0.4699118750000001,2.2345083355903625,1
3038,44669,22.161550085321608,30,0.46955562500000003,1.8114875257015228,0
3039,44674,2.8184148261009225,5,0.46949625000000006,2.0061588287353516,1
3040,44704,21.868058044267514,30,0.4691400000000001,1.5888870358467102,0
3041,44720,11.848750335967967,16,0.46895,1.275062471628189,1
3042,44750,22.304277356727574,30,0.46859375000000003,1.411946279661996,0
3043,44755,2.961843403775817,5,0.46853437499999995,1.3662328720092773,1
3044,44773,14.238876467767527,18,0.46832062500000005,1.5231260776519775,1
3045,44803,20.859251223932244,30,0.4679643750000001,1.649415944303785,0
3046,44833,22.16821692352825,30,0.46760812500000004,1.5665958374738693,0
3047,44860,19.74682746200588,27,0.4672875000000001,1.4962902409689767,1
3048,44890,21.957561933931288,30,0.46693125,1.600536891392299,0
3049,44895,3.5672968598445185,5,0.46687187500000005,1.1969233751296997,1
3050,44922,19.305262591778387,27,0.46655125,1.8588661977222987,1
3051,44935,10.394573936452993,13,0.46639687500000004,1.4153039455413818,1
3052,44948,10.163955751167466,13,0.4662425000000001,1.802225336432457,1
3053,44963,12.592844691248754,15,0.4660643750000001,1.5318905115127563,1
3054,44973,7.243870280395354,10,0.46594562500000003,1.4663095474243164,1
3055,45003,23.299724090680442,30,0.46558937499999997,1.7715300236429488,0
3056,45033,24.069249628792722,30,0.465233125,1.9355220049619675,0
3057,45063,22.800139040108913,30,0.46487687499999997,1.7123613527842931,0
3058,45068,3.758507393455113,5,0.4648175,1.6723434329032898,1
3059,45077,7.155915087775288,9,0.46471062500000004,1.1780340671539307,1
3060,45094,11.695026703333793,17,0.46450875,1.4967948496341705,1
3061,45102,6.246472066899453,8,0.46441374999999996,1.6943318247795105,1
3062,45111,7.240024479366154,9,0.464306875,1.373731017112732,1
3063,45141,20.81026435743181,30,0.46395062500000006,1.4179785028100014,0
3064,45151,8.782621893115461,10,0.463831875,1.97017902135849,1
3065,45172,15.186628039069356,21,0.4635825,1.5613446434338887,1
3066,45189,12.447736807388955,17,0.463380625,1.7462698817253113,1
3067,45194,3.9556112295059234,5,0.46332125,1.4702433347702026,1
3068,45199,3.5944520583164445,5,0.46326187500000005,1.5345344543457031,1
3069,45228,19.89123947262059,29,0.4629175,1.771640345454216,1
3070,45258,22.030962709352732,30,0.46256125000000003,1.4626986384391785,0
3071,45269,8.644668592778975,11,0.462430625,1.4478009939193726,1
3072,45298,19.955834392818417,29,0.46208625000000003,1.5547502381461007,1
3073,45328,22.521141303514185,30,0.4617300000000001,1.7129572480916977,0
3074,45358,21.32276068758902,30,0.46137375,2.01802236693246,0
3075,45388,21.644314917331325,30,0.46101749999999997,1.806271217763424,0
3076,45403,13.163586650431753,15,0.46083937500000005,1.9406449397404988,1
3077,45416,9.288676367673192,13,0.460685,1.9707838892936707,1
3078,45446,21.521027345953268,30,0.46032875000000006,1.7785184383392334,0
3079,45476,24.559018697173926,30,0.4599725,1.5789695531129837,0
3080,45506,21.200317015327514,30,0.45961624999999995,1.7415433611188615,0
3081,45536,21.498230083301923,30,0.45926,1.607828825712204,0
3082,45566,22.833548539230343,30,0.45890374999999994,1.3342517529215132,0
3083,45596,22.360851010739673,30,0.4585475000000001,1.840150237083435,0
3084,45606,7.290924007106866,10,0.45842875000000005,1.5815051198005676,1
3085,45627,14.192696374672728,21,0.45817937499999994,1.7933193922042847,1
3086,45657,22.338616922778833,30,0.4578231250000001,1.7961742281913757,0
3087,45681,17.964570273596635,24,0.457538125,1.165151705344518,1
3088,45711,22.43365348966508,30,0.45718187499999996,1.6027806316103255,0
3089,45718,5.7659569709956155,7,0.4570987500000001,1.0616585314273834,1
3090,45748,21.887614771888323,30,0.45674250000000005,1.7665689587593079,0
3091,45751,1.7649228101313175,3,0.45670687500000007,nan,1
3092,45754,1.6000542239715385,3,0.45667125,1.2969331741333008,1
3093,45772,14.692830893937154,18,0.45645749999999996,1.8977946519851685,1
3094,45802,22.90122759193097,30,0.4561012500000001,1.3240514993667603,0
3095,45815,9.050573616028155,13,0.455946875,1.8803590933481853,1
3096,45845,21.7599528684776,30,0.455590625,1.4946200400590897,0
3097,45872,18.47931479486214,27,0.45526999999999995,1.6064963340759277,1
3098,45877,3.1982722364950593,5,0.4552106250000001,1.9070478677749634,1
3099,45907,21.08938745389338,30,0.45485437500000003,1.587605289050511,0
3100,45919,9.191595847900244,12,0.454711875,1.1714721123377483,1
3101,45949,24.39797934650849,30,0.45435562500000004,1.5859608054161072,0
3102,45952,1.7269591395607595,3,0.45432000000000006,1.3690088987350464,1
3103,45955,1.4807360421533566,3,0.45428437499999996,nan,1
3104,45977,16.025615537121496,22,0.4540231250000001,1.5796802838643391,1
3105,45989,8.765254565317132,12,0.4538806249999999,1.4641789595286052,1
3106,46019,24.4342538176475,30,0.4535243750000001,1.934408324105399,0
3107,46035,13.60108449824893,16,0.45333437499999996,2.2055495381355286,1
3108,46038,1.7671529078868469,3,0.4532987500000001,2.6071791648864746,1
3109,46041,1.5982070401394535,3,0.453263125,1.4386467933654785,1
3110,46058,14.634627517935321,17,0.45306124999999997,1.9187093377113342,1
3111,46067,7.748172914904891,9,0.452954375,1.6705890893936157,1
3112,46085,13.330579788657486,18,0.452740625,1.794311761856079,1
3113,46115,26.679530159023507,30,0.45238437499999995,1.7321842057364327,0
3114,46144,20.755355999135382,29,0.45204,1.5197870656847954,1
3115,46155,9.2011184097171,11,0.45190937500000006,1.7368990182876587,1
3116,46164,5.805838742430902,9,0.4518025000000001,1.6640935341517131,1
3117,46194,21.370251729306695,30,0.45144625000000005,1.677424498966762,0
3118,46210,10.346590909090908,16,0.45125625,2.1105217933654785,1
3119,46240,22.429302597432006,30,0.4509000000000001,1.8295442312955856,0
3120,46270,21.18557659790579,30,0.45054375,1.5567478793007987,0
3121,46300,23.272949913536785,30,0.4501875000000001,1.8412152379751205,0
3122,46330,21.403135913493323,30,0.44983125,1.5915216548102242,0
3123,46360,22.001418054352694,30,0.44947499999999996,1.682212695479393,0
3124,46368,5.990683803214127,8,0.44938,1.405793011188507,1
3125,46373,3.1050257836327084,5,0.44932062500000003,1.3707475662231445,1
3126,46398,18.065767832757725,25,0.44902375000000005,1.4989673097928364,1
3127,46402,2.3974713947814035,4,0.44897624999999997,1.6134451627731323,1
3128,46432,21.33565687193292,30,0.44862,1.6634600907564163,0
3129,46439,5.167339458134493,7,0.44853687499999995,1.2133729457855225,1
3130,46446,6.070836437527073,7,0.4484537500000001,2.0957900285720825,1
3131,46476,20.65697985720154,30,0.44809750000000004,1.5887903273105621,0
3132,46487,9.355717251090653,11,0.4479668750000001,1.087132453918457,1
3133,46517,22.558396455435012,30,0.44761062500000004,1.6339257508516312,0
3134,46547,22.79706674083879,30,0.447254375,1.7598835400172643,0
3135,46555,6.55836487833847,8,0.447159375,1.307432770729065,1
3136,46585,24.501999240311065,30,0.44680312499999997,1.5839668959379196,0
3137,46594,7.55192007053167,9,0.44669625,1.763426423072815,1
3138,46623,21.561439845129993,29,0.44635187500000006,1.7339413676943098,1
3139,46626,1.602272727272727,3,0.44631624999999997,2.1313228607177734,1
3140,46656,23.149564783006785,30,0.44596,1.809927836060524,0
3141,46670,11.801418609992794,14,0.4457937500000001,2.189310868581136,1
3142,46694,16.356903095578875,24,0.44550875,1.9489610691865284,1
3143,46713,12.941354469577526,19,0.4452831250000001,1.6324615240097047,1
3144,46718,3.204545454545454,5,0.44522375000000003,1.5180293321609497,1
3145,46735,12.972624912142141,17,0.445021875,1.8206725716590881,1
3146,46765,22.251298476437096,30,0.44466562500000006,1.749112293124199,0
3147,46795,22.18663341099076,30,0.444309375,1.6162381853376115,0
3148,46818,18.09403646260201,23,0.44403625,1.4734182556470234,1
3149,46848,21.253553628570366,30,0.44367999999999996,1.793388269841671,0
3150,46857,6.960041599719171,9,0.443573125,1.5590125918388367,1
3151,46887,21.849076118142165,30,0.44321687500000007,1.7433268683297294,0
3152,46898,9.364541317451097,11,0.44308625,1.6772267818450928,1
3153,46910,9.607750173910478,12,0.4429437500000001,1.4838085174560547,1
3154,46915,3.994989333019284,5,0.4428843750000001,1.3978551626205444,1
3155,46945,22.149507217866073,30,0.44252812500000005,1.7937532365322113,0
3156,46957,7.733792639070619,12,0.442385625,1.593489368756612,1
3157,46971,10.129248733390682,14,0.4422193750000001,2.8030622800191245,1
3158,47001,21.41158428260924,30,0.441863125,1.4868936315178871,0
3159,47008,5.756467543918789,7,0.44178000000000006,1.9030526876449585,1
3160,47019,7.924672413788805,11,0.441649375,1.7347153425216675,1
3161,47049,21.880047552576436,30,0.44129312499999995,1.5294837057590485,0
3162,47079,21.814408521818017,30,0.440936875,2.05467735018049,0
3163,47098,14.299638495761416,19,0.44071125,1.2292608380317689,1
3164,47128,21.183339517475922,30,0.44035500000000005,1.564960539340973,0
3165,47158,21.31464049590602,30,0.4399987500000001,1.7738901717322213,0
3166,47188,20.768275946515008,30,0.43964250000000005,2.042444720864296,0
3167,47191,1.7243306926227193,3,0.43960687500000006,nan,1
3168,47221,21.291665847104547,30,0.439250625,1.8607148826122284,0
3169,47241,13.801667811269319,20,0.439013125,1.8645416021347045,1
3170,47245,2.3993286500746023,4,0.438965625,2.2960588932037354,1
3171,47275,23.5541043824317,30,0.43860937499999997,2.0278436967304776,0
3172,47281,4.394373693848274,6,0.438538125,1.8476999998092651,1
3173,47310,20.70554168871577,29,0.43819375000000005,1.8740518944604057,1
3174,47340,21.08649710668958,30,0.4378375,1.5575168505311012,0
3175,47370,21.415220650492966,30,0.43748125000000004,1.6576319422040666,0
3176,47400,22.638785858670996,30,0.437125,1.8166476786136627,0
3177,47410,8.433100664397632,10,0.43700625000000004,2.6764527559280396,1
3178,47413,1.649809049008624,3,0.43697062500000006,3.0741450786590576,1
3179,47443,20.85802187160722,30,0.436614375,1.4535284808703832,0
3180,47470,20.547776452867637,27,0.43629375000000004,1.6316013506480627,1
3181,47500,21.2115650155777,30,0.4359375,1.9866312444210052,0
3182,47530,20.971545742766207,30,0.43558125000000003,1.8063988515308924,0
3183,47545,12.164277359970882,15,0.435403125,1.366815447807312,1
3184,47575,23.65109443176839,30,0.43504687499999994,1.3645685485431127,0
3185,47588,9.183633530398705,13,0.4348925,2.1602872014045715,1
3186,47618,22.872979778336777,30,0.43453625000000007,1.4872136797223772,0
3187,47624,4.16460935417335,6,0.434465,1.0023351609706879,1
3188,47649,17.27975903529991,25,0.434168125,2.122462590535482,1
3189,47663,9.610213160167241,14,0.434001875,1.7944246530532837,1
3190,47693,21.791594857164274,30,0.43364562500000003,1.908608227968216,0
3191,47723,21.293755580553782,30,0.433289375,1.609075392995562,0
3192,47752,20.528359634191897,29,0.432945,1.7442899197340012,1
3193,47757,2.961843403775817,5,0.43288562500000005,0.8360809683799744,1
3194,47787,22.730262056816745,30,0.4325293750000001,1.6856110947472709,0
3195,47810,17.18067024341356,23,0.43225625,1.7840712666511536,1
3196,47820,7.8752754117706125,10,0.43213750000000006,1.450525442759196,1
3197,47850,21.176408812143993,30,0.43178125,1.5751985907554626,0
3198,47878,20.543817600952856,28,0.43144875000000005,1.6715871947152274,1
3199,47907,20.33524067429636,29,0.431104375,1.8057524817330497,1
3200,47937,24.262889782693748,30,0.43074812500000004,1.3184071779251099,0
3201,47954,12.88274260950841,17,0.43054625,1.209375038743019,1
3202,47971,11.876243986230518,17,0.430344375,1.9081500470638275,1
3203,47977,3.7292106837733705,6,0.43027312500000003,1.8207371830940247,1
3204,47998,15.495179963888498,21,0.43002375000000004,1.8799355745315551,1
3205,48021,15.681871441995607,23,0.42975062499999994,1.7951051195462544,1
3206,48051,21.96798250057502,30,0.429394375,1.6552321399961198,0
3207,48076,17.777936021556865,25,0.4290975,1.448190689086914,1
3208,48106,21.606972869100034,30,0.4287412500000001,1.8222846133368356,0
3209,48136,22.75041222612268,30,0.428385,1.7143222838640213,0
3210,48166,21.146841687427067,30,0.42802874999999996,1.4342284032276698,0
3211,48196,22.192103178537415,30,0.4276725,1.8325212448835373,0
3212,48215,14.531851206719997,19,0.427446875,1.5062678158283234,1
3213,48245,21.739882134583045,30,0.42709062500000006,1.7229703292250633,0
3214,48253,5.565520918891749,8,0.426995625,1.6635193228721619,1
3215,48266,11.396027227691418,13,0.42684125000000006,1.5959632794062297,1
3216,48296,21.75635126457459,30,0.426485,2.1848798394203186,0
3217,48323,19.747663383776707,27,0.42616437500000004,1.7083677450815837,1
3218,48353,22.27377612904144,30,0.425808125,1.4893774688243866,0
3219,48383,22.07394784755572,30,0.42545187500000003,1.5530994534492493,0
3220,48391,5.597624501634209,8,0.42535687499999997,1.6006184816360474,1
3221,48421,23.073733228017254,30,0.425000625,1.7989338487386703,0
3222,48451,23.27962965114141,30,0.42464437499999996,1.3130464383534022,0
3223,48461,6.372764443130359,10,0.424525625,2.3025029500325522,1
3224,48474,8.954701802306833,13,0.42437125,2.2869359254837036,1
3225,48480,4.04739228638702,6,0.4243,1.0090691447257996,1
3226,48492,8.53286967629338,12,0.4241575000000001,1.3324963649113972,1
3227,48522,22.66742521527667,30,0.42380125,1.6245599814823695,0
3228,48532,6.5747865490294,10,0.42368249999999996,1.5117616653442383,1
3229,48558,19.660033457863513,26,0.42337375,1.7771429419517517,1
3230,48588,22.641998471746295,30,0.42301750000000005,1.452946476638317,0
3231,48595,5.159891279857715,7,0.4229343750000001,2.3140461444854736,1
3232,48607,8.097518521863394,12,0.42279187500000004,1.5071999629338582,1
3233,48637,23.9069519065623,30,0.4224356250000001,1.9632407128810883,0
3234,48667,22.08147625429152,30,0.42207937500000003,1.6861908776419503,0
3235,48697,21.381547670339057,30,0.4217231250000001,1.9733343720436096,0
3236,48727,23.324491650088838,30,0.42136687500000003,1.8809702396392822,0
3237,48757,21.20939624026108,30,0.42101062499999997,1.5536918714642525,0
3238,48787,20.656979859131123,30,0.420654375,1.9470851251057215,0
3239,48817,20.693181818181827,30,0.42029812499999997,1.6862556338310242,0
3240,48847,22.72138636820351,30,0.419941875,1.5671416010175432,0
3241,48877,21.72541435705957,30,0.4195856250000001,1.645416870713234,0
3242,48907,21.968051741558643,30,0.419229375,1.7310572266578674,0
3243,48919,10.553243792832939,12,0.4190868750000001,1.073348085085551,1
3244,48926,5.563138252628154,7,0.41900375,1.1682716012001038,1
3245,48956,21.766788704611397,30,0.41864750000000006,1.3354000747203827,0
3246,48962,4.955064039787177,6,0.41857625,1.1966897249221802,1
3247,48992,21.410460749502995,30,0.4182199999999999,1.839488923549652,0
3248,49005,9.173921218504915,13,0.418065625,1.2560466130574544,1
3249,49027,15.525980189739077,22,0.417804375,1.7825818419456483,1
3250,49036,6.001704563226306,9,0.41769750000000005,1.8816785017649333,1
3251,49066,21.007965125931086,30,0.41734125,1.4665692108018058,0
3252,49096,23.387367524902423,30,0.41698500000000005,1.768020510673523,0
3253,49126,21.0040701013262,30,0.41662875,1.5996753488268172,0
3254,49139,10.881693059626432,13,0.41647437500000006,1.6925938526789348,1
3255,49148,7.353099597486837,9,0.4163675000000001,1.7606485684712727,1
3256,49160,9.791670364349192,12,0.41622499999999996,1.5851261615753174,1
3257,49174,12.55246672978228,14,0.41605875000000003,2.298260450363159,1
3258,49204,21.848103923748333,30,0.4157025000000001,1.8910759538412094,0
3259,49217,9.801690342880514,13,0.41554812499999993,2.0429012378056846,1
3260,49228,8.322203663759465,11,0.4154175000000001,1.4876574675242107,1
3261,49258,22.022947427220203,30,0.41506125000000005,1.7782511881419591,0
3262,49265,5.9553175636097855,7,0.4149781250000001,1.9873337745666504,1
3263,49272,5.761142009914777,7,0.414895,1.5726767778396606,1
3264,49279,5.557366988956357,7,0.41481187500000005,2.062649965286255,1
3265,49291,8.366650337958061,12,0.414669375,2.034017562866211,1
3266,49321,21.927513255551165,30,0.41431312500000006,2.318723201751709,0
3267,49347,17.98863132146934,26,0.414004375,1.61827618877093,1
3268,49367,15.728274445381642,20,0.413766875,1.6108082294464112,1
3269,49397,21.59900018085777,30,0.41341062500000003,1.3386171609163284,0
3270,49427,20.690946261312185,30,0.413054375,1.7325941494532995,0
3271,49457,22.649899920354926,30,0.412698125,1.6643237695097923,0
3272,49487,20.65118235881483,30,0.4123418750000001,1.6903819952692305,0
3273,49502,11.404169231902841,15,0.41216375000000005,1.343485563993454,1
3274,49524,18.20505110554545,22,0.41190250000000006,1.8940062324206035,1
3275,49554,21.601549757969316,30,0.41154625,1.869733759335109,0
3276,49571,15.198430744652793,17,0.4113443750000001,2.001080572605133,1
3277,49587,10.463690587607902,16,0.41115437499999996,1.8826864957809448,1
3278,49617,20.690963314880637,30,0.410798125,1.7287172824144363,0
3279,49647,22.462204911920296,30,0.41044187500000007,1.5642588649477278,0
3280,49677,21.811421143721137,30,0.410085625,1.284466914832592,0
3281,49685,6.4496085005830475,8,0.40999062500000005,2.0533626079559326,1
3282,49691,4.756112614600217,6,0.409919375,1.5822255611419678,1
3283,49721,21.401527259847168,30,0.40956312500000003,1.5262613743543625,0
3284,49751,22.80399483934851,30,0.40920687499999997,1.516169113772256,0
3285,49781,21.057644503508516,30,0.408850625,1.7825712114572525,0
3286,49798,14.44850635038989,17,0.40864875,1.576337218284607,1
3287,49828,21.37631136342674,30,0.40829250000000006,1.8234241753816605,0
3288,49858,21.641877117235477,30,0.40793625,1.7835759946278162,0
3289,49888,21.478749681248708,30,0.40757999999999994,1.6895417869091034,0
3290,49918,21.24876742737482,30,0.4072237500000001,1.4232894778251648,0
3291,49948,23.752345132975545,30,0.40686750000000005,1.4877172410488129,0
3292,49978,26.445128592579703,30,0.4065112500000001,1.605926445552281,0
